chr1	713814	714365
chr1	927687	928258
chr1	935491	937763
chr1	999131	1000182
chr1	1136819	1137173
chr1	1550341	1551461
chr1	1623753	1624747
chr1	1677398	1678012
chr1	2143638	2144640
chr1	2343541	2344586
chr1	2574365	2574967
chr1	2628968	2629529
chr1	3418432	3418916
chr1	3572587	3574201
chr1	3592984	3594625
chr1	5516032	5516468
chr1	6051148	6053124
chr1	6253527	6253851
chr1	6259230	6261100
chr1	6550348	6551236
chr1	6844114	6845723
chr1	7277742	7278841
chr1	8021155	8022277
chr1	8227037	8227802
chr1	8663706	8664572
chr1	8708843	8709472
chr1	11071829	11073490
chr1	11122750	11123473
chr1	11538516	11539374
chr1	12106824	12108147
chr1	12111652	12112847
chr1	12221413	12222727
chr1	15068606	15069392
chr1	15071633	15072343
chr1	15438576	15439116
chr1	15742381	15743184
chr1	15743896	15744484
chr1	16291657	16293460
chr1	16339570	16340211
chr1	16870956	16871475
chr1	16970109	16972428
chr1	17003306	17003783
chr1	17534597	17534959
chr1	17862535	17863457
chr1	19228598	19229939
chr1	19495818	19496728
chr1	19785887	19786648
chr1	20452332	20453353
chr1	21058829	21060055
chr1	23089998	23090465
chr1	25071214	25071956
chr1	25356944	25359407
chr1	26002419	26003343
chr1	26437252	26438540
chr1	26455690	26456166
chr1	26496024	26496664
chr1	27815977	27817484
chr1	27985112	27987346
chr1	28099086	28100939
chr1	28525954	28527154
chr1	28624273	28624673
chr1	29211056	29212437
chr1	31904523	31905212
chr1	32331834	32332434
chr1	32356506	32357333
chr1	32403018	32404746
chr1	32756901	32758442
chr1	32859421	32861059
chr1	34826089	34826709
chr1	36620639	36623112
chr1	39456021	39457660
chr1	40132193	40132996
chr1	40282946	40283353
chr1	40652016	40652711
chr1	41469147	41469956
chr1	42824123	42824884
chr1	45251579	45252482
chr1	45965036	45966323
chr1	46572849	46573555
chr1	46597348	46599447
chr1	46768784	46769639
chr1	53124888	53125470
chr1	53315568	53315850
chr1	53878716	53879801
chr1	55436720	55437538
chr1	55911015	55911585
chr1	58570539	58571614
chr1	59039294	59039953
chr1	61364636	61365208
chr1	63087512	63088201
chr1	66865372	66866219
chr1	70969922	70970519
chr1	84464718	84465372
chr1	87082384	87082975
chr1	87914941	87915768
chr1	89506561	89507350
chr1	90135417	90136310
chr1	90823510	90824345
chr1	92341716	92342210
chr1	92343122	92343891
chr1	92864521	92865032
chr1	92975107	92975521
chr1	94876667	94877272
chr1	100541246	100541907
chr1	108477001	108478611
chr1	109093772	109094698
chr1	110166286	110166736
chr1	113243080	113244201
chr1	113573535	113574432
chr1	116191230	116192960
chr1	116920060	116921281
chr1	117140101	117140381
chr1	117604422	117605359
chr1	121200465	121200956
chr1	121357836	121358130
chr1	143278704	143279142
chr1	146643606	146644657
chr1	147013117	147013512
chr1	147071071	147072688
chr1	150038615	150040317
chr1	150585757	150586562
chr1	151319229	151320652
chr1	151467118	151467868
chr1	153327202	153327737
chr1	153570826	153571825
chr1	154908617	154910555
chr1	154933181	154934955
chr1	155531937	155533419
chr1	155658073	155659072
chr1	156195988	156196538
chr1	156457322	156458725
chr1	158084804	158085328
chr1	159091324	159092302
chr1	160231799	160233242
chr1	160369901	160370449
chr1	161713768	161714278
chr1	167631785	167632642
chr1	168378060	168378714
chr1	169107774	169108981
chr1	171575591	171576034
chr1	172500797	172502993
chr1	174126220	174126806
chr1	174784094	174785137
chr1	174881338	174881797
chr1	175221592	175222180
chr1	178242733	178243299
chr1	178994379	178996095
chr1	181096935	181098031
chr1	181158924	181159459
chr1	182397145	182397556
chr1	183558933	183560301
chr1	183572905	183574571
chr1	185605684	185606484
chr1	186163058	186163966
chr1	192485632	192486584
chr1	192528331	192529329
chr1	192774919	192775342
chr1	198610479	198611346
chr1	198633139	198633907
chr1	198637933	198638565
chr1	200323272	200323970
chr1	200835517	200836734
chr1	200849272	200849932
chr1	200859905	200861573
chr1	201140398	201140915
chr1	201374397	201375038
chr1	201865091	201865779
chr1	202003593	202004487
chr1	202587177	202588045
chr1	203621709	203622695
chr1	204476701	204477436
chr1	205263133	205264175
chr1	205308621	205309387
chr1	205569220	205569712
chr1	206603648	206604190
chr1	206942224	206943509
chr1	206957597	206958457
chr1	208004927	208006062
chr1	209920822	209921755
chr1	209924796	209925919
chr1	209957276	209958430
chr1	210497157	210497817
chr1	210520392	210521030
chr1	210566800	210567483
chr1	210637891	210638490
chr1	210771189	210771588
chr1	212081742	212082194
chr1	212107719	212109385
chr1	212113078	212113887
chr1	212407891	212408496
chr1	212739772	212740964
chr1	212851955	212852799
chr1	213046632	213047387
chr1	217803843	217804964
chr1	219362392	219363206
chr1	219638213	219639463
chr1	222816792	222818000
chr1	223914126	223914755
chr1	224556044	224556636
chr1	226547864	226548768
chr1	227183263	227183989
chr1	228352850	228354859
chr1	228966362	228967267
chr1	228977735	228978491
chr1	229322367	229322919
chr1	229576360	229577470
chr1	233511349	233511862
chr1	234032887	234033522
chr1	234406690	234407655
chr1	235061256	235064039
chr1	235146538	235148811
chr1	236260327	236261031
chr1	247038581	247039087
chr1	247573008	247573902
chr10	3239483	3240362
chr10	3269895	3270340
chr10	3826936	3828803
chr10	3853419	3854596
chr10	3893440	3895451
chr10	3917015	3918251
chr10	4045566	4046280
chr10	5904109	5905287
chr10	6017680	6018386
chr10	6177989	6179203
chr10	6182287	6184410
chr10	10911459	10911987
chr10	12084248	12086307
chr10	12349443	12349920
chr10	12658732	12659747
chr10	13377791	13378266
chr10	13928490	13929799
chr10	14497816	14498942
chr10	16807654	16808266
chr10	16820660	16821925
chr10	17258017	17258760
chr10	17274048	17275072
chr10	17553097	17553918
chr10	18687904	18688743
chr10	22597300	22597778
chr10	23664946	23665517
chr10	24671995	24673307
chr10	25236165	25236775
chr10	26719521	26720200
chr10	26775656	26776978
chr10	27026549	27027520
chr10	29947746	29948900
chr10	30799031	30799984
chr10	31296478	31296929
chr10	33798038	33798832
chr10	33846108	33846698
chr10	34663678	34664356
chr10	35378998	35380068
chr10	35630372	35630945
chr10	38336546	38337001
chr10	44796175	44797190
chr10	49486891	49487938
chr10	49544931	49545657
chr10	49599136	49599738
chr10	50260755	50261845
chr10	52191056	52192749
chr10	55891526	55892336
chr10	64286572	64287609
chr10	69532517	69533400
chr10	70459190	70459485
chr10	70715147	70717390
chr10	70855600	70856459
chr10	71712526	71713282
chr10	72114676	72115940
chr10	72237077	72238002
chr10	73595596	73596608
chr10	73734070	73734725
chr10	73922685	73923198
chr10	74019965	74021736
chr10	74397216	74397642
chr10	74877618	74878356
chr10	75570540	75571911
chr10	76344679	76346356
chr10	76754422	76755109
chr10	78384118	78384848
chr10	79597064	79597792
chr10	79804930	79805564
chr10	80389951	80391140
chr10	81045681	81046895
chr10	81077231	81078272
chr10	81300672	81300980
chr10	81978725	81979110
chr10	82230897	82232795
chr10	82300458	82301579
chr10	88699223	88699632
chr10	88844124	88844780
chr10	90030480	90031961
chr10	93860729	93861547
chr10	93970814	93971494
chr10	96351251	96352211
chr10	97191441	97192332
chr10	99078291	99079295
chr10	99093045	99093629
chr10	99094067	99095313
chr10	99496474	99497749
chr10	101698154	101698916
chr10	103124360	103124767
chr10	103577713	103579287
chr10	104884934	104886242
chr10	109201634	109202470
chr10	109774175	109775137
chr10	110118522	110119043
chr10	111845567	111846002
chr10	111948174	111948568
chr10	111981361	111982535
chr10	112115667	112117960
chr10	112201344	112202000
chr10	112259779	112262405
chr10	112326733	112327916
chr10	112533280	112534717
chr10	112601441	112602175
chr10	113963020	113963552
chr10	115441354	115442395
chr10	116285977	116287228
chr10	116584931	116586104
chr10	116852779	116853283
chr10	119412168	119413191
chr10	119422661	119423738
chr10	120457858	120458484
chr10	120879780	120880732
chr10	121074713	121075465
chr10	121255650	121256253
chr10	121463691	121465400
chr10	121468451	121468924
chr10	124133622	124135489
chr10	124739646	124740573
chr10	125794782	125796101
chr10	126302602	126303326
chr10	126339237	126339942
chr10	126376957	126378044
chr10	126406048	126408443
chr10	127511251	127512478
chr10	130262559	130263120
chr10	131938539	131939339
chr10	133473372	133474045
chr10	134133531	134134110
chr10	134177793	134178172
chr10	134350557	134351290
chr10	134384609	134386400
chr10	134388495	134389804
chr10	135072685	135073184
chr10	135202384	135204033
chr10	135471759	135472032
chr11	268706	270121
chr11	567859	569379
chr11	575978	576758
chr11	585411	585612
chr11	615669	616356
chr11	842032	843238
chr11	910532	911661
chr11	1593266	1593876
chr11	3070962	3071691
chr11	4720811	4721316
chr11	7692855	7693457
chr11	8349121	8350158
chr11	8350308	8350794
chr11	9081602	9083011
chr11	9484565	9485185
chr11	10319858	10320408
chr11	12195811	12196667
chr11	12695475	12696193
chr11	16923501	16924281
chr11	18268448	18268954
chr11	18637449	18638165
chr11	18789831	18790924
chr11	18791376	18791901
chr11	19431515	19432023
chr11	19463501	19464641
chr11	21468689	21469178
chr11	27180233	27180853
chr11	27340500	27341143
chr11	33782917	33783513
chr11	33797106	33797847
chr11	34255361	34256362
chr11	34265235	34266332
chr11	35412405	35413259
chr11	36375819	36376423
chr11	37525326	37526160
chr11	42861848	42862674
chr11	43890062	43891103
chr11	45124214	45125273
chr11	45920991	45921757
chr11	47290059	47291930
chr11	48128583	48129229
chr11	48892863	48893286
chr11	50489945	50490131
chr11	51250233	51250602
chr11	55425391	55426307
chr11	55426911	55427185
chr11	56483689	56484163
chr11	57102344	57103960
chr11	57192139	57193731
chr11	57314463	57315101
chr11	57416443	57417601
chr11	57434254	57436190
chr11	58414437	58415427
chr11	60076755	60077487
chr11	60682486	60683552
chr11	61037827	61038400
chr11	61523354	61525279
chr11	62012666	62013263
chr11	62063006	62063514
chr11	63398573	63399386
chr11	64084061	64084487
chr11	64099046	64099928
chr11	64626882	64627451
chr11	64691238	64692675
chr11	64900619	64903257
chr11	65188162	65191483
chr11	65238802	65239956
chr11	65355326	65356637
chr11	65406877	65407609
chr11	65559045	65559608
chr11	65667543	65668523
chr11	65686670	65687137
chr11	66034397	66035458
chr11	66610293	66611288
chr11	67035462	67036391
chr11	67236501	67237371
chr11	68933807	68934557
chr11	70170377	70171041
chr11	72523584	72526441
chr11	72851595	72854848
chr11	73035619	73037032
chr11	73490115	73491284
chr11	74292104	74292735
chr11	75478955	75480148
chr11	75484520	75485355
chr11	75619110	75620653
chr11	76087588	76088162
chr11	77184808	77186005
chr11	78176444	78177076
chr11	81674056	81674335
chr11	82611110	82613180
chr11	82689068	82690241
chr11	82838028	82838653
chr11	84000173	84001059
chr11	85925473	85926327
chr11	85954964	85956726
chr11	86003825	86004444
chr11	88086998	88087813
chr11	90434189	90434673
chr11	91028671	91029228
chr11	91033028	91033729
chr11	94202283	94203076
chr11	95845903	95846241
chr11	95947832	95949209
chr11	100796484	100797241
chr11	102216437	102218187
chr11	102238932	102239703
chr11	102481789	102482508
chr11	107549658	107550548
chr11	107711044	107712058
chr11	108092660	108095421
chr11	108535164	108536050
chr11	109734481	109736099
chr11	110219984	110220992
chr11	113545349	113546172
chr11	115092924	115093685
chr11	115456093	115456732
chr11	117031431	117031834
chr11	117699085	117699911
chr11	117868045	117869449
chr11	118690869	118692103
chr11	118742842	118743936
chr11	118867607	118868143
chr11	119721494	119722247
chr11	120119020	120120022
chr11	120580200	120581020
chr11	123323361	123324086
chr11	123631478	123631967
chr11	124587166	124588324
chr11	125932485	125933499
chr11	126273487	126274044
chr11	128188618	128189255
chr11	128835373	128835926
chr11	129830014	129830579
chr11	129871197	129874002
chr11	131762305	131763624
chr11	132227361	132228909
chr12	1090350	1090862
chr12	1663367	1664304
chr12	1702886	1704649
chr12	3936304	3937202
chr12	6276311	6277434
chr12	6387656	6388402
chr12	6744456	6745316
chr12	8379606	8380140
chr12	8781953	8782867
chr12	8796658	8798121
chr12	8800947	8802057
chr12	9149137	9149791
chr12	9516829	9518060
chr12	10364833	10365818
chr12	10765671	10766973
chr12	11721504	11722342
chr12	12639178	12640303
chr12	12715078	12716646
chr12	12798569	12799373
chr12	12956012	12956732
chr12	13052310	13053212
chr12	14373710	14374495
chr12	18318237	18319018
chr12	20046883	20047462
chr12	20047498	20048281
chr12	22562248	22563078
chr12	23503450	23504197
chr12	25104397	25105369
chr12	25207625	25208301
chr12	25260331	25261327
chr12	25486595	25487209
chr12	26427420	26428273
chr12	26451177	26452997
chr12	26470958	26472142
chr12	26881598	26882596
chr12	29317443	29318210
chr12	29845062	29845679
chr12	31226508	31227253
chr12	31899600	31900275
chr12	31901767	31902678
chr12	31916079	31916481
chr12	33059432	33060078
chr12	33582427	33582909
chr12	34417081	34417446
chr12	38448604	38449180
chr12	38535604	38536096
chr12	38536515	38537025
chr12	38744044	38745216
chr12	40707677	40708311
chr12	42693296	42694240
chr12	44586724	44587593
chr12	46867312	46868005
chr12	48206226	48207436
chr12	49362278	49362796
chr12	49463183	49464481
chr12	50617910	50618490
chr12	50640740	50641482
chr12	50793873	50795266
chr12	52462757	52464346
chr12	52510381	52510747
chr12	53886548	53887668
chr12	54019258	54020825
chr12	54378521	54379362
chr12	55328996	55329606
chr12	56223861	56225221
chr12	56521087	56523745
chr12	56551491	56552616
chr12	56966399	56967042
chr12	57673791	57674799
chr12	62653570	62655313
chr12	64586351	64587436
chr12	64614965	64616798
chr12	65053899	65055071
chr12	66150533	66151338
chr12	68104289	68104747
chr12	68767532	68768776
chr12	76328025	76328858
chr12	78209852	78210421
chr12	78654679	78655111
chr12	78800474	78801120
chr12	81286797	81287194
chr12	82751855	82752937
chr12	82832071	82832619
chr12	89739957	89740650
chr12	90149923	90151270
chr12	90159680	90160366
chr12	92172275	92173462
chr12	94240923	94242497
chr12	94699112	94699785
chr12	95034091	95034776
chr12	96896015	96896928
chr12	99830370	99830862
chr12	99923612	99924156
chr12	100660630	100661836
chr12	102212975	102213571
chr12	103169638	103170246
chr12	103898916	103900001
chr12	104318615	104319695
chr12	104531660	104532801
chr12	104850144	104851511
chr12	105035430	105036269
chr12	105134183	105135133
chr12	105324258	105325064
chr12	106466951	106467405
chr12	106478944	106479750
chr12	106696191	106697429
chr12	108962279	108963341
chr12	109248154	109249397
chr12	110390104	110390634
chr12	110436127	110437923
chr12	110480820	110481464
chr12	110969266	110970181
chr12	111840739	111841575
chr12	111881891	111883197
chr12	112279057	112280165
chr12	112740867	112741431
chr12	112819614	112820820
chr12	112934189	112934766
chr12	113622244	113624156
chr12	114399834	114400708
chr12	117256240	117257630
chr12	118473201	118473862
chr12	118604554	118605301
chr12	121123508	121125124
chr12	121597214	121597816
chr12	121960663	121961151
chr12	122027968	122029309
chr12	122097882	122098449
chr12	122429985	122430748
chr12	122650803	122651646
chr12	123205640	123206183
chr12	123380287	123381213
chr12	123477612	123478515
chr12	123604233	123604832
chr12	123849209	123850608
chr12	124296378	124296958
chr12	124950500	124951437
chr12	125029906	125031047
chr12	125197895	125198675
chr12	125400817	125402895
chr12	125403462	125405414
chr12	127256525	127257423
chr12	131365014	131365525
chr13	21102052	21103122
chr13	21904532	21905407
chr13	22735929	22736615
chr13	24540518	24541599
chr13	25309044	25309456
chr13	29097988	29098646
chr13	29113648	29114675
chr13	29181257	29182099
chr13	29281974	29282757
chr13	30117371	30117855
chr13	30989532	30990251
chr13	31318133	31319077
chr13	31741611	31742840
chr13	32504748	32505690
chr13	32539563	32540627
chr13	33720793	33721918
chr13	34730915	34731691
chr13	36825730	36826035
chr13	41018999	41020188
chr13	41250006	41250582
chr13	41592989	41593911
chr13	42951533	42953061
chr13	42986477	42988176
chr13	44507445	44508019
chr13	47118236	47118849
chr13	49405383	49405928
chr13	50698325	50698928
chr13	50705107	50705812
chr13	50810867	50811609
chr13	53225850	53228311
chr13	60308469	60308922
chr13	66712147	66713131
chr13	68090000	68090522
chr13	69162806	69163267
chr13	70521835	70522824
chr13	70617520	70618209
chr13	71094494	71094788
chr13	74498535	74499023
chr13	74719249	74719835
chr13	76111384	76112609
chr13	76123180	76124398
chr13	77565202	77566593
chr13	77963566	77964253
chr13	78472078	78472732
chr13	80622683	80623490
chr13	99128523	99129181
chr13	99201619	99202675
chr13	99248509	99249085
chr13	100194840	100195600
chr13	101910338	101910961
chr13	105112818	105113315
chr13	110647943	110648270
chr13	111123203	111124573
chr13	111263446	111264555
chr13	111617273	111618201
chr13	113840270	113840885
chr13	114633678	114634768
chr14	21571303	21573096
chr14	22314237	22314718
chr14	22932987	22934370
chr14	23024284	23026763
chr14	29300196	29300756
chr14	32406736	32407455
chr14	32675072	32676567
chr14	34033881	34034826
chr14	34329101	34329605
chr14	34512718	34513557
chr14	34521116	34521600
chr14	36325005	36325837
chr14	39643800	39644998
chr14	39735132	39736809
chr14	39900327	39902438
chr14	45602747	45604470
chr14	47238386	47239387
chr14	49016238	49016682
chr14	50052441	50053389
chr14	50549588	50550938
chr14	51091105	51091569
chr14	52117680	52118658
chr14	52339718	52340756
chr14	53777002	53777448
chr14	55347787	55348426
chr14	56046367	56047090
chr14	57045981	57047566
chr14	57527074	57527785
chr14	58213269	58213699
chr14	59278694	59279645
chr14	59741415	59743697
chr14	60678777	60680297
chr14	60714424	60716048
chr14	63944756	63945609
chr14	64330968	64331577
chr14	66104303	66104966
chr14	67511192	67511723
chr14	68085974	68086833
chr14	68146397	68147292
chr14	68699292	68700007
chr14	69129962	69131284
chr14	69161534	69162802
chr14	70059997	70060550
chr14	70142308	70143188
chr14	70940438	70941265
chr14	71963933	71965607
chr14	72631036	72631692
chr14	72942613	72944293
chr14	73931328	73932767
chr14	75348028	75349551
chr14	75744804	75746378
chr14	77411699	77411992
chr14	77425418	77426103
chr14	83999955	84000415
chr14	86470317	86470821
chr14	89065547	89066695
chr14	92587400	92589331
chr14	92724803	92725929
chr14	93142646	93144156
chr14	93234423	93234933
chr14	94425356	94427047
chr14	95731707	95732354
chr14	95829666	95830597
chr14	95961525	95962486
chr14	100070414	100071299
chr14	100184375	100185383
chr14	103072692	103073087
chr14	103557390	103558308
chr14	104059481	104060442
chr14	104094613	104095951
chr14	105536046	105537589
chr14	106048218	106048764
chr14	106167027	106167612
chr15	26020156	26020826
chr15	38360670	38361730
chr15	38534213	38534729
chr15	39745904	39746474
chr15	40074754	40075630
chr15	40407588	40408667
chr15	40615075	40616552
chr15	41047170	41047886
chr15	41163587	41165283
chr15	42186727	42187385
chr15	44600567	44601619
chr15	44828010	44830008
chr15	45076325	45077138
chr15	45174495	45175629
chr15	45748395	45749323
chr15	48623025	48625335
chr15	50682640	50683268
chr15	52305292	52306041
chr15	52313198	52313892
chr15	54639607	54640224
chr15	54868729	54869227
chr15	57078970	57079641
chr15	58749496	58750209
chr15	61342060	61342746
chr15	61349495	61350062
chr15	63469231	63469921
chr15	64188454	64190196
chr15	64436759	64437466
chr15	64454859	64456161
chr15	64538816	64539465
chr15	64539536	64540971
chr15	64736107	64736932
chr15	64926096	64927526
chr15	65117234	65118676
chr15	65176053	65176630
chr15	65183658	65187630
chr15	67393053	67395388
chr15	67546473	67547538
chr15	68253722	68254829
chr15	69971828	69972498
chr15	72765893	72767014
chr15	74803683	74804963
chr15	74833964	74834703
chr15	75161541	75162857
chr15	75335006	75336701
chr15	75396991	75397823
chr15	76016004	76016657
chr15	76473623	76474586
chr15	76867473	76868201
chr15	78177185	78178033
chr15	78594245	78595356
chr15	79296179	79297487
chr15	79965575	79966212
chr15	81315699	81316574
chr15	81344337	81344810
chr15	81593936	81594972
chr15	82824896	82825098
chr15	83500942	83501960
chr15	85457889	85459314
chr15	85861379	85862225
chr15	89010097	89011956
chr15	89181341	89183750
chr15	89786669	89788126
chr15	89877398	89879145
chr15	90394695	90395393
chr15	90581364	90582335
chr15	91537157	91538439
chr15	92704152	92704864
chr15	94849759	94851039
chr15	96777152	96778156
chr15	100051656	100053282
chr15	101678974	101679968
chr15	101727725	101729201
chr16	574944	576724
chr16	717690	718536
chr16	790467	791648
chr16	1401341	1402154
chr16	1428699	1429879
chr16	2040166	2040609
chr16	2254688	2256104
chr16	2563238	2564548
chr16	3767390	3768407
chr16	3837947	3838728
chr16	4021295	4021718
chr16	4303515	4304457
chr16	4511047	4511933
chr16	4664570	4665302
chr16	4674025	4675218
chr16	6724116	6724353
chr16	8301371	8301712
chr16	8985075	8986852
chr16	9141572	9142258
chr16	9221390	9222395
chr16	10831094	10833126
chr16	10964478	10965549
chr16	11266652	11267090
chr16	11269646	11270214
chr16	11274152	11275051
chr16	12895494	12896161
chr16	13535476	13536054
chr16	14101245	14101775
chr16	14493131	14494009
chr16	15068182	15069287
chr16	15736167	15738387
chr16	15993466	15994004
chr16	16293214	16293795
chr16	17352499	17353925
chr16	17366944	17367365
chr16	18606282	18606690
chr16	18957127	18957809
chr16	20876718	20877896
chr16	20911377	20913151
chr16	21565881	21567204
chr16	21963834	21965414
chr16	22364828	22365255
chr16	23304229	23304889
chr16	23680881	23681992
chr16	24549824	24551809
chr16	27265314	27265989
chr16	27560961	27562312
chr16	29302137	29302554
chr16	29655594	29657410
chr16	29873839	29875597
chr16	29972709	29974090
chr16	30482009	30482932
chr16	30884273	30885063
chr16	31082750	31085035
chr16	31190149	31192543
chr16	31888491	31890083
chr16	33240917	33241308
chr16	33293741	33294455
chr16	33955134	33962157
chr16	46406471	46406722
chr16	46435213	46436829
chr16	48134740	48135657
chr16	48492253	48492848
chr16	50299985	50300943
chr16	50769546	50770581
chr16	51611328	51612301
chr16	57373324	57374149
chr16	57571395	57572527
chr16	57843815	57844803
chr16	58277237	58277998
chr16	58551720	58553034
chr16	64986121	64986481
chr16	66555611	66556685
chr16	67277968	67278763
chr16	67563931	67564826
chr16	67693961	67695065
chr16	67850242	67850879
chr16	68789945	68791146
chr16	69599322	69601502
chr16	70099563	70100329
chr16	70285735	70286374
chr16	71641989	71642868
chr16	73322956	73323768
chr16	76209996	76210408
chr16	76839002	76839716
chr16	78775995	78776874
chr16	79320699	79321472
chr16	80613719	80614870
chr16	81040094	81041502
chr16	82687166	82688327
chr16	83986500	83987136
chr16	84627464	84628638
chr16	85922218	85922930
chr16	86587970	86589334
chr16	88079401	88080061
chr16	88273748	88274008
chr16	88298486	88298939
chr16	88509164	88510025
chr16	88521658	88523197
chr16	88772450	88773148
chr16	88869734	88870448
chr16	89086499	89087214
chr16	89390472	89391243
chr16	89766407	89767235
chr16	89830570	89832191
chr16	90061426	90062670
chr17	1465496	1466510
chr17	1933278	1933683
chr17	1973196	1974682
chr17	2156829	2157770
chr17	3666398	3667095
chr17	3699375	3700446
chr17	3707739	3708111
chr17	4046064	4048108
chr17	4278041	4279185
chr17	4847337	4849436
chr17	6013658	6014259
chr17	6915303	6916338
chr17	6926522	6927357
chr17	7343212	7344708
chr17	7386447	7388856
chr17	7588956	7592218
chr17	7742855	7743880
chr17	7834954	7835945
chr17	8092929	8094218
chr17	8099175	8100054
chr17	8842619	8843867
chr17	15734502	15734944
chr17	15862041	15862944
chr17	16070065	16070441
chr17	16311240	16312224
chr17	16341360	16343023
chr17	16867877	16868490
chr17	17082617	17083293
chr17	17138776	17141326
chr17	17722788	17723456
chr17	18274650	18275327
chr17	18275370	18276080
chr17	18684253	18684805
chr17	19206365	19207184
chr17	19366521	19367048
chr17	20552430	20552858
chr17	20945792	20947584
chr17	25568265	25569204
chr17	25659154	25660901
chr17	25680502	25681372
chr17	25798045	25799653
chr17	25905488	25906739
chr17	26382490	26383449
chr17	26662162	26662886
chr17	26810752	26812046
chr17	26906425	26906945
chr17	29421094	29422077
chr17	29907592	29908113
chr17	31827047	31827590
chr17	33468608	33469894
chr17	33914048	33915156
chr17	34135368	34137208
chr17	34360231	34361707
chr17	34416763	34418299
chr17	34430420	34431437
chr17	36954869	36956668
chr17	37355928	37357089
chr17	40438482	40440812
chr17	40539965	40541543
chr17	40856590	40857555
chr17	41855459	41856039
chr17	42215258	42216000
chr17	42425443	42426473
chr17	43140548	43141164
chr17	43224052	43227102
chr17	43229200	43229657
chr17	43384572	43385354
chr17	43389150	43390853
chr17	43490734	43491281
chr17	44680604	44680811
chr17	46588102	46589220
chr17	46969432	46970676
chr17	47419489	47420285
chr17	48225130	48226935
chr17	48248324	48248838
chr17	48360573	48361286
chr17	49337024	49338688
chr17	55540381	55541381
chr17	56064733	56066431
chr17	56401354	56402943
chr17	56414058	56416952
chr17	56429177	56430205
chr17	56692730	56693803
chr17	57078439	57079272
chr17	57863642	57864640
chr17	58041570	58042780
chr17	59693146	59693802
chr17	59827591	59828422
chr17	60730729	60731470
chr17	61926020	61927001
chr17	62631590	62632682
chr17	62915352	62915952
chr17	62981135	62982884
chr17	63009947	63010516
chr17	63652577	63653769
chr17	64259975	64260638
chr17	64648965	64649783
chr17	65527373	65528229
chr17	65821191	65821772
chr17	66493971	66494791
chr17	67499623	67500415
chr17	68133486	68134026
chr17	68361110	68361807
chr17	70415742	70421094
chr17	72206338	72206935
chr17	72509891	72511525
chr17	73042383	73043559
chr17	73293384	73294102
chr17	73311836	73312388
chr17	74230268	74230826
chr17	74260462	74261742
chr17	74820177	74820627
chr17	75229731	75230504
chr17	75242745	75243883
chr17	75456020	75457166
chr17	76150888	76151666
chr17	76352239	76352981
chr17	76554223	76554946
chr17	77777936	77778841
chr17	78232409	78233080
chr17	78830116	78831047
chr17	79818502	79819693
chr17	79894490	79895669
chr17	79935179	79936069
chr17	80231164	80231760
chr17	80255054	80256834
chr17	80821554	80822570
chr18	505131	506009
chr18	657140	659019
chr18	2316056	2316595
chr18	2659268	2659814
chr18	2978037	2979582
chr18	3152924	3154008
chr18	3246959	3248280
chr18	3256580	3257481
chr18	3261118	3262656
chr18	3473079	3473656
chr18	5974675	5975792
chr18	6004632	6005131
chr18	7952831	7954075
chr18	8549849	8550646
chr18	9135478	9138078
chr18	10628944	10629446
chr18	11325079	11325737
chr18	12308495	12309099
chr18	12803245	12803821
chr18	13019190	13019761
chr18	13375102	13375858
chr18	13726072	13726933
chr18	19654672	19655006
chr18	20810624	20812651
chr18	20863858	20864513
chr18	20957582	20958170
chr18	23668533	23671287
chr18	28810476	28810947
chr18	28846730	28847109
chr18	29228770	29229600
chr18	34218103	34218922
chr18	34586657	34587106
chr18	36520259	36522243
chr18	42289646	42290314
chr18	42777138	42778090
chr18	43830084	43831159
chr18	44471503	44472153
chr18	44646748	44647377
chr18	46250178	46250715
chr18	46687536	46688790
chr18	47424665	47425217
chr18	47626047	47626902
chr18	48539630	48540018
chr18	49181287	49182235
chr18	49265389	49266094
chr18	51788355	51789323
chr18	51811185	51811977
chr18	52988737	52990222
chr18	53779475	53780018
chr18	54199347	54200331
chr18	54376509	54377063
chr18	55415891	55416351
chr18	55504935	55505943
chr18	60330948	60331757
chr18	60745314	60746744
chr18	61636957	61637506
chr18	67615896	67617112
chr18	72162891	72164274
chr18	74076142	74077154
chr18	74531584	74532165
chr18	76828000	76829676
chr18	76865365	76865962
chr18	76916533	76917162
chr18	77467695	77468374
chr18	77866400	77867230
chr18	77937665	77938204
chr18	77959896	77961253
chr19	246660	247551
chr19	948990	949614
chr19	996282	996709
chr19	1099393	1100156
chr19	1102359	1103011
chr19	1239928	1240630
chr19	1490149	1491477
chr19	1940581	1941214
chr19	2163399	2164913
chr19	2260242	2260765
chr19	2543393	2544313
chr19	2579383	2579915
chr19	2819415	2820134
chr19	2961920	2962568
chr19	3133192	3133824
chr19	3499958	3501345
chr19	4108688	4109740
chr19	4723198	4724357
chr19	5321919	5322713
chr19	5340546	5341012
chr19	6736006	6738905
chr19	6947485	6948253
chr19	7197703	7198741
chr19	7452245	7452730
chr19	7514786	7516119
chr19	7716809	7717544
chr19	7808199	7808861
chr19	7872261	7872848
chr19	8454143	8455699
chr19	8633875	8634503
chr19	9694845	9695629
chr19	10044431	10045298
chr19	10304411	10306249
chr19	10341043	10342611
chr19	10442837	10444726
chr19	10519328	10519963
chr19	10526708	10528079
chr19	10535865	10536404
chr19	10986968	10988067
chr19	11205270	11206245
chr19	11206749	11207296
chr19	11316494	11317108
chr19	11646743	11647559
chr19	11664801	11665487
chr19	12099065	12100043
chr19	12847430	12848797
chr19	12899271	12901602
chr19	12911971	12913249
chr19	13001337	13002545
chr19	13210588	13211532
chr19	13907477	13908102
chr19	13972148	13973400
chr19	14116999	14118224
chr19	14494337	14495494
chr19	14606897	14607560
chr19	14639613	14640343
chr19	14695863	14696380
chr19	16230239	16230750
chr19	16423751	16424198
chr19	17185775	17186705
chr19	17245955	17246889
chr19	17792162	17792754
chr19	17886183	17887745
chr19	18197294	18198133
chr19	18314522	18315760
chr19	18391674	18393229
chr19	18654659	18655524
chr19	19521511	19522102
chr19	20627199	20627692
chr19	21211185	21211660
chr19	28078193	28078499
chr19	28558749	28559679
chr19	29234833	29235374
chr19	30327215	30328381
chr19	33726094	33726817
chr19	35738143	35740504
chr19	36036291	36037443
chr19	36103282	36104160
chr19	36119320	36120688
chr19	36133851	36135107
chr19	36201703	36202786
chr19	36869297	36870404
chr19	38826121	38826646
chr19	39047781	39048415
chr19	39881077	39882506
chr19	40790063	40791989
chr19	41168588	41169427
chr19	42720878	42722418
chr19	42772060	42773506
chr19	42806014	42807505
chr19	42900708	42901440
chr19	42926571	42928608
chr19	44139085	44139679
chr19	44961261	44961644
chr19	45194651	45196094
chr19	45908082	45910325
chr19	45958751	45959443
chr19	45970485	45972066
chr19	46008849	46011091
chr19	46133817	46134267
chr19	46273517	46274322
chr19	46502824	46503414
chr19	46766090	46766557
chr19	47103209	47104871
chr19	47615198	47617462
chr19	47728842	47730120
chr19	47744083	47744881
chr19	47799349	47799754
chr19	48281247	48282358
chr19	48828963	48829703
chr19	49077835	49078475
chr19	49099809	49100755
chr19	49139806	49142613
chr19	49378309	49379426
chr19	49481936	49482667
chr19	49621814	49622767
chr19	49648697	49649942
chr19	49652557	49654291
chr19	50178893	50180930
chr19	50316030	50317369
chr19	50353758	50355122
chr19	50379131	50381986
chr19	50682529	50682890
chr19	50850379	50851039
chr19	50861692	50862573
chr19	50879182	50880154
chr19	51059747	51060181
chr19	51182437	51183560
chr19	51320592	51321338
chr19	51399790	51401173
chr19	51897061	51898053
chr19	52288252	52288739
chr19	53046173	53046773
chr19	53194836	53195538
chr19	53282090	53282465
chr19	53898146	53898782
chr19	55067569	55068125
chr19	55128102	55128929
chr19	55574067	55575157
chr19	56825008	56827367
chr19	57874430	57875248
chr19	58325783	58326664
chr2	8144438	8144872
chr2	8374305	8375591
chr2	8441975	8442919
chr2	8691745	8692411
chr2	8943987	8944674
chr2	9747975	9748811
chr2	9796047	9796899
chr2	9892692	9893895
chr2	10054598	10055266
chr2	10184030	10184477
chr2	11638645	11639137
chr2	12148579	12149343
chr2	12641526	12642433
chr2	13620058	13620796
chr2	19547374	19548467
chr2	20297606	20298347
chr2	20564979	20565630
chr2	20646300	20647179
chr2	20716357	20717486
chr2	21068108	21068612
chr2	25448909	25449722
chr2	25524157	25525408
chr2	25537253	25537790
chr2	25809376	25810666
chr2	27392668	27393108
chr2	27579033	27580138
chr2	27602653	27604264
chr2	27851006	27852557
chr2	28475119	28476094
chr2	28582017	28582961
chr2	28615086	28615981
chr2	32414736	32415371
chr2	34492001	34492873
chr2	38373566	38374596
chr2	39102550	39103582
chr2	39135226	39135819
chr2	42949505	42950328
chr2	43919552	43920058
chr2	44222912	44223904
chr2	44314007	44314851
chr2	44823526	44824573
chr2	46925385	46926988
chr2	47136511	47137441
chr2	47979441	47980454
chr2	48060419	48060911
chr2	49255162	49256299
chr2	51452448	51453022
chr2	54308595	54309343
chr2	58245974	58246895
chr2	58676637	58677264
chr2	60742676	60743581
chr2	61100437	61100953
chr2	61934905	61935939
chr2	64870200	64870806
chr2	67690961	67691305
chr2	70335783	70336466
chr2	70369369	70370979
chr2	71356848	71358414
chr2	73052900	73053537
chr2	74306836	74307641
chr2	74633018	74633741
chr2	74781183	74782438
chr2	74811127	74811648
chr2	76677056	76678087
chr2	81477386	81477898
chr2	82766316	82766689
chr2	85044292	85044929
chr2	85765579	85767648
chr2	86332274	86333935
chr2	86789576	86791377
chr2	86946703	86947937
chr2	87303296	87304263
chr2	87623581	87624172
chr2	88898985	88900433
chr2	90482116	90482529
chr2	90485140	90485652
chr2	91599321	91599512
chr2	95688005	95688873
chr2	96205450	96206174
chr2	96814106	96815011
chr2	97192016	97193406
chr2	97589804	97590522
chr2	98643344	98644128
chr2	99329927	99330724
chr2	101204391	101205045
chr2	101888476	101889456
chr2	101922997	101924150
chr2	106490076	106491132
chr2	107819431	107820021
chr2	109210186	109211221
chr2	109663410	109664080
chr2	111858045	111859131
chr2	111925695	111926899
chr2	113299082	113300957
chr2	113412835	113413954
chr2	113483354	113484686
chr2	114361525	114362031
chr2	114513813	114514843
chr2	114643921	114645705
chr2	116756625	116757055
chr2	120405021	120405857
chr2	121044717	121045330
chr2	125633017	125633708
chr2	127796996	127797618
chr2	127822025	127822787
chr2	128155497	128156316
chr2	130105223	130105946
chr2	133044212	133044847
chr2	136891651	136892605
chr2	138710040	138710771
chr2	139024714	139025960
chr2	139117023	139117550
chr2	142271356	142272040
chr2	147209344	147210177
chr2	149360739	149361730
chr2	151024161	151024898
chr2	153573361	153575603
chr2	157383514	157384379
chr2	165617770	165618940
chr2	177863960	177864540
chr2	178029074	178029753
chr2	179268171	179269816
chr2	179372085	179372463
chr2	181971057	181972106
chr2	181992749	181993441
chr2	182100684	182101295
chr2	182857494	182857946
chr2	190097306	190097982
chr2	191512806	191513863
chr2	191884731	191886361
chr2	191978806	191979848
chr2	198133823	198134303
chr2	198379597	198381578
chr2	198575188	198575560
chr2	200093640	200094655
chr2	201675598	201678039
chr2	202117182	202117670
chr2	202645346	202646855
chr2	204735887	204736761
chr2	208087449	208088220
chr2	208195440	208196138
chr2	213595533	213596270
chr2	215811661	215812129
chr2	215860644	215861150
chr2	216782602	216783450
chr2	216909433	216910656
chr2	216921277	216921921
chr2	217007056	217008027
chr2	217276743	217277812
chr2	220408003	220409049
chr2	221800537	221801073
chr2	224761368	224762008
chr2	229005671	229006308
chr2	230686569	230687460
chr2	230865093	230865696
chr2	231406601	231407391
chr2	231712550	231713049
chr2	231848705	231850050
chr2	232461700	232462518
chr2	233946093	233947699
chr2	234428431	234429592
chr2	234709794	234710358
chr2	237967193	237968843
chr2	238465757	238466450
chr2	238907080	238907724
chr2	239196903	239198483
chr2	240196656	240197258
chr2	240215628	240216514
chr2	240225767	240226258
chr2	241518836	241519929
chr2	241595661	241596118
chr2	242755063	242755648
chr2	242801068	242802687
chr20	414061	414739
chr20	524094	524943
chr20	633640	634466
chr20	813720	815112
chr20	2082007	2084141
chr20	2632404	2633889
chr20	5019669	5020297
chr20	7211823	7212468
chr20	10427532	10428248
chr20	11247431	11248705
chr20	11435480	11436827
chr20	17806700	17807576
chr20	21055627	21056118
chr20	23341742	23343023
chr20	25614883	25615564
chr20	29518097	29519326
chr20	29592934	29594094
chr20	30200464	30201170
chr20	30423719	30424650
chr20	30457807	30458920
chr20	30511133	30511859
chr20	32319398	32320892
chr20	32580406	32582766
chr20	33145840	33146918
chr20	33307433	33308239
chr20	34203323	34204798
chr20	34481798	34482379
chr20	34541509	34543344
chr20	35807113	35808341
chr20	35919811	35920797
chr20	36660829	36663400
chr20	36723850	36724702
chr20	38785177	38785961
chr20	41181701	41182467
chr20	42218677	42220098
chr20	42379380	42381687
chr20	43274304	43275881
chr20	43991309	43992451
chr20	44047888	44049428
chr20	44599669	44601630
chr20	44987071	44988875
chr20	46102133	46102690
chr20	47355081	47355895
chr20	48246977	48248291
chr20	48286092	48286852
chr20	48315712	48316274
chr20	48954861	48956116
chr20	49460897	49461842
chr20	49574843	49575609
chr20	50016708	50017534
chr20	51970239	51971349
chr20	52620715	52621470
chr20	52824021	52824979
chr20	52961720	52962352
chr20	54191364	54191830
chr20	56055441	56056425
chr20	56194045	56195098
chr20	57463670	57464806
chr20	57581423	57583702
chr20	59577085	59577582
chr20	60717808	60719016
chr20	61371483	61372150
chr20	61640321	61641413
chr20	61641469	61642236
chr20	62151920	62152728
chr20	62580033	62581394
chr21	9696034	9696320
chr21	9879171	9879725
chr21	11082538	11083465
chr21	11102292	11102964
chr21	15905752	15906915
chr21	16810151	16810779
chr21	18983559	18984404
chr21	19191012	19192868
chr21	20716056	20716464
chr21	23595741	23596128
chr21	26548714	26549806
chr21	32090443	32091059
chr21	32390597	32391058
chr21	32881767	32882598
chr21	34863520	34864492
chr21	35347682	35349287
chr21	35756236	35756828
chr21	36237605	36238806
chr21	38531274	38531760
chr21	42733081	42734941
chr21	43422319	43423450
chr21	43834784	43836247
chr21	44219508	44220133
chr21	44393608	44394860
chr21	44788555	44789400
chr21	45195288	45196827
chr21	45574434	45575915
chr21	45615678	45616882
chr21	46628828	46629322
chr21	47034764	47035736
chr21	47238289	47239512
chr22	17717794	17718487
chr22	18261791	18263911
chr22	18483728	18484934
chr22	18538794	18540075
chr22	18540289	18541096
chr22	18879895	18880262
chr22	18880537	18880771
chr22	19419139	19420367
chr22	19466163	19467538
chr22	20978162	20979063
chr22	21212863	21213891
chr22	21941998	21942886
chr22	24129417	24130502
chr22	25794133	25795066
chr22	26047238	26047736
chr22	26145560	26146189
chr22	26828495	26828947
chr22	27006027	27006844
chr22	28291400	28292884
chr22	29372342	29373034
chr22	29663245	29665274
chr22	30661321	30662677
chr22	32340055	32340856
chr22	36519777	36520443
chr22	37414852	37416293
chr22	37558229	37561063
chr22	37941038	37941748
chr22	38004134	38005751
chr22	38028541	38031018
chr22	38278929	38279251
chr22	38597245	38598355
chr22	38656196	38657021
chr22	39051934	39053220
chr22	39096389	39097858
chr22	39378020	39378842
chr22	39380237	39381616
chr22	39650816	39651332
chr22	39897887	39898735
chr22	40305904	40306510
chr22	41031842	41033277
chr22	41252566	41253671
chr22	41464958	41465514
chr22	41842302	41843532
chr22	42227826	42230025
chr22	42426898	42427818
chr22	42573320	42573882
chr22	42929406	42929860
chr22	43284943	43285888
chr22	45078866	45079701
chr22	45080327	45081166
chr22	45630885	45631750
chr22	45650758	45651662
chr22	45675330	45676234
chr22	46167870	46169153
chr22	46982962	46983597
chr22	47365219	47366066
chr22	50364021	50364837
chr22	50455222	50455977
chr22	51058795	51061169
chr3	3167817	3169382
chr3	5018596	5022591
chr3	5048080	5049053
chr3	5093390	5093954
chr3	8671124	8671660
chr3	8706823	8707714
chr3	9436977	9440044
chr3	9690413	9691725
chr3	9788825	9789342
chr3	9833503	9835606
chr3	9974460	9976258
chr3	10028927	10029363
chr3	10262216	10262883
chr3	11313444	11314583
chr3	11887749	11888879
chr3	14185796	14186547
chr3	14430640	14431281
chr3	14473108	14474405
chr3	16630701	16631949
chr3	17088533	17089668
chr3	17185810	17186496
chr3	17193007	17193918
chr3	23781975	23782471
chr3	27421854	27422361
chr3	28122829	28123606
chr3	29725063	29725685
chr3	30681161	30681961
chr3	30696450	30697419
chr3	31044010	31044765
chr3	32510850	32511892
chr3	32725833	32727024
chr3	38548340	38549083
chr3	42003296	42004498
chr3	44040303	44041120
chr3	44042050	44042487
chr3	44086461	44088027
chr3	44379008	44380636
chr3	45883334	45884026
chr3	45905874	45906737
chr3	45925838	45926881
chr3	45956846	45958369
chr3	48513863	48515273
chr3	48700221	48700641
chr3	48700882	48702202
chr3	49026902	49027742
chr3	49481370	49481874
chr3	49532389	49532819
chr3	50310149	50310682
chr3	50358109	50359646
chr3	50373947	50375754
chr3	52321531	52322332
chr3	52347277	52348311
chr3	56951418	56952724
chr3	58163348	58164196
chr3	58291664	58292597
chr3	59371869	59372770
chr3	60541283	60542000
chr3	60685612	60686104
chr3	61167511	61167956
chr3	62223533	62224699
chr3	66519218	66520229
chr3	69046932	69047540
chr3	72522259	72522978
chr3	73916713	73917008
chr3	76717688	76718165
chr3	79068135	79069264
chr3	81809866	81811307
chr3	86306936	86307522
chr3	99224467	99225329
chr3	99366910	99367972
chr3	101405278	101406281
chr3	105441679	105442552
chr3	107940665	107941716
chr3	108778015	108778506
chr3	112395470	112396324
chr3	112691998	112693001
chr3	112769722	112770653
chr3	114879044	114879670
chr3	116735916	116736470
chr3	117197756	117198522
chr3	118131300	118131864
chr3	120499743	120500305
chr3	121793320	121794982
chr3	122252511	122253208
chr3	122328577	122329683
chr3	122335479	122336653
chr3	124294971	124295723
chr3	124448498	124449786
chr3	124553689	124554546
chr3	124859872	124861819
chr3	126629909	126631100
chr3	127609079	127609884
chr3	129001114	129002048
chr3	129132482	129133271
chr3	130644205	130644962
chr3	133290875	133293721
chr3	134203775	134205874
chr3	137706882	137707543
chr3	141160076	141161170
chr3	141456524	141457709
chr3	143751315	143752053
chr3	146220928	146221990
chr3	146268936	146269315
chr3	148037114	148038260
chr3	149832529	149833458
chr3	151985730	151987726
chr3	152198010	152198646
chr3	154042050	154042604
chr3	156675409	156675947
chr3	158161295	158161863
chr3	159637463	159638253
chr3	160472693	160473874
chr3	167779038	167779713
chr3	168425767	168426180
chr3	169939550	169940570
chr3	171279671	171280189
chr3	171564304	171565375
chr3	175587093	175587563
chr3	176759491	176760222
chr3	178249964	178250724
chr3	178380950	178382131
chr3	179040066	179042249
chr3	182875720	182876863
chr3	184053216	184054048
chr3	184374541	184375641
chr3	185935364	185936033
chr3	187462966	187464176
chr3	190965763	190966305
chr3	193583138	193583681
chr3	194375015	194375744
chr3	194392623	194393726
chr3	194406055	194406910
chr3	194849959	194851598
chr3	197121188	197122318
chr3	197383025	197383370
chr3	197587993	197588628
chr4	597873	598252
chr4	1713776	1715268
chr4	2010355	2011450
chr4	2537658	2538447
chr4	3303673	3305014
chr4	6181851	6183254
chr4	7256360	7257142
chr4	8393703	8394206
chr4	8429929	8430484
chr4	8500945	8501612
chr4	13485748	13486853
chr4	13785541	13786128
chr4	14158604	14159435
chr4	17337848	17339031
chr4	22485104	22485567
chr4	25124521	25125375
chr4	26131773	26132235
chr4	26320516	26321559
chr4	26748395	26748922
chr4	29542012	29542769
chr4	36652552	36653403
chr4	37563277	37564121
chr4	37892746	37893815
chr4	38131932	38134825
chr4	38162295	38163076
chr4	38817893	38818497
chr4	39354780	39356131
chr4	39610818	39611617
chr4	39708200	39708678
chr4	40553730	40554225
chr4	42657174	42660096
chr4	47147543	47148131
chr4	49314602	49314936
chr4	49315083	49315363
chr4	49515030	49515827
chr4	52772340	52773290
chr4	56859868	56860539
chr4	57301186	57302970
chr4	59899774	59900237
chr4	62648338	62649234
chr4	69920487	69921006
chr4	72204236	72205085
chr4	72977597	72979153
chr4	74088339	74089184
chr4	74454788	74456578
chr4	74468951	74469874
chr4	74600766	74601424
chr4	77869893	77871442
chr4	77996187	77998103
chr4	78551006	78551476
chr4	80098451	80099247
chr4	83933731	83934735
chr4	87927553	87928747
chr4	89532825	89533793
chr4	89744757	89745643
chr4	90827840	90828355
chr4	99403796	99404732
chr4	100324707	100326592
chr4	102727979	102728423
chr4	103456398	103457409
chr4	104118662	104120212
chr4	104419404	104419879
chr4	106430362	106431251
chr4	109039424	109040730
chr4	110623454	110625025
chr4	111028032	111028532
chr4	111208009	111208800
chr4	112881183	112881932
chr4	113248815	113250028
chr4	114276483	114277603
chr4	121765430	121766233
chr4	122024684	122025223
chr4	133045333	133045740
chr4	133567181	133567868
chr4	139888290	139888999
chr4	139935462	139937330
chr4	142225365	142226017
chr4	142626160	142627635
chr4	144293379	144294159
chr4	145277359	145277884
chr4	145496241	145496802
chr4	146019040	146020234
chr4	146728931	146730794
chr4	147192044	147193112
chr4	151951062	151951504
chr4	154354227	154355667
chr4	156625014	156625632
chr4	159742402	159743090
chr4	159938493	159939767
chr4	160858554	160859278
chr4	161063323	161064183
chr4	162264078	162265484
chr4	169781089	169781944
chr4	182751712	182752390
chr4	184659233	184659883
chr4	185434988	185436284
chr4	186346304	186347793
chr4	187055241	187056008
chr4	187760300	187761129
chr4	190893455	190894400
chr4	190943798	190944192
chr5	1139718	1140802
chr5	1792748	1793821
chr5	6483555	6484559
chr5	6492801	6493458
chr5	7878476	7879152
chr5	10249167	10250963
chr5	10631702	10632926
chr5	10635288	10636675
chr5	14108260	14109741
chr5	14264690	14265287
chr5	14414700	14416473
chr5	14809577	14810434
chr5	17343643	17344376
chr5	23457738	23458461
chr5	27252978	27253498
chr5	32291109	32291541
chr5	32542345	32543241
chr5	34498804	34499954
chr5	35409468	35409754
chr5	40578497	40579824
chr5	43244237	43245432
chr5	49901890	49902485
chr5	52063524	52064046
chr5	55195762	55196350
chr5	55273504	55274298
chr5	58181061	58181619
chr5	58476331	58476866
chr5	59837038	59837722
chr5	60122491	60122958
chr5	64063819	64065461
chr5	64109923	64110368
chr5	64330591	64332000
chr5	67729583	67730823
chr5	67940601	67941378
chr5	68402148	68402413
chr5	70750752	70751640
chr5	71615530	71616633
chr5	73194524	73195710
chr5	73917664	73918397
chr5	77821794	77822591
chr5	77839332	77841142
chr5	78052944	78054886
chr5	79421029	79422566
chr5	81046581	81047541
chr5	81147081	81148132
chr5	82213432	82213787
chr5	84573826	84574396
chr5	85650497	85651054
chr5	88609498	88610278
chr5	88639311	88640103
chr5	90245393	90245952
chr5	90562043	90562585
chr5	90568650	90569155
chr5	90575676	90576936
chr5	94081524	94082963
chr5	94577370	94577833
chr5	94950479	94951140
chr5	96430331	96431319
chr5	97173639	97174446
chr5	99501067	99501528
chr5	103424956	103425513
chr5	105871240	105871476
chr5	108497573	108498461
chr5	110480076	110480494
chr5	111495885	111497325
chr5	112297990	112298358
chr5	112849063	112849647
chr5	114715285	114715774
chr5	114915318	114916105
chr5	114973594	114974197
chr5	115609027	115609699
chr5	116031902	116032563
chr5	116101999	116102689
chr5	123817031	123817561
chr5	123919185	123920267
chr5	125782199	125782635
chr5	130824053	130824596
chr5	131355638	131356287
chr5	131628716	131630943
chr5	131998472	132000491
chr5	132201544	132202907
chr5	132575892	132577427
chr5	133473702	133474600
chr5	133706327	133707743
chr5	137089085	137091139
chr5	137672778	137674633
chr5	138088455	138089270
chr5	138838899	138840265
chr5	138897381	138898125
chr5	139943311	139944957
chr5	140090156	140091341
chr5	140998256	140999346
chr5	141013575	141014415
chr5	142388516	142389176
chr5	142398489	142400254
chr5	142402485	142403946
chr5	142418443	142418997
chr5	143206465	143207111
chr5	144436458	144436872
chr5	147891521	147892008
chr5	148170699	148171397
chr5	148736914	148737833
chr5	149183616	149185945
chr5	149210943	149211648
chr5	150226393	150227108
chr5	150284005	150285128
chr5	153569876	153571002
chr5	156543214	156543846
chr5	158560051	158560644
chr5	158882856	158884552
chr5	158885225	158885973
chr5	161714989	161716246
chr5	167562769	167563757
chr5	169082940	169083954
chr5	169231740	169233506
chr5	171416279	171417104
chr5	172197255	172199855
chr5	172626044	172626473
chr5	173344579	173345855
chr5	175842992	175844359
chr5	175962945	175965734
chr5	176432640	176434308
chr5	176881331	176882128
chr5	177533418	177534315
chr5	177540135	177541081
chr5	177557484	177558346
chr5	179245815	179247151
chr5	179920886	179922338
chr5	179967070	179967796
chr5	180670211	180671722
chr6	1739384	1740432
chr6	2989097	2990838
chr6	3157598	3158124
chr6	3383595	3384582
chr6	4564106	4564526
chr6	5566892	5567991
chr6	6918536	6919366
chr6	7963356	7964215
chr6	8065591	8066736
chr6	9520530	9521492
chr6	11785257	11787313
chr6	12010867	12011957
chr6	12051899	12053165
chr6	13302537	13303667
chr6	13763787	13764538
chr6	14875541	14876679
chr6	15023401	15024126
chr6	15386859	15387907
chr6	15901104	15902816
chr6	20669758	20670342
chr6	22887114	22887981
chr6	23415944	23416679
chr6	24720256	24722210
chr6	24743225	24744416
chr6	24935983	24937388
chr6	25945171	25945811
chr6	26204175	26206925
chr6	27088566	27089151
chr6	27832668	27833232
chr6	29909813	29910957
chr6	29932403	29933133
chr6	30497243	30498020
chr6	30523534	30525666
chr6	31055310	31055716
chr6	31170061	31172198
chr6	31465191	31466269
chr6	31669240	31671573
chr6	31701626	31702899
chr6	31744454	31745782
chr6	31939314	31941062
chr6	32054306	32054985
chr6	32121366	32123269
chr6	32935228	32940713
chr6	33289710	33292189
chr6	33378457	33379367
chr6	33384016	33385293
chr6	33386575	33387339
chr6	33476011	33476473
chr6	33524577	33525050
chr6	33538275	33539516
chr6	34778761	34779525
chr6	35231101	35231764
chr6	35888686	35889294
chr6	35941285	35941829
chr6	36953694	36954565
chr6	37400040	37401637
chr6	37758836	37759926
chr6	37786116	37787778
chr6	38283807	38284835
chr6	39497513	39498628
chr6	41498766	41500562
chr6	41672978	41675091
chr6	41691113	41692398
chr6	42017958	42019160
chr6	42191874	42192869
chr6	42236733	42238061
chr6	42369746	42370726
chr6	42857636	42859184
chr6	42896336	42898759
chr6	43053641	43054426
chr6	43141572	43142921
chr6	43766337	43767059
chr6	44025887	44027501
chr6	44204868	44206187
chr6	45798092	45798791
chr6	52092272	52093326
chr6	52182387	52183152
chr6	55733649	55734297
chr6	56755273	56755881
chr6	57036678	57037814
chr6	58312847	58313569
chr6	64214524	64215295
chr6	64320872	64321287
chr6	64975944	64976802
chr6	66631868	66632452
chr6	68836256	68836686
chr6	73393296	73394227
chr6	73449568	73450425
chr6	74170675	74172132
chr6	75307975	75308698
chr6	76205790	76206538
chr6	82482456	82482922
chr6	83072956	83073769
chr6	83216740	83217200
chr6	89359550	89360487
chr6	90007376	90008261
chr6	90790410	90791038
chr6	90817466	90818441
chr6	91078639	91079654
chr6	98116509	98117581
chr6	105905991	105908139
chr6	106093316	106094986
chr6	106340546	106341845
chr6	106549698	106550656
chr6	108669708	108670605
chr6	108879504	108882387
chr6	108885323	108886022
chr6	109126916	109127503
chr6	109195609	109196845
chr6	109703241	109704673
chr6	111265770	111266456
chr6	111579846	111580911
chr6	111726998	111727994
chr6	111803504	111806068
chr6	113946570	113947494
chr6	114179563	114181011
chr6	114291207	114293363
chr6	115318862	115319621
chr6	119164737	119165498
chr6	119854605	119855142
chr6	124091060	124091848
chr6	124246381	124247028
chr6	126124948	126126038
chr6	126231634	126232144
chr6	130544599	130545603
chr6	133071752	133072881
chr6	134719659	134719988
chr6	135435180	135436354
chr6	137555020	137556083
chr6	138975645	138976612
chr6	139455750	139456678
chr6	141095211	141095932
chr6	141702331	141702822
chr6	143534499	143535046
chr6	143887856	143888745
chr6	144471783	144473055
chr6	149078962	149080163
chr6	149101895	149102515
chr6	150325434	150326796
chr6	151134388	151136048
chr6	152491623	152493210
chr6	153439617	153440355
chr6	154675940	154676625
chr6	155094563	155095492
chr6	157864228	157865016
chr6	158181868	158183521
chr6	158244829	158245757
chr6	159069519	159071241
chr6	159290050	159291517
chr6	160113661	160114991
chr6	160399352	160400799
chr6	161814706	161815333
chr6	163422283	163422857
chr6	166954004	166954929
chr6	167566281	167567929
chr7	964105	964956
chr7	975479	976781
chr7	1456964	1457635
chr7	1462404	1462934
chr7	2393370	2394874
chr7	2561154	2562046
chr7	2569513	2570351
chr7	2594598	2595805
chr7	2738353	2739185
chr7	4764318	4765690
chr7	5013254	5014421
chr7	5632066	5633252
chr7	5821051	5821689
chr7	5862252	5863571
chr7	7297489	7298422
chr7	7745373	7746672
chr7	10746415	10747081
chr7	11372111	11372594
chr7	12297180	12297746
chr7	16684834	16685929
chr7	17198872	17200293
chr7	17224826	17225886
chr7	17273312	17274766
chr7	21984769	21986225
chr7	23634601	23635737
chr7	24329593	24330656
chr7	25164298	25165668
chr7	26006895	26008834
chr7	28448705	28449358
chr7	30220323	30220736
chr7	33789689	33790195
chr7	34435916	34436682
chr7	35768070	35770589
chr7	36154985	36155728
chr7	36990574	36991668
chr7	39629188	39629684
chr7	41771611	41772136
chr7	41920981	41923107
chr7	42908805	42909637
chr7	43556504	43557289
chr7	43630273	43631324
chr7	43908883	43909572
chr7	44297045	44298294
chr7	44677465	44679268
chr7	44774904	44775377
chr7	44975763	44976306
chr7	45025369	45026825
chr7	46178686	46179192
chr7	46331183	46331837
chr7	47592201	47592584
chr7	47976723	47977539
chr7	48124327	48125824
chr7	48291298	48291885
chr7	48672166	48672662
chr7	49806344	49807196
chr7	55432924	55434581
chr7	55584464	55585409
chr7	55600773	55603885
chr7	56441144	56441338
chr7	64712117	64713096
chr7	65263058	65263815
chr7	65274003	65275094
chr7	66205129	66206507
chr7	66342346	66343046
chr7	66351094	66351641
chr7	69164824	69165480
chr7	69179805	69180375
chr7	69203112	69205379
chr7	70128349	70129132
chr7	73265830	73266507
chr7	73686551	73687804
chr7	75164077	75164761
chr7	75224081	75224525
chr7	75543798	75544806
chr7	75987430	75989147
chr7	76959444	76960178
chr7	81554869	81555373
chr7	81707979	81708653
chr7	87555724	87556736
chr7	87848919	87850101
chr7	88257498	88258545
chr7	92218874	92220109
chr7	93762701	93763555
chr7	98393437	98394146
chr7	98778233	98778625
chr7	99724110	99726178
chr7	99942290	99942792
chr7	99994113	99995118
chr7	100270786	100272182
chr7	100464615	100465642
chr7	100781304	100782095
chr7	101596207	101597200
chr7	102475322	102475934
chr7	102920282	102920930
chr7	104652613	104655722
chr7	104908913	104910118
chr7	105406643	105407523
chr7	105448729	105450304
chr7	106511184	106512266
chr7	107204039	107205116
chr7	116595657	116596431
chr7	116987893	116988874
chr7	117420791	117421429
chr7	120917869	120919597
chr7	121169653	121171885
chr7	122023578	122024896
chr7	123387971	123390111
chr7	126340632	126341759
chr7	128523550	128524492
chr7	128984130	128984742
chr7	128991010	128991583
chr7	129073493	129074461
chr7	129591855	129593101
chr7	129791312	129792445
chr7	130715879	130717202
chr7	133463137	133463569
chr7	134233539	134234040
chr7	134320681	134321555
chr7	134870564	134872126
chr7	137580020	137581086
chr7	138610614	138611220
chr7	138802585	138804208
chr7	139024796	139026933
chr7	139179185	139180579
chr7	139357325	139358479
chr7	140396022	140397748
chr7	140623324	140625281
chr7	141258377	141258955
chr7	148203866	148204577
chr7	148261656	148262152
chr7	150019083	150021555
chr7	151039220	151040035
chr7	151328926	151330540
chr7	152131398	152131859
chr7	154628986	154629931
chr7	154794573	154796899
chr7	154996425	154998710
chr7	156447422	156448060
chr7	156715854	156716422
chr7	157142605	157143572
chr7	157150136	157151021
chr7	157902108	157902783
chr7	158621590	158622742
chr8	580801	581260
chr8	613908	614318
chr8	1710619	1711579
chr8	6274494	6275862
chr8	8095928	8096688
chr8	8229221	8229878
chr8	8610377	8611041
chr8	9106285	9106847
chr8	11754106	11755806
chr8	12730211	12730971
chr8	17013054	17013708
chr8	17941315	17942734
chr8	21966695	21967534
chr8	26105532	26106279
chr8	26148726	26149568
chr8	28198036	28199306
chr8	28725656	28726361
chr8	29265625	29267103
chr8	29538293	29538938
chr8	30013279	30014890
chr8	37001925	37002898
chr8	37124614	37125775
chr8	37177043	37177575
chr8	37594504	37595790
chr8	37739085	37739970
chr8	38153361	38153973
chr8	38243298	38244896
chr8	38385451	38386170
chr8	38644106	38646493
chr8	41435425	41436493
chr8	41649436	41650363
chr8	41909194	41910532
chr8	42559389	42560083
chr8	46861452	46861634
chr8	48510494	48511496
chr8	48872466	48874229
chr8	48920772	48921405
chr8	49838158	49838748
chr8	52559557	52560349
chr8	54857111	54858198
chr8	60881295	60881884
chr8	61815851	61817358
chr8	61998103	61998582
chr8	67973652	67975114
chr8	70602153	70602781
chr8	70925763	70926262
chr8	70927563	70928156
chr8	77897183	77897981
chr8	78030636	78031822
chr8	79427671	79429066
chr8	79607004	79607533
chr8	80477312	80477900
chr8	81235085	81235509
chr8	81259649	81260827
chr8	84859928	84861019
chr8	95254235	95254744
chr8	97273205	97274924
chr8	98640279	98640740
chr8	98643277	98644100
chr8	101449884	101451010
chr8	101911755	101913332
chr8	102217253	102218998
chr8	103400417	103401062
chr8	105677277	105678104
chr8	107281800	107282845
chr8	107669510	107671234
chr8	108754717	108755115
chr8	113619978	113620411
chr8	114470904	114471587
chr8	116439626	116440334
chr8	119001313	119002204
chr8	119010776	119011316
chr8	125619250	125620144
chr8	126163779	126164834
chr8	126286023	126286612
chr8	126346043	126346883
chr8	126619571	126621314
chr8	126649202	126650350
chr8	126710745	126711512
chr8	128568869	128569825
chr8	128902060	128902638
chr8	129252456	129253152
chr8	129350701	129351523
chr8	134164867	134165684
chr8	136935000	136935954
chr8	137082236	137083903
chr8	137479480	137480021
chr8	138946205	138947029
chr8	141467655	141468202
chr8	142106054	142107104
chr8	142275219	142276634
chr8	143449030	143450382
chr8	144678908	144680475
chr8	145008019	145008766
chr8	145180393	145181175
chr8	146052705	146053355
chr8	146103232	146104952
chr9	1267048	1268178
chr9	1536428	1537018
chr9	2843862	2845583
chr9	3650940	3651819
chr9	5509772	5511101
chr9	6756830	6758442
chr9	14688124	14688636
chr9	15509750	15511754
chr9	18890382	18890899
chr9	19184067	19184841
chr9	29882739	29883164
chr9	30075355	30076129
chr9	33001298	33002077
chr9	33988197	33988965
chr9	34637241	34638826
chr9	34646109	34647573
chr9	35489085	35490220
chr9	36550357	36551016
chr9	37408613	37409993
chr9	37529105	37529569
chr9	37836394	37836780
chr9	44877738	44878362
chr9	44878997	44879812
chr9	66454584	66456865
chr9	66461369	66461733
chr9	66463149	66464434
chr9	68357960	68358423
chr9	68726079	68726539
chr9	69883038	69883331
chr9	69999896	70000112
chr9	71267793	71268825
chr9	71588898	71589845
chr9	71788280	71789896
chr9	75058256	75058786
chr9	77387072	77387582
chr9	79056449	79056749
chr9	87453731	87454637
chr9	88721708	88722246
chr9	89449781	89450323
chr9	89874289	89874973
chr9	90175122	90175694
chr9	90918643	90919474
chr9	92078792	92080008
chr9	93909762	93910538
chr9	95087285	95088699
chr9	97488603	97489280
chr9	97657909	97658387
chr9	98267713	98269326
chr9	98271150	98272366
chr9	98614453	98615427
chr9	99544130	99545056
chr9	99637078	99638357
chr9	100394736	100396634
chr9	100684184	100685309
chr9	100745145	100745819
chr9	102195678	102196359
chr9	102573481	102574502
chr9	109265944	109266563
chr9	110513812	110514593
chr9	112729797	112731031
chr9	116142909	116143595
chr9	117147438	117149898
chr9	117457106	117457538
chr9	117458957	117460721
chr9	117797696	117798932
chr9	119212883	119213312
chr9	121857164	121857845
chr9	125226764	125227660
chr9	126080436	126081293
chr9	126816442	126817470
chr9	126979571	126981592
chr9	127016329	127017245
chr9	127533076	127534209
chr9	127623721	127624939
chr9	128463018	128464335
chr9	130477624	130479057
chr9	130538378	130539604
chr9	130672934	130673961
chr9	130732627	130733686
chr9	130795371	130795835
chr9	131644004	131645235
chr9	131901229	131903007
chr9	131903520	131904732
chr9	132175884	132176534
chr9	132250624	132251621
chr9	132662571	132663487
chr9	135284999	135285860
chr9	135990477	135991595
chr9	136001177	136001994
chr9	136008630	136009580
chr9	136890217	136890677
chr9	136930778	136931358
chr9	136999830	137001309
chr9	137282147	137284269
chr9	137749932	137750546
chr9	138998267	138998914
chr9	139582576	139583259
chr9	139776557	139777504
chr9	139989870	139990853
chr9	140221882	140223020
chr9	140305642	140306595
chrX	1331342	1331814
chrX	1599624	1600499
chrX	1626440	1627453
chrX	2150927	2151829
chrX	2232186	2232659
chrX	2440085	2440551
chrX	7160567	7161157
chrX	7894919	7896139
chrX	9645044	9645942
chrX	9797298	9797991
chrX	10080255	10080977
chrX	11380933	11381844
chrX	13002499	13003846
chrX	13094655	13095191
chrX	13110592	13111489
chrX	16137436	16138290
chrX	19002279	19003355
chrX	29573435	29574480
chrX	30731070	30732161
chrX	39719007	39720160
chrX	40943141	40945136
chrX	43513634	43514335
chrX	44291934	44292358
chrX	44455400	44456024
chrX	46564019	46564876
chrX	46814170	46814664
chrX	47049786	47050424
chrX	47076645	47078770
chrX	47225205	47226039
chrX	47419876	47421348
chrX	47478675	47479717
chrX	47879864	47881453
chrX	48397518	48398085
chrX	48534363	48535664
chrX	48595420	48596388
chrX	48753815	48755918
chrX	48857636	48859235
chrX	49019771	49020767
chrX	49022503	49023358
chrX	49056343	49056977
chrX	52949471	52950851
chrX	53024319	53025718
chrX	53448683	53450262
chrX	54070689	54071539
chrX	54665567	54666796
chrX	55944929	55946691
chrX	57259369	57259783
chrX	61918842	61919365
chrX	62348056	62348457
chrX	65091687	65092229
chrX	66053286	66053743
chrX	69556463	69557190
chrX	70401337	70402421
chrX	77320415	77321172
chrX	82889736	82890516
chrX	84747554	84748355
chrX	118698880	118699667
chrX	118708060	118709052
chrX	118781750	118782555
chrX	118826937	118827633
chrX	122558006	122558865
chrX	129304426	129305200
chrX	133940700	133941869
chrX	134542565	134543224
chrX	135055645	135056176
chrX	138105673	138106051
chrX	147691425	147692362
chrX	147996209	147996855
chrX	149106322	149107148
chrX	149108379	149108961
chrX	153236049	153238431
chrX	153597876	153598573
chrX	153686114	153686846
chrX	153941106	153941487
chrX	155111096	155111711
