chr1	1234091	1235250
chr1	1235662	1236176
chr1	1269844	1271162
chr1	1875170	1875808
chr1	1950999	1951524
chr1	2073980	2074374
chr1	2391130	2392012
chr1	2398927	2400492
chr1	2413224	2414903
chr1	2438916	2439763
chr1	3174157	3174848
chr1	3418436	3419599
chr1	3634216	3635009
chr1	4028572	4029481
chr1	4332595	4332928
chr1	4609857	4610681
chr1	5061401	5061933
chr1	5258367	5258823
chr1	5347235	5347635
chr1	5906734	5907968
chr1	6112069	6113492
chr1	6221250	6222352
chr1	6304943	6305991
chr1	6363677	6364104
chr1	7062738	7063234
chr1	7106190	7106817
chr1	7134898	7135887
chr1	7135954	7136273
chr1	7655318	7655848
chr1	7676016	7677449
chr1	7770982	7771362
chr1	7924026	7924474
chr1	10708766	10709488
chr1	10876789	10877186
chr1	11113316	11114426
chr1	11254171	11255045
chr1	11533395	11534570
chr1	11539966	11541064
chr1	11610321	11611706
chr1	11695548	11695756
chr1	11695942	11696695
chr1	11905339	11906405
chr1	11918599	11919995
chr1	11958652	11959634
chr1	15193670	15194100
chr1	15615761	15616236
chr1	17510204	17510701
chr1	17877794	17878205
chr1	18157879	18158714
chr1	18245540	18246756
chr1	18337251	18337904
chr1	18339164	18339637
chr1	18388473	18389095
chr1	18582385	18583588
chr1	18979929	18980377
chr1	20002065	20003611
chr1	20007083	20007553
chr1	20135346	20136050
chr1	20697631	20698691
chr1	20765699	20766260
chr1	21664038	21664646
chr1	21861288	21861897
chr1	21920827	21921563
chr1	21973879	21975057
chr1	21985173	21986541
chr1	22516055	22516570
chr1	22933615	22934255
chr1	22937413	22938886
chr1	22951881	22952569
chr1	23407342	23407775
chr1	23754058	23754437
chr1	23999409	24000376
chr1	24524056	24524696
chr1	26734191	26736222
chr1	26797652	26798890
chr1	26972196	26972566
chr1	27814869	27815407
chr1	29792087	29792666
chr1	30126214	30126742
chr1	30208965	30210216
chr1	30224942	30225470
chr1	30422462	30422899
chr1	30447155	30449046
chr1	31084699	31085327
chr1	31331432	31332254
chr1	31654285	31656200
chr1	32188818	32190206
chr1	33351994	33353325
chr1	34643638	34644123
chr1	34965838	34966708
chr1	35175001	35175788
chr1	35372684	35373817
chr1	35389821	35391456
chr1	36022707	36023287
chr1	36126199	36127299
chr1	36342361	36343226
chr1	36347574	36348156
chr1	37068817	37069586
chr1	37269495	37269865
chr1	37331724	37332239
chr1	37389277	37390684
chr1	37431490	37432459
chr1	37485916	37486981
chr1	37609254	37609922
chr1	37720599	37721562
chr1	37827999	37828575
chr1	37876047	37877049
chr1	38229280	38231525
chr1	38233153	38233554
chr1	38260331	38261919
chr1	38331362	38331835
chr1	38513229	38513912
chr1	38541487	38542359
chr1	39146464	39146939
chr1	41103973	41104617
chr1	41119413	41119833
chr1	41981716	41982178
chr1	42275867	42276740
chr1	42404697	42405426
chr1	42845215	42846237
chr1	44097708	44098197
chr1	44101861	44102295
chr1	44320101	44320584
chr1	44411587	44412392
chr1	44433445	44434616
chr1	44997568	44998160
chr1	45671169	45671537
chr1	47200831	47202291
chr1	48204213	48204562
chr1	48996236	48997088
chr1	50733655	50734293
chr1	50745416	50746226
chr1	50774374	50775141
chr1	52467867	52468603
chr1	54085611	54086157
chr1	55170725	55171394
chr1	55913183	55913477
chr1	58432672	58433100
chr1	58675302	58675610
chr1	58710507	58711052
chr1	58756229	58756854
chr1	58926074	58926590
chr1	64197470	64197838
chr1	64372756	64373078
chr1	64808515	64809891
chr1	65432758	65433535
chr1	65775165	65776022
chr1	65805524	65806011
chr1	66488685	66488973
chr1	74967918	74968484
chr1	76082484	76082834
chr1	77502082	77502798
chr1	77528837	77529222
chr1	86049859	86050692
chr1	90358353	90358822
chr1	90728271	90728539
chr1	91172704	91173507
chr1	91870189	91870583
chr1	93521520	93522210
chr1	93900618	93900980
chr1	94236092	94236594
chr1	94566194	94566779
chr1	95850043	95850644
chr1	98513429	98514367
chr1	98585218	98585833
chr1	102462376	102462908
chr1	107677916	107678629
chr1	109423272	109423954
chr1	110021372	110021918
chr1	110698219	110699265
chr1	110761270	110761730
chr1	111085418	111085976
chr1	111288870	111289951
chr1	111342676	111343027
chr1	112375907	112376469
chr1	112407468	112407880
chr1	112625880	112626669
chr1	112714794	112715465
chr1	113058153	113058570
chr1	114697541	114698250
chr1	115603101	115603565
chr1	119471346	119472070
chr1	121484071	121485472
chr1	151689163	151689933
chr1	151801404	151801900
chr1	151967371	151968195
chr1	153394663	153395652
chr1	153424628	153425199
chr1	154539835	154541070
chr1	154675582	154676138
chr1	155247607	155248574
chr1	156383980	156385050
chr1	156621404	156622846
chr1	159146806	159147694
chr1	159905320	159906167
chr1	160343468	160343876
chr1	161735904	161736284
chr1	165197551	165198411
chr1	165918539	165918986
chr1	166038542	166039327
chr1	166134085	166134544
chr1	166136258	166136659
chr1	166162145	166162731
chr1	169564967	169565572
chr1	170083927	170084553
chr1	171605214	171605749
chr1	171880666	171881065
chr1	173884778	173885023
chr1	174567469	174567843
chr1	175526447	175526773
chr1	175660065	175660357
chr1	175694634	175695435
chr1	175711988	175712968
chr1	176071387	176071796
chr1	177568230	177568702
chr1	180210931	180211628
chr1	181454698	181455439
chr1	181734824	181735139
chr1	183385630	183386548
chr1	185886660	185887297
chr1	188195154	188195438
chr1	188197669	188198114
chr1	188468843	188469225
chr1	194858536	194858864
chr1	195082489	195082967
chr1	200466090	200466397
chr1	201563315	201564571
chr1	201583205	201584144
chr1	202625992	202626937
chr1	202649551	202650128
chr1	202661807	202662943
chr1	202903928	202904319
chr1	203188863	203189819
chr1	204616564	204617229
chr1	204772534	204773090
chr1	204806153	204807509
chr1	205013767	205014379
chr1	205023127	205023550
chr1	205427527	205428839
chr1	205457009	205457673
chr1	208842321	208842755
chr1	209323414	209323992
chr1	210110589	210111296
chr1	210183526	210183826
chr1	210305805	210306573
chr1	210899778	210900453
chr1	211233066	211233379
chr1	218435581	218435985
chr1	225298706	225299147
chr1	227460984	227461950
chr1	229544077	229544554
chr1	229566098	229567008
chr1	230424422	230424974
chr1	230562129	230563182
chr1	231297931	231298638
chr1	231378265	231378976
chr1	231528131	231528444
chr1	232220490	232221245
chr1	234052261	234052717
chr1	235811539	235812812
chr1	236700871	236701206
chr1	241486498	241487635
chr1	241519767	241520084
chr1	241893297	241893724
chr1	242705503	242705985
chr1	242802364	242802827
chr1	243010447	243011385
chr1	244067040	244067571
chr1	244107567	244108104
chr1	244137972	244138340
chr10	1685334	1686236
chr10	2053403	2053675
chr10	2274720	2275067
chr10	3006565	3007230
chr10	3997526	3998223
chr10	4183466	4184188
chr10	6755668	6756012
chr10	13391829	13392135
chr10	13749242	13749841
chr10	14707858	14708244
chr10	14922107	14922584
chr10	16161561	16161770
chr10	16654063	16654878
chr10	16712289	16712924
chr10	17251301	17251715
chr10	18758071	18758335
chr10	19111068	19111503
chr10	23460006	23460770
chr10	23805547	23805857
chr10	24115205	24115837
chr10	25462871	25463935
chr10	25464591	25465240
chr10	26656579	26657206
chr10	31187922	31188218
chr10	42399770	42400757
chr10	42534663	42535055
chr10	43588902	43589392
chr10	43778057	43779007
chr10	43779748	43780445
chr10	49932191	49932643
chr10	50575485	50575942
chr10	50605711	50606687
chr10	50814591	50815920
chr10	50970162	50971453
chr10	55761827	55762098
chr10	56959682	56960249
chr10	59908587	59909367
chr10	59935196	59936434
chr10	60937008	60937585
chr10	61024953	61025377
chr10	63596949	63597331
chr10	66346464	66347304
chr10	69540965	69541343
chr10	70091483	70092176
chr10	71120428	71120974
chr10	71327113	71328460
chr10	72075370	72075957
chr10	73337713	73338356
chr10	73341162	73342666
chr10	73512695	73513165
chr10	73554475	73555681
chr10	75167148	75167820
chr10	75545634	75546209
chr10	77777114	77777537
chr10	79087625	79088686
chr10	79398314	79398791
chr10	79439816	79440244
chr10	83737693	83738523
chr10	85984159	85985022
chr10	86050840	86051754
chr10	87962900	87964157
chr10	88066019	88067229
chr10	88124328	88124860
chr10	88313343	88313799
chr10	89681989	89682517
chr10	91010907	91011645
chr10	92112007	92112323
chr10	92381296	92381832
chr10	92887059	92887529
chr10	94146736	94147604
chr10	95176946	95177531
chr10	95825709	95826830
chr10	97151594	97152339
chr10	97171289	97172135
chr10	98255696	98256539
chr10	98827687	98828066
chr10	98840992	98842235
chr10	99609723	99610546
chr10	99719946	99720815
chr10	99751382	99752170
chr10	99795228	99795692
chr10	99815183	99816390
chr10	99833794	99834899
chr10	99846852	99847659
chr10	100058903	100059702
chr10	101090699	101091545
chr10	101189249	101189742
chr10	102084521	102085587
chr10	102439973	102441589
chr10	102840151	102841684
chr10	103071060	103071926
chr10	103600438	103601510
chr10	103799924	103800850
chr10	104120994	104121870
chr10	104122039	104122455
chr10	104178578	104181083
chr10	104221058	104221986
chr10	105024935	105026178
chr10	105026260	105026683
chr10	105038023	105039557
chr10	106307663	106308336
chr10	106509981	106510454
chr10	106583895	106584888
chr10	108904282	108904629
chr10	110729531	110730237
chr10	112120437	112121217
chr10	112993138	112993634
chr10	113271565	113271927
chr10	114227197	114228041
chr10	115336397	115337312
chr10	115502434	115502799
chr10	116369212	116369643
chr10	116539435	116540060
chr10	117943157	117943654
chr10	119013837	119014269
chr10	120353873	120354484
chr10	120355025	120356306
chr10	121577276	121577790
chr10	121890574	121891246
chr10	122273332	122274164
chr10	122448399	122448871
chr10	124545568	124546534
chr10	124670735	124672444
chr10	124853024	124853446
chr10	125373979	125375358
chr10	125418843	125419674
chr10	126889710	126890136
chr10	127257190	127257676
chr10	128197181	128197662
chr10	128224720	128225222
chr10	128914988	128916213
chr10	128956837	128957554
chr10	129355026	129355622
chr10	129398565	129399326
chr10	129599527	129599855
chr10	129911226	129911838
chr10	132052404	132052801
chr10	132535570	132536440
chr10	132632440	132632908
chr10	132722191	132722973
chr10	133152308	133153287
chr10	133224028	133224455
chr10	133867855	133868410
chr10	133868446	133868737
chr10	133998380	133999518
chr10	134007238	134008634
chr10	134107658	134108814
chr10	134893333	134894220
chr11	280089	280701
chr11	1259655	1261130
chr11	1411936	1412673
chr11	1422016	1424032
chr11	1443276	1444931
chr11	1456808	1457537
chr11	1471705	1473300
chr11	1540477	1541012
chr11	1769037	1769522
chr11	2238807	2239313
chr11	3974053	3974349
chr11	6441590	6442536
chr11	6897049	6897409
chr11	7083753	7084183
chr11	7098069	7098931
chr11	7293491	7294310
chr11	7368036	7368398
chr11	8029643	8030380
chr11	8189138	8190304
chr11	8373411	8374212
chr11	8424518	8425468
chr11	9928037	9928531
chr11	10011845	10012823
chr11	10136288	10136709
chr11	10400251	10401281
chr11	11388028	11389044
chr11	11572050	11572501
chr11	12028696	12029329
chr11	13310503	13310977
chr11	17022538	17022935
chr11	17499355	17500066
chr11	17756487	17757046
chr11	17989682	17990088
chr11	18132437	18133112
chr11	18857969	18858377
chr11	19040382	19040899
chr11	19366127	19366698
chr11	19787800	19788184
chr11	20179989	20180952
chr11	20470391	20470819
chr11	20620965	20621932
chr11	20875755	20876184
chr11	21407191	21407425
chr11	22358790	22359845
chr11	27740341	27741304
chr11	27741422	27742549
chr11	32219690	32219918
chr11	33522017	33523218
chr11	33609491	33610626
chr11	35284226	35284747
chr11	35745156	35746174
chr11	36127609	36128194
chr11	43218973	43219275
chr11	43235993	43236443
chr11	43597979	43599333
chr11	44515560	44515870
chr11	45119164	45120136
chr11	45565091	45566059
chr11	45601715	45602545
chr11	45906462	45907299
chr11	45920421	45921545
chr11	46413862	46415101
chr11	47294123	47294747
chr11	48867744	48867877
chr11	57146717	57147626
chr11	57242182	57242543
chr11	57652539	57653263
chr11	61074771	61075251
chr11	61143215	61143441
chr11	61334109	61335402
chr11	61350965	61351471
chr11	61623811	61624207
chr11	61961271	61961827
chr11	62012379	62013354
chr11	62062585	62063532
chr11	62358854	62359460
chr11	62747472	62748142
chr11	63360209	63360962
chr11	63659593	63660135
chr11	63759019	63759409
chr11	64068019	64068872
chr11	64481332	64481905
chr11	64544743	64545304
chr11	64744898	64745572
chr11	64770465	64771383
chr11	65082287	65082680
chr11	65121324	65122272
chr11	65266245	65267200
chr11	65269063	65269630
chr11	65780747	65781382
chr11	66056597	66057824
chr11	66185220	66187276
chr11	66188376	66190693
chr11	67976306	67977282
chr11	68082284	68083220
chr11	70426229	70427070
chr11	70495719	70497390
chr11	72323345	72324499
chr11	72384496	72385012
chr11	72387274	72388653
chr11	72997403	72997976
chr11	73640495	73640775
chr11	74128651	74129295
chr11	74217583	74218502
chr11	74855231	74855728
chr11	74925088	74926485
chr11	74944371	74945545
chr11	76434959	76435855
chr11	77490691	77491616
chr11	78395284	78395986
chr11	78479364	78479785
chr11	78493826	78494215
chr11	78571847	78572688
chr11	79026267	79026925
chr11	81803981	81804337
chr11	83005289	83005651
chr11	84424907	84425957
chr11	86235011	86235635
chr11	86635089	86635478
chr11	88437438	88438207
chr11	92289459	92290088
chr11	92931094	92932106
chr11	93506017	93506589
chr11	93951553	93951957
chr11	94014525	94015130
chr11	102177587	102178883
chr11	105543301	105544506
chr11	106889264	106890517
chr11	107798960	107800450
chr11	107874269	107874795
chr11	109295442	109296148
chr11	109512159	109512717
chr11	111536534	111537166
chr11	112604657	112605514
chr11	113023253	113023584
chr11	113344538	113345688
chr11	113346051	113346220
chr11	113861545	113862597
chr11	113898679	113898968
chr11	116249819	116250828
chr11	116476172	116476877
chr11	117467146	117468493
chr11	118305289	118306370
chr11	118713194	118713507
chr11	119364230	119365063
chr11	119389187	119390022
chr11	119644591	119645601
chr11	120523366	120524568
chr11	120621363	120621726
chr11	120771391	120771817
chr11	120953185	120954227
chr11	122852006	122853382
chr11	123524062	123525445
chr11	124733344	124734086
chr11	125669626	125670116
chr11	125772919	125774000
chr11	126380474	126380951
chr11	126414386	126414866
chr11	126416030	126416356
chr11	126430685	126432031
chr11	126968545	126969000
chr11	128158167	128158670
chr11	128234377	128234667
chr11	128234764	128235663
chr11	129146973	129147878
chr11	129835021	129835695
chr11	130269107	130269495
chr11	132046848	132047532
chr11	133175854	133176293
chr11	133816521	133817975
chr11	133837877	133838880
chr11	134288001	134288975
chr11	134346136	134347059
chr11	134556267	134556778
chr11	134896821	134897760
chr12	230827	231228
chr12	1939878	1940886
chr12	2861321	2862473
chr12	3441379	3441694
chr12	3601048	3602080
chr12	4860876	4861170
chr12	5046837	5047040
chr12	8167401	8167734
chr12	11653355	11654231
chr12	12025000	12025427
chr12	12837544	12838215
chr12	13044328	13044732
chr12	14417155	14417613
chr12	15588333	15588994
chr12	22199513	22199936
chr12	26102257	26102665
chr12	26272178	26272631
chr12	26427328	26428224
chr12	28128317	28129363
chr12	29936950	29937571
chr12	32328398	32328709
chr12	45270507	45271112
chr12	46188144	46188682
chr12	46867415	46867868
chr12	47928280	47929009
chr12	49130290	49130669
chr12	50473519	50473982
chr12	51441392	51442421
chr12	51986783	51987929
chr12	52134201	52134657
chr12	52435240	52435869
chr12	52472029	52472414
chr12	52609216	52610675
chr12	52636907	52637787
chr12	52694898	52695648
chr12	53134577	53135974
chr12	53194553	53194984
chr12	53442465	53443084
chr12	54219113	54219498
chr12	55413403	55414116
chr12	56618735	56619417
chr12	57443359	57444223
chr12	57950177	57950678
chr12	58120711	58122166
chr12	58154066	58154712
chr12	64214262	64214593
chr12	65219977	65220616
chr12	65399524	65399889
chr12	66393726	66394066
chr12	67242734	67243150
chr12	67587217	67588129
chr12	71313178	71313930
chr12	72332237	72333176
chr12	75602999	75603678
chr12	77527066	77527961
chr12	78398890	78399242
chr12	81743932	81744397
chr12	88154740	88155081
chr12	89758422	89758790
chr12	89926754	89927737
chr12	95273061	95273932
chr12	97294905	97295328
chr12	97840616	97841095
chr12	98690257	98690854
chr12	99290644	99291208
chr12	99294706	99295544
chr12	100932786	100933616
chr12	101219903	101220710
chr12	103218035	103218778
chr12	103227942	103228294
chr12	103410184	103410472
chr12	106975079	106975738
chr12	108350004	108350438
chr12	108397949	108398818
chr12	108588149	108588916
chr12	108591715	108592204
chr12	108607944	108609004
chr12	108775476	108776368
chr12	108797687	108798132
chr12	108861742	108862628
chr12	109283584	109284543
chr12	109458048	109459384
chr12	109696614	109697216
chr12	109746819	109747301
chr12	110174081	110175152
chr12	111649691	111650813
chr12	113102230	113103021
chr12	113228679	113229968
chr12	113250166	113250864
chr12	113305960	113306824
chr12	113330622	113331032
chr12	113502397	113503712
chr12	113917355	113918865
chr12	114039177	114040278
chr12	114686336	114686730
chr12	115487380	115487839
chr12	117295809	117296509
chr12	118546865	118547303
chr12	118869782	118870311
chr12	119070731	119071527
chr12	119082728	119083671
chr12	119195219	119195758
chr12	119304066	119304724
chr12	119360182	119360761
chr12	119419310	119420009
chr12	119498495	119499687
chr12	119785242	119785618
chr12	119950335	119951413
chr12	119965950	119966504
chr12	120427620	120428236
chr12	121078980	121079885
chr12	121417792	121418475
chr12	122710294	122711612
chr12	123440529	123441076
chr12	124068981	124069669
chr12	125180261	125181060
chr12	125679370	125679959
chr12	125747800	125748377
chr12	125865905	125866333
chr12	126002587	126003049
chr12	126548624	126548913
chr12	127166177	127166562
chr12	127874438	127874884
chr12	128725342	128725636
chr12	129094360	129094833
chr12	129534349	129534955
chr12	129603897	129604485
chr12	129796517	129796979
chr12	130946355	130946809
chr12	131011206	131012044
chr12	131036924	131037483
chr12	131260889	131261760
chr12	131874798	131875563
chr12	132071295	132071741
chr12	132102413	132103353
chr12	133023420	133023951
chr13	21133121	21133514
chr13	26067987	26068545
chr13	26833782	26834096
chr13	27103377	27104355
chr13	27441121	27442452
chr13	27447036	27447388
chr13	28366102	28366840
chr13	30728255	30728726
chr13	35487245	35487639
chr13	35500722	35501074
chr13	36631167	36631621
chr13	44360094	44360614
chr13	46170078	46170502
chr13	51710465	51710820
chr13	53424245	53425606
chr13	53541983	53542639
chr13	53828646	53829078
chr13	57839074	57839541
chr13	65499382	65499906
chr13	69091806	69092137
chr13	78137301	78137716
chr13	79163209	79163866
chr13	79404741	79405063
chr13	84455850	84456598
chr13	85244393	85244637
chr13	88150806	88151539
chr13	91710299	91710676
chr13	94342287	94342946
chr13	94933210	94933458
chr13	95203726	95203980
chr13	95570029	95570580
chr13	100056174	100056565
chr13	100448172	100449141
chr13	102100172	102100433
chr13	102571574	102572515
chr13	102640487	102640845
chr13	103057972	103058478
chr13	105336127	105336560
chr13	108170609	108171118
chr13	108516572	108517955
chr13	110457025	110457340
chr13	111812137	111812489
chr13	111913763	111914090
chr13	114479954	114480926
chr14	21100059	21100634
chr14	21563427	21564170
chr14	23950366	23951172
chr14	24521153	24522320
chr14	24982156	24982730
chr14	26913908	26914388
chr14	28712685	28713249
chr14	30194233	30194651
chr14	32670283	32671021
chr14	33679485	33679880
chr14	34867146	34867673
chr14	35939900	35940371
chr14	36004057	36005344
chr14	41458504	41458754
chr14	41754195	41754839
chr14	49540105	49540343
chr14	49770543	49771136
chr14	50918615	50918963
chr14	51026905	51027531
chr14	51561462	51561911
chr14	52247220	52247826
chr14	55016471	55017257
chr14	58332050	58332415
chr14	63879722	63880110
chr14	66976590	66977017
chr14	67008374	67008695
chr14	68066284	68066782
chr14	70034239	70034640
chr14	70519526	70520305
chr14	71271086	71271671
chr14	74729942	74730197
chr14	74892517	74892952
chr14	74904275	74904913
chr14	75014189	75014804
chr14	75127440	75128008
chr14	75241516	75241720
chr14	75963162	75963507
chr14	76112212	76112580
chr14	76599156	76599963
chr14	77599837	77600585
chr14	77674398	77675893
chr14	77708351	77708733
chr14	78624325	78625001
chr14	78865556	78866187
chr14	78913127	78913509
chr14	78986152	78986731
chr14	78996217	78996904
chr14	79329231	79330137
chr14	79627917	79628336
chr14	81901965	81902422
chr14	82541812	82542421
chr14	88664258	88664438
chr14	88801440	88801999
chr14	89443889	89444765
chr14	90961261	90962318
chr14	93380134	93381104
chr14	93389621	93390786
chr14	93897420	93897914
chr14	94759654	94759935
chr14	95120523	95120998
chr14	96250380	96251034
chr14	96328541	96329113
chr14	96401432	96402142
chr14	96419174	96420199
chr14	97406248	97406891
chr14	99046554	99047031
chr14	100952248	100953671
chr14	101129622	101130084
chr14	103511569	103512040
chr14	103996685	103997376
chr14	104599317	104599693
chr14	104809020	104809440
chr14	105016290	105016697
chr14	105071036	105071864
chr14	105940125	105940845
chr14	106267114	106267888
chr15	22820278	22820577
chr15	23682779	23683234
chr15	29269560	29270257
chr15	29741272	29741887
chr15	31177859	31178553
chr15	33840120	33840519
chr15	35045159	35046093
chr15	36813873	36814271
chr15	40650074	40651090
chr15	40705273	40705623
chr15	43560900	43561224
chr15	48482810	48483685
chr15	48623622	48624204
chr15	51973032	51974307
chr15	52030552	52031155
chr15	52077664	52077867
chr15	53075357	53076189
chr15	53364225	53364991
chr15	53485205	53486019
chr15	53620480	53620948
chr15	59713276	59713933
chr15	59821141	59821442
chr15	60184873	60185894
chr15	61467093	61467718
chr15	61876577	61877137
chr15	62358890	62359470
chr15	64162361	64163778
chr15	64387978	64388661
chr15	65623126	65623752
chr15	66244369	66245698
chr15	66296662	66297834
chr15	66390362	66390756
chr15	68112892	68114166
chr15	68116833	68118071
chr15	69348502	69349336
chr15	70265175	70266156
chr15	70268022	70269823
chr15	70718256	70718943
chr15	72611502	72612319
chr15	73638700	73639809
chr15	73683714	73684325
chr15	74115182	74115873
chr15	74124974	74125467
chr15	74143897	74144842
chr15	74514067	74514571
chr15	74556939	74558053
chr15	74583187	74584905
chr15	75118535	75119688
chr15	75280263	75280965
chr15	75287007	75288029
chr15	77688998	77689466
chr15	77994451	77995491
chr15	78001346	78002009
chr15	78045173	78046399
chr15	78087774	78088226
chr15	79391950	79392485
chr15	79500438	79501016
chr15	79575383	79576640
chr15	80556166	80556861
chr15	81072065	81073690
chr15	83331444	83332748
chr15	83377935	83378853
chr15	86871885	86872281
chr15	86987760	86988150
chr15	87233797	87234151
chr15	87468531	87468955
chr15	88406378	88406842
chr15	88709511	88710087
chr15	89148311	89149572
chr15	89632165	89632641
chr15	89904352	89905772
chr15	89907308	89908741
chr15	89962287	89963594
chr15	90016030	90016574
chr15	90303914	90304527
chr15	91730120	91731271
chr15	91881948	91882424
chr15	93352742	93353620
chr15	93713576	93713926
chr15	97642274	97642697
chr15	98447057	98447608
chr15	98989254	98989721
chr15	100026146	100026697
chr15	100933119	100933629
chr15	102350941	102351722
chr16	220058	220618
chr16	224450	225283
chr16	750194	751529
chr16	754324	754951
chr16	942333	943127
chr16	1237813	1239529
chr16	2331178	2331633
chr16	2723662	2724261
chr16	2765173	2766090
chr16	2877660	2878578
chr16	2910840	2911849
chr16	3018261	3019405
chr16	3220362	3221105
chr16	4504396	4505346
chr16	5007870	5008997
chr16	5092448	5092989
chr16	5226433	5226950
chr16	5278300	5278741
chr16	5728193	5728915
chr16	5759861	5760418
chr16	6066596	6067006
chr16	6243613	6244272
chr16	7063643	7064592
chr16	7232316	7233103
chr16	7296366	7297124
chr16	7542063	7542602
chr16	7741543	7741814
chr16	7889509	7889995
chr16	8076398	8077010
chr16	8396274	8396732
chr16	8761492	8761867
chr16	9025307	9026450
chr16	9132708	9133710
chr16	9320877	9321145
chr16	9496219	9496467
chr16	9929632	9930704
chr16	10276981	10277526
chr16	10988704	10989937
chr16	11555561	11555937
chr16	11743802	11744507
chr16	12293132	12293882
chr16	12362400	12362931
chr16	12629304	12630245
chr16	12755044	12756179
chr16	13130084	13130966
chr16	13385785	13386204
chr16	13564852	13565302
chr16	15694834	15695613
chr16	15859575	15860166
chr16	16891110	16891672
chr16	17132239	17132621
chr16	17177944	17178450
chr16	17232515	17233295
chr16	17243274	17244314
chr16	17259942	17260393
chr16	17271997	17272581
chr16	17466185	17466663
chr16	17877756	17878429
chr16	18133805	18134302
chr16	19318654	19319630
chr16	19457704	19458032
chr16	20034041	20035250
chr16	20283060	20283809
chr16	20610320	20610854
chr16	21177782	21178362
chr16	21696336	21696929
chr16	22380593	22381003
chr16	22652031	22652997
chr16	22824328	22825009
chr16	22899988	22900601
chr16	23037906	23038856
chr16	23185535	23186598
chr16	23985357	23986142
chr16	24189646	24190336
chr16	24266824	24267870
chr16	24869151	24870654
chr16	24911283	24912280
chr16	25275613	25276467
chr16	25512851	25513235
chr16	25758155	25759118
chr16	26328337	26328790
chr16	26408031	26408535
chr16	26773907	26774336
chr16	26963267	26963689
chr16	27806968	27808197
chr16	27932524	27932866
chr16	27933593	27934289
chr16	28099071	28099721
chr16	28309388	28310026
chr16	28315069	28315952
chr16	29909266	29909900
chr16	29910668	29912264
chr16	30039545	30040719
chr16	30105219	30105748
chr16	30581963	30582431
chr16	33963111	33963440
chr16	47821509	47822162
chr16	48004111	48004964
chr16	48753906	48754665
chr16	48883956	48884455
chr16	48929039	48929485
chr16	49160834	49161491
chr16	49191567	49192621
chr16	49313978	49314680
chr16	49379521	49380385
chr16	49456803	49457099
chr16	50189414	50189803
chr16	52548959	52549553
chr16	55452396	55453015
chr16	55744200	55744939
chr16	56047599	56048507
chr16	56228219	56228510
chr16	57436136	57436555
chr16	57909201	57909648
chr16	59198391	59198778
chr16	60979070	60979605
chr16	61076678	61077107
chr16	67202783	67203249
chr16	67218758	67219794
chr16	67686460	67686990
chr16	67687489	67688146
chr16	67694901	67695528
chr16	68477754	68478640
chr16	68481806	68482878
chr16	68928037	68928770
chr16	70698397	70698828
chr16	70895720	70896459
chr16	71349745	71350406
chr16	71501412	71502039
chr16	75600705	75601237
chr16	76152234	76152586
chr16	77240750	77241408
chr16	77465125	77465389
chr16	78008708	78009270
chr16	78079841	78080268
chr16	81204226	81204801
chr16	83453760	83454309
chr16	83595418	83595954
chr16	83734874	83735690
chr16	84580311	84580650
chr16	84869872	84870588
chr16	85384645	85385076
chr16	86747633	86748215
chr16	87297287	87297650
chr16	87641563	87642960
chr16	87694952	87695722
chr16	88626994	88627939
chr16	89075709	89076569
chr16	89103499	89104698
chr16	89894810	89895146
chr16	89990338	89991335
chr16	89992625	89993310
chr17	1226515	1226975
chr17	1953236	1953643
chr17	2652951	2653641
chr17	3301231	3301527
chr17	3336636	3336899
chr17	3598589	3599409
chr17	3952780	3953331
chr17	4396238	4397084
chr17	5496701	5497442
chr17	6172584	6173448
chr17	6206788	6207577
chr17	6429455	6430154
chr17	6540229	6540671
chr17	6984839	6985296
chr17	7094894	7095348
chr17	7217801	7218566
chr17	8302378	8302579
chr17	9018610	9018931
chr17	10154887	10155263
chr17	10778547	10779275
chr17	11409800	11410392
chr17	16439073	16439607
chr17	19281322	19281856
chr17	25984401	25985275
chr17	25986762	25987101
chr17	26089615	26090500
chr17	26335224	26336296
chr17	26580705	26581162
chr17	26700217	26701774
chr17	27330715	27332648
chr17	27332786	27333714
chr17	27716790	27717543
chr17	27920797	27922175
chr17	29720323	29722109
chr17	29727329	29727904
chr17	29864416	29864930
chr17	30567721	30568149
chr17	30603994	30604890
chr17	31469366	31470511
chr17	31654914	31655591
chr17	31899565	31900179
chr17	32058891	32059684
chr17	32381490	32381904
chr17	32416111	32416512
chr17	32562421	32563065
chr17	32564332	32564872
chr17	32570423	32570850
chr17	32618554	32619189
chr17	32778217	32778765
chr17	32826284	32827162
chr17	32883010	32884107
chr17	33030313	33031379
chr17	33032686	33033655
chr17	33124376	33125430
chr17	33222349	33222830
chr17	33686290	33686882
chr17	34070404	34071598
chr17	34819461	34820384
chr17	35054174	35054907
chr17	35059634	35061060
chr17	35134188	35134903
chr17	35295321	35295870
chr17	36716751	36717671
chr17	37748188	37749401
chr17	37778175	37778769
chr17	38776219	38776650
chr17	38962272	38962859
chr17	39062835	39063281
chr17	39508702	39509354
chr17	40331800	40332889
chr17	40611493	40612485
chr17	40912793	40913128
chr17	42385597	42386419
chr17	43398145	43398615
chr17	43730896	43731439
chr17	43737853	43738337
chr17	43779736	43780812
chr17	43845342	43845751
chr17	43854722	43855191
chr17	43934886	43935924
chr17	45041408	45042466
chr17	45213063	45213233
chr17	45729620	45730539
chr17	45785225	45785690
chr17	45862728	45863729
chr17	45874992	45875821
chr17	46908240	46908990
chr17	48708913	48710060
chr17	48716078	48717018
chr17	49196550	49197508
chr17	49641329	49641741
chr17	49946365	49947490
chr17	50237779	50238701
chr17	53475977	53476465
chr17	54776902	54777505
chr17	55832720	55833431
chr17	56161616	56162228
chr17	56196870	56198417
chr17	56243239	56243845
chr17	56253257	56254318
chr17	56265176	56265501
chr17	56832999	56833687
chr17	57915052	57915518
chr17	58217098	58217711
chr17	58663576	58664424
chr17	61599961	61600955
chr17	63250214	63250806
chr17	64825376	64826436
chr17	67563213	67563749
chr17	67759651	67760086
chr17	68080474	68080915
chr17	70716034	70717035
chr17	70721305	70721983
chr17	71134383	71135112
chr17	71481239	71481789
chr17	72186303	72187844
chr17	72605954	72606867
chr17	72666781	72668083
chr17	72933194	72934317
chr17	73270085	73270473
chr17	73511637	73512730
chr17	74835845	74836283
chr17	74865962	74867749
chr17	74905407	74906895
chr17	74916649	74917457
chr17	75016943	75017390
chr17	76377897	76378361
chr17	76425348	76425978
chr17	77188017	77189461
chr17	77290056	77291574
chr17	77321481	77322431
chr17	77334287	77335004
chr17	78233744	78234307
chr17	78414216	78415928
chr17	78441828	78442600
chr17	79367662	79368176
chr17	79887242	79888746
chr17	80345289	80346516
chr17	80354620	80355113
chr17	80371979	80373914
chr18	903345	904212
chr18	1092224	1092666
chr18	3265548	3266000
chr18	4230810	4231305
chr18	5107960	5108200
chr18	5268928	5269132
chr18	5370433	5370712
chr18	5868157	5868899
chr18	10736968	10737246
chr18	11504950	11505367
chr18	12310655	12311268
chr18	18517096	18518567
chr18	18518602	18520380
chr18	18577340	18577737
chr18	19732122	19732450
chr18	20681822	20682264
chr18	21244671	21245053
chr18	21834034	21834300
chr18	25755172	25755668
chr18	27559690	27560287
chr18	30450592	30450863
chr18	33355706	33356411
chr18	33855551	33855830
chr18	34061241	34061825
chr18	34849568	34850900
chr18	35063377	35064089
chr18	35144388	35145653
chr18	40857040	40857523
chr18	43959512	43959893
chr18	44076937	44077745
chr18	44082199	44082948
chr18	44122292	44122981
chr18	44780716	44781672
chr18	44786489	44787340
chr18	46133458	46133904
chr18	47424543	47425535
chr18	49394102	49394594
chr18	50545215	50545474
chr18	51822324	51822819
chr18	54774209	54774975
chr18	55021103	55021551
chr18	55102330	55102781
chr18	55113757	55114929
chr18	55355215	55355577
chr18	56807478	56807975
chr18	57113253	57113608
chr18	57184895	57185512
chr18	70497289	70497788
chr18	71575103	71576249
chr18	74856487	74857291
chr18	74914852	74915471
chr18	75072357	75073289
chr18	75268469	75269663
chr18	76361251	76361619
chr18	76472950	76473645
chr19	277398	277913
chr19	482422	482925
chr19	591070	592499
chr19	1446623	1447710
chr19	1734988	1735493
chr19	2123431	2124284
chr19	2145958	2146387
chr19	2720914	2721187
chr19	2739885	2740767
chr19	3243680	3244966
chr19	3307222	3307795
chr19	3876951	3877543
chr19	3971118	3971838
chr19	4049282	4049698
chr19	4172561	4173942
chr19	4768995	4769990
chr19	4770080	4770431
chr19	5081425	5081953
chr19	5356232	5356912
chr19	5398661	5399028
chr19	5403982	5405102
chr19	5418708	5419108
chr19	5972246	5972857
chr19	6564072	6564998
chr19	7113196	7113714
chr19	7570537	7571054
chr19	7574186	7575180
chr19	7627534	7628359
chr19	7676209	7676960
chr19	8649061	8649707
chr19	8841573	8842440
chr19	9076424	9077136
chr19	9083821	9084932
chr19	10049920	10050395
chr19	10119591	10120640
chr19	10172514	10173249
chr19	10203688	10204297
chr19	10806129	10807298
chr19	10812597	10813085
chr19	11125186	11125530
chr19	11459801	11460214
chr19	11479986	11480820
chr19	11590359	11590741
chr19	11592374	11593203
chr19	11638802	11639154
chr19	11639157	11640058
chr19	12942498	12944103
chr19	13354758	13355223
chr19	13526562	13526973
chr19	13552346	13553608
chr19	13553738	13553996
chr19	13573858	13574890
chr19	13604236	13604969
chr19	15125236	15125899
chr19	15126143	15127140
chr19	15190536	15191269
chr19	15198018	15198396
chr19	15649408	15650210
chr19	15687902	15688629
chr19	15734397	15735246
chr19	15742456	15743038
chr19	15795529	15796008
chr19	15828516	15829175
chr19	15880455	15880849
chr19	16072990	16073636
chr19	16161930	16162452
chr19	16816803	16817288
chr19	16850270	16850803
chr19	16869782	16870383
chr19	17649740	17650659
chr19	17792006	17792901
chr19	17798868	17799640
chr19	18000164	18000957
chr19	18343646	18345027
chr19	18350012	18350709
chr19	19325296	19326497
chr19	27731793	27732454
chr19	27732538	27733591
chr19	28285308	28285885
chr19	28867643	28868444
chr19	29610523	29610824
chr19	29820057	29820978
chr19	30113266	30113779
chr19	30157291	30158157
chr19	32806847	32807336
chr19	32823789	32824088
chr19	33884317	33884777
chr19	34168254	34169322
chr19	34174849	34175718
chr19	34231113	34232506
chr19	34258040	34259509
chr19	34412028	34412497
chr19	36135293	36135823
chr19	36195043	36195744
chr19	36319424	36320380
chr19	36370098	36371490
chr19	36454005	36455252
chr19	36464308	36464838
chr19	36465836	36466195
chr19	36466237	36467544
chr19	36564249	36564838
chr19	38945359	38946379
chr19	39436586	39437916
chr19	39713594	39716024
chr19	40050405	40062821
chr19	40077888	40082568
chr19	40085751	40092211
chr19	40134050	40140304
chr19	40421591	40424955
chr19	40490730	40494111
chr19	40524310	40528109
chr19	40570225	40573595
chr19	40625248	40632939
chr19	40634482	40638586
chr19	40721744	40727478
chr19	41036529	41037151
chr19	41811823	41812288
chr19	42094488	42095547
chr19	42123086	42124039
chr19	42200111	42200848
chr19	42209044	42210083
chr19	42317410	42318036
chr19	42500905	42501955
chr19	42619293	42619747
chr19	42644007	42645079
chr19	42647374	42648126
chr19	42707825	42708287
chr19	42817469	42818419
chr19	43052738	43052980
chr19	43105769	43106627
chr19	44292925	44293873
chr19	45016488	45017513
chr19	45999078	46000233
chr19	46097622	46098011
chr19	46149216	46150136
chr19	46455441	46456759
chr19	46721147	46721941
chr19	46725131	46725578
chr19	46728645	46729245
chr19	47576844	47577200
chr19	47909882	47910817
chr19	47940565	47941501
chr19	47947361	47948149
chr19	47975245	47975754
chr19	48613584	48614261
chr19	49623061	49623777
chr19	49652550	49653267
chr19	50489596	50491000
chr19	50491191	50491525
chr19	50695707	50696234
chr19	50828638	50829509
chr19	51198502	51198844
chr19	51301384	51301916
chr19	51821985	51822371
chr19	51845136	51845612
chr19	51925092	51925704
chr19	51925889	51926185
chr19	51983667	51984313
chr19	52056270	52057105
chr19	52057120	52057375
chr19	52110996	52111833
chr19	53680941	53681744
chr19	54399822	54400705
chr19	54405639	54407296
chr19	54430413	54430944
chr19	54431043	54431656
chr19	54815369	54816923
chr19	55027903	55028425
chr19	55028502	55029296
chr19	55069598	55070143
chr19	55195453	55196695
chr19	55577331	55578243
chr19	55669754	55670135
chr19	55690261	55692603
chr19	55709642	55710496
chr19	55727724	55729386
chr19	55731493	55733043
chr19	55948028	55949336
chr19	56092146	56093671
chr19	56526763	56527607
chr19	56527736	56528181
chr19	56531418	56531798
chr19	56594789	56595692
chr19	56678178	56678942
chr19	57149021	57150151
chr19	57150614	57151158
chr19	57216969	57218123
chr19	57229573	57229965
chr19	57233022	57233526
chr19	57244231	57244880
chr19	57580429	57580936
chr19	57635215	57635727
chr19	58178553	58179326
chr19	58811957	58812434
chr19	58828114	58829913
chr2	423412	423838
chr2	2332466	2333351
chr2	2722580	2723262
chr2	3255716	3256089
chr2	10536570	10537108
chr2	10979646	10980500
chr2	11755364	11755746
chr2	11756405	11756802
chr2	11809840	11810501
chr2	13400604	13400922
chr2	14817129	14817615
chr2	16727128	16728139
chr2	19529184	19529780
chr2	21124878	21125579
chr2	22139696	22140215
chr2	23011613	23011972
chr2	23315591	23316114
chr2	23552845	23553591
chr2	23896871	23897650
chr2	25565180	25565933
chr2	26371274	26371829
chr2	26763243	26763657
chr2	26914849	26915682
chr2	27060923	27061858
chr2	27216361	27217360
chr2	27531098	27531841
chr2	28236296	28236950
chr2	29327532	29328095
chr2	29516408	29517318
chr2	30142713	30143551
chr2	30607984	30608751
chr2	31330496	31330892
chr2	34877502	34878125
chr2	36599202	36599538
chr2	36603968	36604558
chr2	36654508	36655342
chr2	37451236	37451661
chr2	39410823	39411213
chr2	39416092	39416537
chr2	40085773	40086210
chr2	40886017	40886541
chr2	41424914	41425338
chr2	42018261	42019392
chr2	42063818	42064930
chr2	42975966	42976357
chr2	43349084	43349508
chr2	44243055	44244134
chr2	45020337	45020980
chr2	47270827	47271337
chr2	47797911	47799331
chr2	48338746	48339188
chr2	50408283	50409006
chr2	51259222	51259712
chr2	53182255	53182646
chr2	55427614	55427883
chr2	58654580	58654975
chr2	59061216	59062172
chr2	64523628	64524390
chr2	68547191	68548254
chr2	71356986	71357606
chr2	71574327	71576251
chr2	72083504	72084462
chr2	72341710	72342127
chr2	72789774	72790440
chr2	73073785	73074369
chr2	73110055	73111191
chr2	73507062	73507489
chr2	73517337	73518942
chr2	74214558	74215028
chr2	74728399	74728951
chr2	77185845	77186491
chr2	77282086	77282485
chr2	79680697	79681716
chr2	79738189	79739154
chr2	85185188	85185765
chr2	85751264	85751965
chr2	85889985	85890399
chr2	95424906	95425463
chr2	95428306	95428690
chr2	95590782	95591266
chr2	95950930	95951320
chr2	97497388	97497918
chr2	98962585	98963536
chr2	99645079	99645286
chr2	100819021	100819449
chr2	101087262	101087927
chr2	104272977	104273469
chr2	106072047	106072564
chr2	106119115	106119473
chr2	108755842	108756536
chr2	112703948	112704572
chr2	114825947	114826489
chr2	115199950	115200760
chr2	118590510	118591551
chr2	119285180	119285434
chr2	119863554	119864603
chr2	119892360	119892745
chr2	119924259	119925396
chr2	119992108	119992749
chr2	120448700	120449168
chr2	121104973	121105329
chr2	121106616	121107308
chr2	121158700	121159591
chr2	121862255	121862707
chr2	125195348	125195848
chr2	127566994	127567456
chr2	131513722	131514373
chr2	133246525	133247171
chr2	133784103	133784574
chr2	133821303	133821832
chr2	135788186	135789089
chr2	137284956	137285678
chr2	137340080	137340757
chr2	139899595	139900476
chr2	148703198	148703697
chr2	149401527	149402067
chr2	149487558	149488112
chr2	153763572	153763987
chr2	153806486	153807108
chr2	153952823	153953152
chr2	154720414	154720940
chr2	158444081	158444472
chr2	159044411	159044827
chr2	160829837	160830196
chr2	163532860	163533483
chr2	163696589	163698108
chr2	164594104	164594561
chr2	165871605	165871858
chr2	166094515	166095413
chr2	168151144	168151735
chr2	171670494	171671449
chr2	173822479	173822851
chr2	173913537	173913971
chr2	173952808	173953309
chr2	178976871	178977491
chr2	181809131	181809402
chr2	182461392	182461706
chr2	182542184	182543597
chr2	182549656	182550598
chr2	187297798	187298116
chr2	189842900	189843234
chr2	197286545	197287123
chr2	200179817	200180765
chr2	201457199	201458100
chr2	204991916	204992397
chr2	205715294	205715594
chr2	207507243	207507892
chr2	208024847	208025197
chr2	208067177	208067911
chr2	210101097	210101565
chr2	210635870	210636949
chr2	214965317	214965611
chr2	215275272	215276561
chr2	217231603	217232232
chr2	217236486	217237788
chr2	218669111	218669542
chr2	219826396	219828326
chr2	219856209	219857051
chr2	219910191	219911477
chr2	220082823	220083720
chr2	220172312	220173700
chr2	220195971	220196988
chr2	220372386	220372817
chr2	220408248	220409472
chr2	224466456	224467547
chr2	226264389	226265322
chr2	226802156	226802873
chr2	226994808	226995318
chr2	227675398	227676185
chr2	228145681	228146044
chr2	230579506	230580581
chr2	231153943	231154356
chr2	232644516	232645302
chr2	234821106	234822488
chr2	234885883	234886560
chr2	235018721	235019416
chr2	235087059	235088282
chr2	235244122	235244788
chr2	235537657	235537961
chr2	235883444	235884043
chr2	236379836	236380380
chr2	238456465	238456773
chr2	238472206	238473078
chr2	238835599	238836395
chr2	239670320	239671051
chr2	240030013	240030715
chr2	240565732	240566149
chr2	240577831	240578193
chr2	240609831	240610345
chr2	241385488	241386017
chr2	241543689	241544153
chr2	241779664	241780280
chr2	241988841	241989820
chr2	242006255	242006893
chr20	220727	221051
chr20	655671	656813
chr20	859018	860141
chr20	1151769	1152699
chr20	1477565	1478004
chr20	1959873	1960504
chr20	1986084	1987464
chr20	3049584	3050192
chr20	3767514	3767971
chr20	4543977	4544719
chr20	4711439	4711984
chr20	5109486	5109940
chr20	5380613	5381426
chr20	5491010	5491503
chr20	5891765	5892981
chr20	7588774	7589390
chr20	9640574	9641426
chr20	10114154	10114620
chr20	10199395	10201113
chr20	10536022	10536496
chr20	12828382	12828806
chr20	16195715	16196047
chr20	17064333	17064772
chr20	17207208	17207483
chr20	17208174	17208579
chr20	18989109	18989513
chr20	19728587	19728862
chr20	22785886	22786343
chr20	24558078	24558605
chr20	25035516	25036186
chr20	25061294	25062307
chr20	26318409	26318566
chr20	30257591	30258867
chr20	30554943	30555610
chr20	30555630	30556057
chr20	30556079	30557723
chr20	30559872	30560933
chr20	31780615	31781241
chr20	31796835	31798536
chr20	32234668	32235151
chr20	32454103	32454936
chr20	32569704	32570246
chr20	32646531	32647280
chr20	33814772	33815493
chr20	34644715	34645289
chr20	34892604	34893036
chr20	34972252	34973845
chr20	35011805	35012166
chr20	35012293	35013396
chr20	35414994	35415592
chr20	36201106	36201956
chr20	36254853	36256058
chr20	36309781	36310296
chr20	36529460	36530944
chr20	37308790	37309917
chr20	37313994	37315261
chr20	37320476	37322086
chr20	37507312	37508083
chr20	37824325	37824803
chr20	40283343	40283952
chr20	40653188	40653696
chr20	40669556	40670032
chr20	40808368	40808930
chr20	41317130	41317622
chr20	41668843	41669734
chr20	41672585	41672833
chr20	41816207	41816985
chr20	41949148	41949579
chr20	42876460	42877433
chr20	42892776	42893540
chr20	43405328	43406414
chr20	43408411	43409590
chr20	43648320	43648596
chr20	44143755	44144243
chr20	44655324	44656797
chr20	44657850	44658950
chr20	44668856	44670486
chr20	44685464	44686383
chr20	44857899	44858846
chr20	44858973	44860553
chr20	44890434	44890907
chr20	44921418	44922320
chr20	45152413	45153124
chr20	45644515	45645236
chr20	47139372	47140307
chr20	48099013	48100116
chr20	48102098	48102418
chr20	49034118	49034772
chr20	49089798	49090239
chr20	50227715	50228416
chr20	52226227	52226695
chr20	52392871	52393246
chr20	52613557	52614111
chr20	54819278	54819736
chr20	54903497	54904331
chr20	56622817	56624016
chr20	56663150	56663629
chr20	57637079	57637480
chr20	57709236	57709622
chr20	57717085	57717696
chr20	58273687	58273929
chr20	58340414	58341195
chr20	58924435	58924926
chr20	59164634	59165217
chr20	59496086	59496479
chr20	59906740	59907169
chr20	60105429	60106329
chr20	60183034	60184011
chr20	60526690	60527722
chr20	60795373	60796332
chr20	61170133	61170588
chr20	61173674	61174793
chr20	61184466	61186104
chr20	61372287	61373377
chr20	61700807	61701946
chr20	61712888	61714477
chr20	61747344	61748583
chr20	61806921	61808210
chr20	61952686	61953142
chr20	62009485	62010741
chr20	62089051	62089633
chr20	62092207	62093243
chr20	62106295	62107023
chr20	62276508	62277091
chr20	62284427	62285056
chr20	62792954	62793892
chr20	62798084	62798749
chr20	62823595	62824488
chr21	16437345	16437840
chr21	18715256	18715906
chr21	20482039	20482408
chr21	22602863	22603554
chr21	24895109	24895465
chr21	32958419	32958754
chr21	34100356	34101427
chr21	34529417	34530065
chr21	34637975	34638400
chr21	36594264	36594774
chr21	38835732	38836209
chr21	39286055	39287258
chr21	43395929	43396366
chr21	43849941	43850449
chr21	43857764	43858300
chr21	44710338	44710702
chr21	44742348	44743497
chr21	47065343	47066476
chr22	17539024	17539437
chr22	17601176	17601528
chr22	18955516	18956310
chr22	19022943	19023482
chr22	20155382	20155796
chr22	20257679	20258101
chr22	21363876	21364482
chr22	23395566	23395972
chr22	23746577	23747467
chr22	23950361	23951531
chr22	24034715	24035195
chr22	25140507	25141096
chr22	25238968	25239441
chr22	25271644	25272433
chr22	25589273	25590111
chr22	25798393	25798849
chr22	26395915	26396335
chr22	26474735	26475477
chr22	26566592	26567272
chr22	26655331	26656138
chr22	26812941	26813245
chr22	27248070	27248620
chr22	27318690	27319339
chr22	27345156	27345620
chr22	27373677	27374166
chr22	27471225	27471631
chr22	27850536	27851452
chr22	29872123	29872566
chr22	29874078	29875227
chr22	30112453	30113579
chr22	30854997	30855906
chr22	31198237	31199250
chr22	31202512	31202958
chr22	32502800	32503527
chr22	32573381	32573884
chr22	33472307	33472823
chr22	34432976	34433296
chr22	34498675	34498918
chr22	34810787	34811240
chr22	35092544	35092910
chr22	36595273	36595562
chr22	36743174	36743508
chr22	37039705	37041154
chr22	37098876	37100076
chr22	37149401	37150011
chr22	37261115	37262033
chr22	37592971	37593584
chr22	37858436	37859725
chr22	38808347	38808726
chr22	39220239	39221271
chr22	39312759	39313113
chr22	39874050	39875058
chr22	39941266	39942667
chr22	39942897	39943246
chr22	41543727	41544155
chr22	42690193	42691141
chr22	42722254	42722728
chr22	43803104	43803679
chr22	43844933	43845626
chr22	44263418	44264587
chr22	44301579	44301948
chr22	44525563	44525974
chr22	45005373	45005783
chr22	45370772	45372258
chr22	45403628	45404289
chr22	45612105	45613084
chr22	46242679	46243436
chr22	46549828	46550284
chr22	47184366	47184758
chr22	47814970	47815400
chr22	48563005	48563491
chr22	49040026	49040553
chr22	49604468	49605087
chr22	49626022	49626606
chr22	49763157	49763499
chr22	49947022	49947730
chr22	50105606	50106384
chr22	50128567	50129834
chr22	50309125	50309659
chr22	50708851	50709789
chr22	50936586	50937033
chr22	51038173	51038895
chr3	2345102	2345756
chr3	2852370	2852699
chr3	9593517	9594397
chr3	9745493	9746737
chr3	10492007	10492630
chr3	10501477	10502531
chr3	10536747	10537045
chr3	10588099	10588400
chr3	10636414	10637206
chr3	10795384	10796235
chr3	10908993	10909712
chr3	11006214	11006749
chr3	12091043	12091515
chr3	13162895	13163373
chr3	13183277	13184032
chr3	14166467	14167523
chr3	14639210	14640527
chr3	15476077	15476801
chr3	16467144	16467532
chr3	19190763	19191412
chr3	23329760	23330249
chr3	24076004	24076302
chr3	24201801	24202324
chr3	37661729	37662232
chr3	38438718	38439321
chr3	38796535	38797033
chr3	38846905	38848105
chr3	40479361	40479820
chr3	42341403	42342026
chr3	42742433	42743509
chr3	43001736	43002199
chr3	44177998	44178329
chr3	44574085	44575020
chr3	44931704	44932042
chr3	46746510	46747299
chr3	46784421	46784724
chr3	47517043	47517294
chr3	48698947	48699731
chr3	49591580	49592669
chr3	49904899	49906008
chr3	50167832	50168265
chr3	50442468	50443301
chr3	50563261	50564242
chr3	51740436	51741159
chr3	51963289	51964046
chr3	51967975	51968614
chr3	52888016	52888602
chr3	53409197	53409386
chr3	54221874	54222802
chr3	56528256	56529258
chr3	57005288	57005593
chr3	57791326	57791850
chr3	58573435	58574489
chr3	62304478	62305769
chr3	62514835	62515521
chr3	62861630	62862315
chr3	63053586	63054182
chr3	63350103	63350664
chr3	63739094	63739754
chr3	66151474	66151726
chr3	67163801	67164866
chr3	68355619	68356227
chr3	68968129	68968520
chr3	72446782	72447212
chr3	78454915	78455243
chr3	81848562	81848963
chr3	84995407	84995753
chr3	85680303	85680588
chr3	99280965	99281442
chr3	101152551	101152864
chr3	109692496	109693044
chr3	111070170	111070471
chr3	111433088	111433636
chr3	113897313	113898350
chr3	115044308	115044958
chr3	115577802	115578224
chr3	115604413	115605026
chr3	116298493	116299186
chr3	117041652	117042185
chr3	119781286	119781784
chr3	120626539	120627491
chr3	122637720	122638504
chr3	123004657	123006179
chr3	123371102	123371600
chr3	123936043	123937118
chr3	124821345	124821750
chr3	125013109	125013672
chr3	125682634	125683162
chr3	126842992	126843361
chr3	126877351	126878279
chr3	126881495	126882308
chr3	126951878	126952873
chr3	127039102	127040144
chr3	127044132	127044488
chr3	127177107	127178255
chr3	127347978	127348265
chr3	127934130	127934405
chr3	129702752	129703483
chr3	131753456	131754880
chr3	133171520	133172167
chr3	134824992	134826055
chr3	134843647	134844675
chr3	135471636	135472320
chr3	136537875	136539707
chr3	137915664	137916731
chr3	138569045	138569384
chr3	139516241	139517365
chr3	139925498	139925911
chr3	140624412	140624789
chr3	147036691	147037154
chr3	149057763	149058474
chr3	149104223	149105147
chr3	149531474	149532252
chr3	151161348	151161952
chr3	154138639	154139375
chr3	157815288	157816785
chr3	158991236	158992043
chr3	159337308	159337719
chr3	160401539	160401985
chr3	160471757	160473053
chr3	160548593	160549089
chr3	161348463	161349176
chr3	170301952	170302983
chr3	170321524	170322034
chr3	172167292	172168138
chr3	177196273	177196659
chr3	178402751	178403111
chr3	178408362	178408738
chr3	179754345	179754733
chr3	181034016	181034919
chr3	183623004	183623658
chr3	183667455	183668066
chr3	183957670	183959086
chr3	183977148	183978873
chr3	186024817	186026373
chr3	187386814	187388495
chr3	189664085	189664563
chr3	189834294	189835023
chr3	190557724	190558501
chr3	191359570	191359890
chr3	191905223	191905689
chr3	192231610	192232156
chr3	193072242	193072553
chr3	193853513	193854455
chr3	194715340	194715589
chr3	195080874	195081280
chr3	195807749	195808270
chr4	819297	819767
chr4	1403677	1405052
chr4	3703095	3703426
chr4	3793301	3794424
chr4	3869945	3870670
chr4	5221557	5222270
chr4	5363245	5364399
chr4	5452925	5453345
chr4	5591365	5591637
chr4	5877017	5877671
chr4	5883031	5883490
chr4	5892624	5893448
chr4	6226933	6227720
chr4	6364475	6365063
chr4	6547753	6549107
chr4	7295450	7295819
chr4	7583034	7583806
chr4	7738634	7739020
chr4	8042359	8042797
chr4	8162168	8162904
chr4	8582069	8582929
chr4	8676888	8677637
chr4	14197569	14198349
chr4	14416875	14417198
chr4	15565524	15565870
chr4	20475710	20476208
chr4	21478360	21478753
chr4	22005524	22005881
chr4	23518419	23518727
chr4	25401134	25401574
chr4	27280095	27280771
chr4	27687610	27687958
chr4	32848945	32849528
chr4	37269944	37270377
chr4	37695502	37695739
chr4	44353063	44353419
chr4	46018120	46018898
chr4	56989748	56990015
chr4	57774173	57775092
chr4	57821211	57821670
chr4	58303837	58304170
chr4	64735002	64735456
chr4	69170448	69170741
chr4	74283717	74283928
chr4	74683029	74683456
chr4	74879874	74880404
chr4	82157347	82157684
chr4	82938752	82939320
chr4	84493937	84494414
chr4	87987706	87988238
chr4	91058765	91059108
chr4	96316064	96316403
chr4	96511826	96512090
chr4	102192522	102193202
chr4	102253401	102254099
chr4	103923670	103923997
chr4	109782512	109782886
chr4	112866188	112866556
chr4	115294662	115295007
chr4	121551585	121551978
chr4	122618240	122618650
chr4	124395984	124396514
chr4	129254408	129254923
chr4	136653614	136653924
chr4	147557964	147558486
chr4	147564887	147565558
chr4	149128222	149128675
chr4	153087702	153088093
chr4	158141204	158141720
chr4	163084759	163085510
chr4	165317596	165317982
chr4	167000095	167000476
chr4	170744683	170745394
chr4	174113588	174114424
chr4	174173357	174173913
chr4	175749880	175750315
chr4	177656274	177657074
chr4	179260934	179261342
chr4	180016881	180017416
chr4	180018782	180019391
chr4	186033242	186033564
chr4	189338295	189338781
chr4	190694838	190695581
chr5	56752	57755
chr5	1246398	1248012
chr5	1408767	1410227
chr5	1669609	1669926
chr5	2238871	2239268
chr5	5071739	5072018
chr5	6302702	6303277
chr5	6328001	6328841
chr5	6686547	6687662
chr5	7010679	7011128
chr5	7094621	7095299
chr5	8316757	8317102
chr5	13553851	13554483
chr5	13648591	13649533
chr5	13866541	13867601
chr5	14628130	14629277
chr5	15844369	15844744
chr5	16178754	16179280
chr5	16834071	16834577
chr5	25852729	25853038
chr5	29963888	29964638
chr5	30216712	30217497
chr5	30809123	30809511
chr5	31165942	31166230
chr5	33935866	33936491
chr5	38211047	38211499
chr5	38318011	38318421
chr5	38921186	38921733
chr5	39713033	39713285
chr5	40478287	40478728
chr5	41517968	41518544
chr5	43190620	43191352
chr5	45694156	45695044
chr5	52912668	52913377
chr5	54151103	54151371
chr5	55161587	55162206
chr5	56682826	56683182
chr5	57878391	57879746
chr5	58423054	58423406
chr5	59189635	59190335
chr5	63258560	63259755
chr5	66092456	66093024
chr5	67850815	67851256
chr5	71014718	71016037
chr5	71146686	71146971
chr5	71358731	71359755
chr5	72640677	72641072
chr5	74214715	74215317
chr5	74780440	74780839
chr5	75337662	75338130
chr5	75399734	75400428
chr5	76931089	76932176
chr5	80149231	80149695
chr5	80216726	80217401
chr5	82390990	82391383
chr5	85921939	85922299
chr5	86212468	86213702
chr5	87748627	87748990
chr5	88186182	88186659
chr5	90005169	90005558
chr5	92581976	92582455
chr5	92943251	92943804
chr5	92947751	92948945
chr5	94138095	94138627
chr5	95763457	95764214
chr5	95769439	95770609
chr5	95819236	95820245
chr5	102229617	102230086
chr5	102790479	102790896
chr5	106276000	106276282
chr5	106803231	106803648
chr5	110700687	110701153
chr5	117412136	117412476
chr5	123882118	123883008
chr5	124515669	124516777
chr5	124760035	124760470
chr5	125133784	125134740
chr5	131235282	131235985
chr5	131288161	131288581
chr5	131304087	131304702
chr5	131347881	131348817
chr5	132582941	132583539
chr5	132631099	132631604
chr5	132857021	132857449
chr5	132901352	132902310
chr5	132946528	132947178
chr5	133876929	133878100
chr5	134394824	134395272
chr5	135700527	135701621
chr5	136788792	136789872
chr5	136930339	136930974
chr5	137998201	137998788
chr5	139171769	139172189
chr5	139187810	139188753
chr5	139215118	139215872
chr5	139779964	139780739
chr5	139781830	139782639
chr5	140090531	140091291
chr5	140105379	140106138
chr5	140419742	140421428
chr5	141016771	141018247
chr5	141113528	141115204
chr5	141122499	141123807
chr5	141133348	141134728
chr5	141213819	141214288
chr5	141262618	141263688
chr5	141693666	141694175
chr5	141838774	141839164
chr5	144276008	144276557
chr5	145173093	145173548
chr5	145318435	145318882
chr5	145719703	145720876
chr5	146003729	146004199
chr5	146024812	146025414
chr5	146204514	146205295
chr5	148045673	148046437
chr5	148634114	148634587
chr5	149651400	149651868
chr5	149849197	149849741
chr5	150016950	150017632
chr5	151303899	151304905
chr5	151625648	151626577
chr5	151922235	151922739
chr5	152244592	152244836
chr5	152655572	152656260
chr5	153476349	153477150
chr5	154477989	154478364
chr5	155105764	155106327
chr5	155635184	155635771
chr5	158143554	158144222
chr5	158533536	158534082
chr5	159008663	159009086
chr5	161273766	161274242
chr5	161316914	161317385
chr5	161495410	161496073
chr5	162130916	162131374
chr5	162269712	162270210
chr5	162992426	162992989
chr5	163434108	163434385
chr5	165592427	165593299
chr5	165935972	165936562
chr5	166271879	166272437
chr5	167288045	167288702
chr5	167955205	167956337
chr5	168993918	168994657
chr5	169068122	169068865
chr5	169254801	169255318
chr5	170038527	170039297
chr5	170107942	170108740
chr5	170845273	170846267
chr5	171328679	171329338
chr5	173472319	173473348
chr5	174746317	174746539
chr5	174748566	174749702
chr5	174763778	174764188
chr5	175170473	175171246
chr5	175223177	175224883
chr5	175238507	175239002
chr5	175298353	175299658
chr5	176036792	176037078
chr5	176037784	176039267
chr5	176230431	176231741
chr5	176233052	176233841
chr5	176263817	176265672
chr5	177008145	177008927
chr5	177009059	177009422
chr5	178848550	178848944
chr6	3180239	3180399
chr6	4361125	4361557
chr6	4853481	4854090
chr6	5446631	5446987
chr6	6191542	6192298
chr6	8492811	8493163
chr6	8506372	8506933
chr6	9690511	9691099
chr6	9891137	9891553
chr6	10846714	10847125
chr6	11044367	11044639
chr6	11535831	11536506
chr6	12290279	12290849
chr6	12440880	12441848
chr6	12736005	12736427
chr6	12751549	12752616
chr6	16755131	16755554
chr6	17768428	17769206
chr6	19922044	19922495
chr6	19988436	19989487
chr6	24126608	24127823
chr6	25638026	25638446
chr6	25652178	25653112
chr6	26156292	26156757
chr6	26158166	26158581
chr6	27860765	27861422
chr6	28733664	28734067
chr6	28770366	28770947
chr6	29600687	29601086
chr6	29700815	29701251
chr6	29829169	29829573
chr6	30250261	30250617
chr6	30278728	30279364
chr6	30345948	30346810
chr6	31260857	31261909
chr6	31509637	31510571
chr6	31627286	31627967
chr6	32073014	32073810
chr6	32430257	32430704
chr6	32821705	32822252
chr6	33163005	33163568
chr6	33290668	33292105
chr6	33779975	33781010
chr6	34082615	34083981
chr6	34099833	34101219
chr6	34839984	34840553
chr6	35772535	35773688
chr6	35910059	35910639
chr6	36459283	36459831
chr6	36974658	36975490
chr6	37492704	37494046
chr6	38197155	38198093
chr6	38315733	38316025
chr6	39056078	39056591
chr6	39104715	39105674
chr6	40567303	40567747
chr6	41134557	41135416
chr6	42189018	42189464
chr6	42312412	42313055
chr6	43205731	43206128
chr6	43602770	43603985
chr6	44238680	44239041
chr6	44252916	44253829
chr6	50666965	50667388
chr6	50688265	50688827
chr6	51435937	51436242
chr6	52108079	52108384
chr6	52185115	52185444
chr6	52528776	52529282
chr6	55041547	55042202
chr6	55458439	55458787
chr6	58776441	58779349
chr6	62268730	62269123
chr6	68851219	68851485
chr6	69942217	69943750
chr6	71009076	71009721
chr6	71234548	71235158
chr6	71775901	71776289
chr6	73156084	73156565
chr6	73831196	73831968
chr6	77869402	77869870
chr6	78023037	78023943
chr6	78719828	78720219
chr6	80551299	80551718
chr6	81481588	81482075
chr6	84559333	84559705
chr6	84568442	84569867
chr6	88146035	88146736
chr6	88829264	88829906
chr6	88930016	88930790
chr6	89247630	89248445
chr6	90168480	90168843
chr6	90198181	90198537
chr6	90269122	90269685
chr6	90604643	90605671
chr6	91404560	91404899
chr6	96140781	96141410
chr6	96564307	96565080
chr6	98651062	98651789
chr6	99105467	99106196
chr6	99800760	99801586
chr6	101844107	101845297
chr6	103631853	103632266
chr6	105335077	105335684
chr6	105391506	105392226
chr6	106540102	106540607
chr6	108495214	108495892
chr6	108509312	108509716
chr6	110299074	110300595
chr6	110319494	110320111
chr6	110494312	110495230
chr6	110576201	110577371
chr6	112014040	112014534
chr6	115677594	115677913
chr6	116917366	116918754
chr6	118227750	118228407
chr6	118998318	118998756
chr6	119411328	119412027
chr6	121190490	121191013
chr6	123343854	123344667
chr6	123440653	123440912
chr6	124216366	124216931
chr6	126946019	126946610
chr6	127837021	127838164
chr6	127841009	127842002
chr6	130683273	130683840
chr6	131702874	131703143
chr6	136736674	136737220
chr6	136792375	136793041
chr6	136798647	136799067
chr6	137289301	137289601
chr6	140122988	140123534
chr6	142409682	142410606
chr6	142696495	142696728
chr6	143555012	143555417
chr6	146348994	146350236
chr6	149795183	149795628
chr6	150185202	150185722
chr6	152168087	152168536
chr6	153071683	153072390
chr6	153460058	153460581
chr6	154360359	154361047
chr6	155733549	155733807
chr6	156430844	156431271
chr6	157978833	157979486
chr6	158098214	158098758
chr6	158956581	158957692
chr6	159687899	159688872
chr6	164006979	164007198
chr6	167228670	167229657
chr6	168237175	168237965
chr7	936084	936591
chr7	1752906	1753749
chr7	1757859	1758803
chr7	1922944	1923601
chr7	2501017	2501476
chr7	2586771	2587297
chr7	4509512	4510631
chr7	4991472	4992420
chr7	6227903	6228558
chr7	6352248	6352615
chr7	8473312	8474084
chr7	8482377	8482816
chr7	8669088	8669418
chr7	8763537	8764229
chr7	9816537	9816951
chr7	11014040	11014564
chr7	14950759	14951029
chr7	16944974	16945274
chr7	17143633	17144033
chr7	17728946	17729405
chr7	19186075	19187095
chr7	19812197	19813268
chr7	20388045	20388442
chr7	22768785	22769138
chr7	22983503	22984049
chr7	25156252	25156818
chr7	25886286	25886670
chr7	27154702	27155188
chr7	27190074	27190889
chr7	30711261	30712189
chr7	31010324	31010811
chr7	31154140	31155388
chr7	32466772	32467898
chr7	34888526	34889228
chr7	36324659	36325569
chr7	36637486	36638306
chr7	37091930	37093082
chr7	38552232	38552679
chr7	39826194	39826338
chr7	44092271	44092772
chr7	45264162	45265111
chr7	45306715	45307425
chr7	47615816	47616335
chr7	47722981	47723433
chr7	47825973	47826712
chr7	48335144	48335630
chr7	48912145	48912468
chr7	50620384	50621192
chr7	51233064	51233381
chr7	52422783	52423119
chr7	54610788	54611289
chr7	55594511	55594984
chr7	57394807	57395068
chr7	63361299	63361870
chr7	63635156	63635839
chr7	65285414	65285830
chr7	65297150	65297644
chr7	66359305	66359966
chr7	66394055	66394585
chr7	68661685	68661924
chr7	71311043	71311674
chr7	73163567	73163983
chr7	73247789	73248379
chr7	73711956	73712639
chr7	75550807	75551153
chr7	75831055	75832402
chr7	75833375	75833877
chr7	75854626	75855589
chr7	77455590	77456154
chr7	78250076	78250839
chr7	80928523	80928827
chr7	82790379	82791097
chr7	83243407	83243852
chr7	86538144	86538704
chr7	90016710	90017278
chr7	92878979	92879547
chr7	94139738	94140353
chr7	95534297	95535017
chr7	95951245	95952099
chr7	98242474	98243987
chr7	99154847	99155427
chr7	100253695	100254424
chr7	100701108	100702887
chr7	100807351	100809668
chr7	101932752	101933534
chr7	103276601	103277008
chr7	103491768	103492401
chr7	104192348	104193189
chr7	104267702	104268568
chr7	105054351	105055014
chr7	105295303	105296020
chr7	105383783	105384215
chr7	107301445	107302250
chr7	107988018	107988560
chr7	110767115	110767440
chr7	121329762	121330186
chr7	123672438	123673010
chr7	125195966	125196234
chr7	126747452	126748667
chr7	126982617	126983049
chr7	127100147	127100542
chr7	127114506	127114937
chr7	127808024	127809293
chr7	128274060	128274236
chr7	128441738	128442125
chr7	128563340	128563825
chr7	128858355	128858860
chr7	129162211	129162898
chr7	130549986	130551003
chr7	130855054	130856002
chr7	130881397	130882058
chr7	130896626	130897422
chr7	131276648	131277085
chr7	131430128	131431033
chr7	131819794	131820279
chr7	131955037	131955905
chr7	132823913	132824526
chr7	133326216	133326558
chr7	133743640	133744043
chr7	135020219	135021056
chr7	135126349	135126983
chr7	135487521	135487936
chr7	136542299	136542828
chr7	139901162	139901504
chr7	140772876	140773283
chr7	140796831	140797752
chr7	140920551	140921477
chr7	141033112	141033707
chr7	141151026	141151452
chr7	141415562	141416072
chr7	143018808	143019259
chr7	145809950	145810195
chr7	145812623	145813401
chr7	147005577	147006022
chr7	147839753	147840199
chr7	150680489	150681911
chr7	150748062	150748551
chr7	152758816	152759551
chr7	153928780	153929434
chr7	154106620	154107525
chr7	154860824	154862548
chr7	156178473	156179203
chr7	156556668	156557093
chr7	157285713	157286184
chr7	158002109	158002523
chr7	158155427	158156166
chr7	158346533	158346857
chr7	158346864	158347350
chr7	158380357	158380691
chr8	1003846	1004399
chr8	1029461	1029861
chr8	4146932	4147369
chr8	5982061	5982425
chr8	6566092	6566402
chr8	9807313	9807792
chr8	10847486	10848250
chr8	10848714	10849019
chr8	10949697	10950498
chr8	11463193	11463623
chr8	20054410	20054953
chr8	21458836	21459126
chr8	21860527	21860945
chr8	24770156	24770505
chr8	24885761	24886187
chr8	25193568	25194205
chr8	25719077	25719487
chr8	26372363	26373097
chr8	27305241	27305766
chr8	27474947	27475174
chr8	28514782	28515149
chr8	28594757	28595344
chr8	31652744	31653282
chr8	32392624	32392904
chr8	32487190	32487517
chr8	35289619	35290311
chr8	36235559	36235879
chr8	40686325	40686716
chr8	41753149	41753890
chr8	43092721	43093136
chr8	48178257	48178774
chr8	50823682	50824756
chr8	51475745	51476282
chr8	53127646	53128190
chr8	53164559	53165448
chr8	53448734	53449347
chr8	54790292	54790822
chr8	55913778	55914338
chr8	56015330	56015787
chr8	62200149	62201295
chr8	62408443	62409312
chr8	62713851	62714289
chr8	65287743	65288267
chr8	65292303	65292973
chr8	67089117	67090760
chr8	68772727	68773432
chr8	69084491	69084886
chr8	73745687	73746025
chr8	73831050	73831813
chr8	75262269	75263430
chr8	77434630	77434981
chr8	79653119	79653392
chr8	80149290	80149945
chr8	80458162	80458551
chr8	80521319	80522234
chr8	80522361	80523263
chr8	87848922	87849353
chr8	90119278	90120026
chr8	91094639	91095800
chr8	92692742	92693396
chr8	93560177	93560580
chr8	93977810	93978528
chr8	94599721	94600104
chr8	99438704	99439412
chr8	100511021	100511293
chr8	101071843	101072078
chr8	102255818	102256651
chr8	102973119	102973518
chr8	103187780	103188400
chr8	104513603	104514851
chr8	104611373	104611636
chr8	109738676	109739185
chr8	109796212	109796607
chr8	110698065	110698798
chr8	111160902	111161265
chr8	116434006	116434551
chr8	116463899	116464284
chr8	122682053	122682282
chr8	122695912	122696431
chr8	124505259	124505790
chr8	125093031	125093439
chr8	125172639	125173052
chr8	125605120	125605598
chr8	126569069	126569446
chr8	129087789	129088203
chr8	129157001	129157704
chr8	129202134	129202413
chr8	129481433	129482478
chr8	129820620	129820933
chr8	131552032	131552596
chr8	131761652	131762292
chr8	131820746	131821359
chr8	132049083	132049694
chr8	133376616	133377098
chr8	133417921	133418373
chr8	135421661	135422508
chr8	135857384	135857783
chr8	136332555	136333071
chr8	137129889	137130644
chr8	139437787	139438143
chr8	139640666	139641017
chr8	139692578	139693140
chr8	139747939	139748436
chr8	139801083	139801957
chr8	140083247	140084132
chr8	140221483	140221828
chr8	140257993	140259045
chr8	140670730	140671542
chr8	140731976	140733106
chr8	140908541	140909616
chr8	142141667	142142176
chr8	142525926	142527591
chr8	142576407	142578114
chr8	142686423	142687028
chr8	142725547	142727377
chr8	142901860	142902535
chr8	142970305	142971435
chr8	143048426	143048897
chr8	143298574	143299245
chr8	143331795	143332870
chr8	143376463	143377186
chr8	143464339	143465397
chr8	143577426	143578322
chr8	143682487	143683172
chr8	143712876	143714343
chr8	143746351	143746740
chr8	143863020	143863608
chr8	143955547	143956247
chr8	143993082	143993905
chr8	144024697	144025736
chr8	144182998	144184104
chr8	144309199	144310085
chr8	145559380	145560692
chr8	145752167	145752858
chr9	16112160	16112476
chr9	19266967	19267375
chr9	19720352	19720859
chr9	19781986	19782295
chr9	21677761	21678091
chr9	23829424	23830056
chr9	34412931	34414085
chr9	34430638	34431473
chr9	34493333	34494745
chr9	34983854	34984595
chr9	36747943	36749427
chr9	36772145	36773207
chr9	37025629	37028267
chr9	37033792	37034386
chr9	37472173	37472866
chr9	37784863	37785461
chr9	72700042	72700534
chr9	73004670	73005125
chr9	75963385	75963854
chr9	79521038	79521580
chr9	80190569	80191290
chr9	81738298	81738725
chr9	85911025	85911646
chr9	85969778	85970284
chr9	91800912	91801415
chr9	93105731	93106120
chr9	93996724	93997236
chr9	97252549	97253025
chr9	100149105	100150160
chr9	100507611	100507875
chr9	101234495	101234922
chr9	101472373	101473236
chr9	104299113	104299823
chr9	104498984	104499468
chr9	109646195	109646525
chr9	110266696	110267161
chr9	112077733	112078151
chr9	115893784	115894846
chr9	118030129	118030365
chr9	119568171	119568818
chr9	119760542	119760991
chr9	120096416	120096752
chr9	120821643	120822423
chr9	121455923	121456194
chr9	122132948	122133575
chr9	122401861	122402394
chr9	122452092	122452601
chr9	122509105	122509412
chr9	123675846	123676594
chr9	124221739	124222192
chr9	124818754	124819212
chr9	124857583	124858112
chr9	125404463	125404922
chr9	125703877	125704261
chr9	126053813	126054589
chr9	126689911	126690732
chr9	126872045	126873408
chr9	126912072	126912777
chr9	128494808	128495217
chr9	128844510	128846008
chr9	128870423	128871190
chr9	130513205	130514486
chr9	130981028	130981713
chr9	132552561	132553180
chr9	133060659	133061810
chr9	133820015	133820398
chr9	134158324	134158787
chr9	134649088	134650725
chr9	134651432	134652403
chr9	134674086	134675455
chr9	134749854	134750209
chr9	134903693	134904101
chr9	134989136	134990069
chr9	135187397	135187685
chr9	135456992	135458128
chr9	136474551	136474894
chr9	137225970	137226412
chr9	137359126	137359513
chr9	137969056	137969812
chr9	137982217	137983107
chr9	137989998	137990960
chr9	138048185	138049014
chr9	138221498	138221754
chr9	138606426	138607091
chr9	138863390	138864531
chr9	139096732	139097126
chr9	139501892	139502452
chr9	139940670	139941930
chr9	140040092	140041432
chr9	140722980	140723886
chr9	140772998	140773460
chr9	140778363	140779923
chr9	140784875	140785822
chrM	0	1090
chrM	2620	4118
chrX	3908601	3909091
chrX	5260079	5260316
chrX	7492336	7492814
chrX	7498179	7498571
chrX	12566843	12567334
chrX	12739170	12739498
chrX	14547386	14547836
chrX	18165016	18165636
chrX	19769120	19769613
chrX	21741213	21741714
chrX	23345214	23345627
chrX	32155659	32156012
chrX	43386206	43386438
chrX	46958040	46958542
chrX	47479044	47480060
chrX	48694083	48694534
chrX	48853138	48854032
chrX	49056183	49056971
chrX	53065293	53065735
chrX	57696440	57696678
chrX	64414408	64414834
chrX	65874255	65874557
chrX	68723254	68724253
chrX	69484577	69485137
chrX	74150988	74151402
chrX	75469372	75469682
chrX	75697724	75698160
chrX	83446989	83447505
chrX	101393073	101393350
chrX	102317967	102318499
chrX	102564706	102565283
chrX	102602708	102603059
chrX	106567524	106568469
chrX	106639521	106639789
chrX	107177414	107177953
chrX	110618802	110619475
chrX	119535267	119535614
chrX	128860179	128860708
chrX	128915852	128916383
chrX	130200235	130200622
chrX	134065642	134066105
chrX	134611558	134611992
chrX	134827155	134827742
chrX	140899253	140899635
chrX	141016176	141016489
chrX	153033199	153033643
chrX	153098086	153098673
chrX	153140061	153141828
chrX	154285726	154286241
