chr1	1004579	1004860
chr1	1167398	1167672
chr1	1243772	1244034
chr1	1259859	1260213
chr1	1342535	1342808
chr1	1407061	1407262
chr1	1447342	1447648
chr1	1550549	1550882
chr1	1709796	1710072
chr1	1850764	1851070
chr1	1997326	1997585
chr1	2120930	2121327
chr1	2139420	2139509
chr1	2322984	2323309
chr1	2574519	2574805
chr1	3764194	3764195
chr1	3773648	3774128
chr1	6122546	6122567
chr1	6295919	6296139
chr1	8021546	8021905
chr1	8939249	8939527
chr1	9488772	9489117
chr1	10092790	10092990
chr1	10490565	10490953
chr1	10856565	10856864
chr1	11159834	11160085
chr1	11902992	11903051
chr1	16162175	16162762
chr1	16173853	16174233
chr1	16302461	16302861
chr1	16563578	16563850
chr1	16678901	16679145
chr1	16693603	16693864
chr1	16939846	16940372
chr1	16971050	16971436
chr1	17240522	17240722
chr1	17380552	17380886
chr1	19536826	19537127
chr1	20208699	20208981
chr1	20865104	20865198
chr1	20878693	20879070
chr1	20959783	20960065
chr1	21113163	21113497
chr1	21766477	21766741
chr1	22108472	22108753
chr1	22378889	22379215
chr1	24104841	24104928
chr1	24306783	24307168
chr1	24434873	24435155
chr1	24969451	24969827
chr1	25071353	25071667
chr1	25566125	25566773
chr1	25573814	25574224
chr1	26375147	26375222
chr1	26560316	26561100
chr1	26758580	26759015
chr1	26931957	26932069
chr1	27114408	27114569
chr1	27248011	27248206
chr1	27561046	27561247
chr1	28099512	28099817
chr1	28241028	28241329
chr1	28623038	28623085
chr1	28655287	28655619
chr1	28695872	28696205
chr1	28844616	28844886
chr1	28879406	28879632
chr1	28969518	28969769
chr1	29240717	29240916
chr1	29507802	29508129
chr1	31485569	31485601
chr1	32479106	32479602
chr1	32671035	32671405
chr1	33178053	33178307
chr1	33225799	33226170
chr1	33430307	33430607
chr1	35497381	35497685
chr1	35544664	35545103
chr1	35734067	35734439
chr1	36614962	36615274
chr1	36757335	36757338
chr1	36840312	36840534
chr1	37980303	37980633
chr1	38156034	38156388
chr1	39338940	39339300
chr1	40349026	40349375
chr1	40839295	40839503
chr1	40915548	40915812
chr1	42068227	42068265
chr1	42922054	42922386
chr1	42922781	42922833
chr1	43232583	43233087
chr1	43282980	43283201
chr1	43814648	43814833
chr1	43894143	43894151
chr1	44115704	44115944
chr1	45916974	45916977
chr1	46152138	46152980
chr1	46216273	46216673
chr1	47069807	47070182
chr1	47133636	47133764
chr1	48332067	48332068
chr1	50617397	50617438
chr1	52831769	52832057
chr1	54411828	54412067
chr1	55334866	55335180
chr1	55435279	55435291
chr1	57044978	57045135
chr1	59012281	59012564
chr1	59762480	59762724
chr1	60280063	60280338
chr1	61542521	61542766
chr1	61683896	61683968
chr1	67390801	67391117
chr1	67519909	67520223
chr1	70686880	70687126
chr1	72954549	72954627
chr1	75200672	75200675
chr1	76251718	76252092
chr1	84392766	84392774
chr1	84971757	84972086
chr1	85742277	85742662
chr1	85825777	85825785
chr1	85986532	85986661
chr1	88427852	88427870
chr1	89458623	89458933
chr1	89546438	89546570
chr1	90325294	90325401
chr1	91966224	91966700
chr1	92545749	92545987
chr1	92907413	92907749
chr1	93250606	93250842
chr1	93297418	93297721
chr1	93645317	93645554
chr1	94344634	94344811
chr1	94374333	94374400
chr1	94883683	94883944
chr1	100731608	100731881
chr1	101346763	101346826
chr1	107915453	107915454
chr1	108508378	108508665
chr1	109419490	109419745
chr1	109756355	109757055
chr1	110392246	110392352
chr1	110428259	110428293
chr1	111506568	111506814
chr1	113498738	113499001
chr1	114354843	114355087
chr1	115300521	115300893
chr1	115323254	115323483
chr1	117841562	117841569
chr1	118122723	118122767
chr1	118148247	118148486
chr1	119683210	119683551
chr1	121353661	121354034
chr1	121483980	121485607
chr1	142535340	142539818
chr1	142802446	142802640
chr1	144528812	144529139
chr1	144539429	144539532
chr1	144932053	144932335
chr1	145058387	145061761
chr1	148555923	148556114
chr1	148928231	148928412
chr1	150185752	150186091
chr1	150208277	150208477
chr1	150229069	150229244
chr1	150293800	150293970
chr1	150335967	150336804
chr1	150488058	150488399
chr1	150953652	150953697
chr1	151170694	151171200
chr1	153606252	153606630
chr1	153700052	153700416
chr1	154947197	154947605
chr1	155098879	155099102
chr1	155145599	155145973
chr1	155197283	155197666
chr1	155231987	155232308
chr1	155532849	155533067
chr1	155658545	155658762
chr1	155827015	155827209
chr1	156261121	156261456
chr1	156308057	156308613
chr1	156426328	156426681
chr1	156629910	156630393
chr1	156710944	156711299
chr1	160232135	160232615
chr1	160749119	160749130
chr1	161015607	161015879
chr1	161129074	161129405
chr1	161711401	161711428
chr1	165600003	165600197
chr1	167189625	167190075
chr1	167408779	167408979
chr1	167905264	167905589
chr1	170043702	170044056
chr1	171454461	171454700
chr1	172502017	172502216
chr1	174968682	174969070
chr1	176176534	176176983
chr1	177928664	177928672
chr1	179334691	179335004
chr1	179851586	179851948
chr1	179892227	179892263
chr1	180587430	180587477
chr1	180660821	180661021
chr1	182808301	182808785
chr1	183604902	183605139
chr1	186344311	186344603
chr1	186436105	186436183
chr1	194861770	194861804
chr1	195155434	195155491
chr1	197170423	197170777
chr1	197871978	197872266
chr1	200379063	200379326
chr1	201798174	201798374
chr1	202310929	202311256
chr1	202317662	202317943
chr1	202858119	202858549
chr1	203889632	203889913
chr1	204381323	204381523
chr1	206785825	206786134
chr1	208136958	208137152
chr1	209957802	209958067
chr1	211555968	211556304
chr1	211854087	211854459
chr1	212070423	212070574
chr1	212208398	212209094
chr1	212588126	212588436
chr1	213189038	213189408
chr1	214297449	214297493
chr1	219346983	219347258
chr1	220109572	220109592
chr1	220262573	220262613
chr1	220262990	220263351
chr1	220445763	220446017
chr1	220966458	220966508
chr1	221867120	221867140
chr1	222886516	222886757
chr1	224033753	224033853
chr1	226069942	226070268
chr1	226712238	226712316
chr1	227031626	227031639
chr1	227127538	227127831
chr1	227922971	227923298
chr1	227991986	227992002
chr1	228270067	228270434
chr1	228290974	228291296
chr1	228353072	228353295
chr1	228353641	228353870
chr1	229406732	229407047
chr1	229694636	229694951
chr1	230778439	230778665
chr1	231376740	231377044
chr1	231473464	231473907
chr1	232452938	232452960
chr1	234745797	234745997
chr1	234917493	234918429
chr1	235292090	235292447
chr1	235491664	235492010
chr1	235667880	235668157
chr1	236006776	236006790
chr1	239497828	239497830
chr1	243418472	243418874
chr1	244863571	244863610
chr1	245027820	245027957
chr1	246670508	246670846
chr1	246729393	246729766
chr1	246960986	246961271
chr1	247095125	247095332
chr10	1096111	1096444
chr10	3936095	3936208
chr10	5225345	5225350
chr10	5726432	5726817
chr10	6130807	6131100
chr10	7452999	7453118
chr10	7895474	7895502
chr10	10139204	10139211
chr10	10408120	10408212
chr10	11353463	11353548
chr10	11917856	11918149
chr10	12085083	12085718
chr10	14879961	14880351
chr10	14920703	14920743
chr10	15138906	15139503
chr10	16859312	16859793
chr10	22629100	22629453
chr10	25305160	25305670
chr10	27149956	27150234
chr10	27389268	27389687
chr10	27792888	27793391
chr10	28031168	28031415
chr10	28821548	28821847
chr10	29698348	29698639
chr10	31320925	31321129
chr10	31719218	31719305
chr10	33221358	33221393
chr10	33786117	33786207
chr10	34010948	34011017
chr10	35310407	35310637
chr10	35415414	35415737
chr10	38146437	38147202
chr10	38265439	38265712
chr10	38299386	38299721
chr10	39120433	39120703
chr10	42357451	42359488
chr10	42378597	42383101
chr10	42383652	42385749
chr10	42395016	42397231
chr10	43048116	43048433
chr10	43133892	43134243
chr10	43950923	43951272
chr10	45454632	45454911
chr10	46981523	46981542
chr10	48654517	48654645
chr10	50257452	50257521
chr10	50747001	50747348
chr10	54109839	54109935
chr10	54176968	54176970
chr10	54208889	54208919
chr10	58121076	58121400
chr10	60028654	60029043
chr10	60919536	60919699
chr10	65281663	65281862
chr10	67330137	67330336
chr10	69523281	69523553
chr10	70091522	70091854
chr10	70231559	70231901
chr10	71993040	71993446
chr10	72070621	72070632
chr10	73611044	73611197
chr10	73640356	73640462
chr10	73975882	73976270
chr10	74091984	74092011
chr10	74114235	74114565
chr10	74643878	74643890
chr10	74856737	74857051
chr10	75503493	75504215
chr10	75531911	75532090
chr10	76970149	76970297
chr10	77162594	77162623
chr10	77735997	77736083
chr10	77909905	77910203
chr10	81838853	81839269
chr10	82168217	82168414
chr10	82213555	82213739
chr10	82227250	82227280
chr10	86088129	86088377
chr10	88281597	88281676
chr10	88699268	88699538
chr10	89577847	89578234
chr10	89623082	89623106
chr10	89788957	89788967
chr10	91011662	91011947
chr10	91461531	91461567
chr10	92631555	92631850
chr10	93557945	93558289
chr10	94032834	94032869
chr10	94333684	94334018
chr10	97667649	97667697
chr10	99185782	99186088
chr10	99205730	99206006
chr10	99258023	99258304
chr10	99400032	99400417
chr10	99496636	99496988
chr10	99534654	99534884
chr10	101491808	101492100
chr10	102046286	102046609
chr10	102289606	102289700
chr10	102311132	102311277
chr10	102741190	102741196
chr10	103113600	103113960
chr10	103578022	103578747
chr10	103999227	103999266
chr10	104179323	104179642
chr10	104262339	104262663
chr10	104263682	104263873
chr10	104474065	104474291
chr10	104613744	104614120
chr10	104698834	104698923
chr10	105110838	105110949
chr10	105128418	105128542
chr10	105881593	105881793
chr10	110781155	110781174
chr10	112631361	112631653
chr10	114036726	114036730
chr10	120514625	120514903
chr10	120521580	120521633
chr10	120938041	120938241
chr10	120966859	120967135
chr10	121652014	121652355
chr10	123248277	123248392
chr10	123924798	123924808
chr10	124638964	124639345
chr10	124713677	124714148
chr10	124739806	124740074
chr10	125808542	125808807
chr10	126077843	126078042
chr10	126150251	126150451
chr10	127407962	127408309
chr10	127511665	127512272
chr10	127574338	127577329
chr10	131543936	131543971
chr10	133795392	133795712
chr10	134145208	134145776
chr11	506691	506964
chr11	777432	777643
chr11	1330761	1331156
chr11	2421633	2422019
chr11	3013502	3013740
chr11	3898671	3899048
chr11	4067794	4067809
chr11	4845531	4845535
chr11	5401717	5401809
chr11	6704451	6704800
chr11	8932601	8932869
chr11	9286865	9287079
chr11	9336211	9336512
chr11	10315617	10315889
chr11	14664168	14664334
chr11	17033018	17033030
chr11	17070930	17070950
chr11	17099188	17099472
chr11	18417586	18418017
chr11	18656213	18656531
chr11	22910889	22910903
chr11	27519352	27519501
chr11	28129653	28129960
chr11	28917795	28917824
chr11	32736957	32737003
chr11	33157914	33157962
chr11	33757970	33758224
chr11	34126966	34127302
chr11	35380036	35380287
chr11	41208107	41208110
chr11	44117020	44117318
chr11	45864456	45864618
chr11	45939527	45939743
chr11	46264813	46265177
chr11	46999986	46999987
chr11	47664104	47664494
chr11	47788841	47789186
chr11	51571955	51573565
chr11	57425099	57425283
chr11	58345664	58346077
chr11	59011094	59011132
chr11	59361614	59361631
chr11	59436422	59436776
chr11	59590562	59590734
chr11	60609309	60609521
chr11	60681448	60681664
chr11	61582631	61582951
chr11	61879941	61880270
chr11	62104814	62105017
chr11	62341339	62341722
chr11	62420627	62420925
chr11	62494852	62495362
chr11	62572891	62573141
chr11	62623256	62623675
chr11	63120063	63120074
chr11	63172712	63172822
chr11	63440686	63440876
chr11	63448650	63449049
chr11	64008372	64008706
chr11	64037228	64037545
chr11	64072610	64073036
chr11	64085094	64085689
chr11	64257392	64257456
chr11	64545174	64545260
chr11	64645951	64646222
chr11	64684753	64685037
chr11	64884962	64885046
chr11	64889629	64889926
chr11	65029092	65029520
chr11	65101105	65101469
chr11	65138620	65138855
chr11	65153945	65154105
chr11	65222637	65222693
chr11	65337427	65337650
chr11	65382917	65383341
chr11	65420331	65420673
chr11	65430393	65430512
chr11	65728824	65729169
chr11	65819498	65819729
chr11	66035775	66036125
chr11	66056712	66057030
chr11	66360411	66360753
chr11	66383876	66384464
chr11	66445186	66445488
chr11	66512144	66512215
chr11	66886522	66886863
chr11	67056364	67056564
chr11	67085112	67085479
chr11	67250633	67250968
chr11	67276045	67276367
chr11	67798331	67798530
chr11	68816215	68816548
chr11	69490064	69490320
chr11	70049155	70049550
chr11	70898900	70898937
chr11	71163993	71164228
chr11	72001498	72001638
chr11	72504458	72504942
chr11	72533167	72533371
chr11	72783738	72783844
chr11	72853759	72853771
chr11	73358571	73358876
chr11	73412339	73412364
chr11	73587572	73587789
chr11	73881928	73882335
chr11	74204218	74204555
chr11	75053992	75054348
chr11	76092175	76092548
chr11	76155860	76156213
chr11	77300561	77300568
chr11	77530439	77530680
chr11	77705485	77705610
chr11	77850539	77850942
chr11	78285790	78285993
chr11	79245339	79245342
chr11	80475848	80475895
chr11	80516093	80516162
chr11	82782833	82783181
chr11	82882998	82883011
chr11	82996979	82997307
chr11	85955371	85955739
chr11	86666419	86666439
chr11	86771357	86771382
chr11	87012703	87012721
chr11	87831587	87831618
chr11	89956139	89956459
chr11	90216272	90216274
chr11	92931146	92931171
chr11	93394614	93394904
chr11	94012308	94012323
chr11	94235407	94235418
chr11	96880563	96880629
chr11	99457745	99457786
chr11	106026868	106026960
chr11	107155515	107155539
chr11	108093525	108093841
chr11	108535466	108535867
chr11	111957377	111957553
chr11	112046400	112046600
chr11	112097014	112097210
chr11	112468023	112468032
chr11	113746353	113746529
chr11	114271088	114271479
chr11	114310110	114310264
chr11	118019052	118019229
chr11	118901504	118901781
chr11	118991841	118992226
chr11	119345964	119346102
chr11	120208785	120208806
chr11	121055798	121055813
chr11	122933095	122933350
chr11	123960572	123960715
chr11	124493039	124493298
chr11	125757452	125757652
chr11	125772974	125773317
chr11	126081555	126081858
chr11	126173808	126174091
chr11	129573590	129573721
chr11	129836835	129836870
chr11	131276683	131276727
chr11	133938806	133939073
chr11	134094268	134094671
chr12	1775355	1775690
chr12	1799930	1800221
chr12	2116243	2116443
chr12	2144237	2144403
chr12	2921927	2922292
chr12	2999761	2999990
chr12	4430137	4430394
chr12	4647803	4648129
chr12	6560600	6560960
chr12	6677345	6677608
chr12	6888443	6888528
chr12	6961180	6961311
chr12	7125756	7126005
chr12	9302466	9302469
chr12	9600854	9600886
chr12	12849080	12849795
chr12	12939828	12940112
chr12	13080267	13080786
chr12	13197195	13197482
chr12	17227276	17227371
chr12	19537134	19537156
chr12	19592366	19592565
chr12	23941166	23941266
chr12	24907921	24908200
chr12	25297642	25297650
chr12	27090735	27091145
chr12	27583580	27583764
chr12	29385563	29385565
chr12	31226722	31226847
chr12	31478942	31479309
chr12	31552776	31552972
chr12	32654737	32655089
chr12	32831896	32832139
chr12	32908754	32909109
chr12	33750296	33750307
chr12	34507838	34507979
chr12	34845659	34849019
chr12	38108245	38108639
chr12	39233282	39233286
chr12	42747147	42747165
chr12	44152453	44152742
chr12	44266245	44266336
chr12	46384497	46384888
chr12	48357224	48357472
chr12	48551218	48551669
chr12	48632596	48632621
chr12	49449811	49449998
chr12	49463737	49464093
chr12	49524429	49524725
chr12	49760951	49761174
chr12	49961477	49961880
chr12	50135393	50135729
chr12	53399957	53400184
chr12	53405193	53405621
chr12	53574121	53574445
chr12	54069686	54070086
chr12	54411728	54411795
chr12	54673758	54674208
chr12	54674883	54675089
chr12	56224449	56224648
chr12	56842833	56842963
chr12	57082010	57082197
chr12	57144029	57144225
chr12	57146131	57146265
chr12	57622980	57623647
chr12	57824888	57824983
chr12	57914579	57914801
chr12	57916359	57916773
chr12	58087452	58087810
chr12	58778394	58778514
chr12	61387138	61387298
chr12	64845706	64846003
chr12	66278432	66278481
chr12	69080474	69080833
chr12	69139703	69139989
chr12	69753275	69753649
chr12	72079662	72080050
chr12	74203160	74203185
chr12	74931351	74931670
chr12	74946670	74946780
chr12	80328873	80329073
chr12	88539009	88539028
chr12	89633055	89633071
chr12	92681647	92681663
chr12	93708335	93708700
chr12	95397416	95397756
chr12	95467270	95467531
chr12	95501233	95501291
chr12	96063609	96063667
chr12	96791895	96791912
chr12	100989412	100989532
chr12	101673719	101673976
chr12	101801474	101801757
chr12	101951324	101951342
chr12	102171168	102171187
chr12	102224688	102224990
chr12	102333570	102333668
chr12	104359834	104360051
chr12	105170737	105170743
chr12	106751673	106752009
chr12	107804636	107804694
chr12	108079367	108079728
chr12	108154963	108155197
chr12	108956245	108956454
chr12	109535154	109535443
chr12	110283184	110283535
chr12	110434054	110434355
chr12	110841701	110842073
chr12	111021087	111021442
chr12	111965299	111965420
chr12	112450882	112451223
chr12	112546478	112546797
chr12	114404095	114404401
chr12	115251187	115251381
chr12	120554511	120554863
chr12	120875521	120875901
chr12	120907509	120907730
chr12	121342175	121342304
chr12	122124685	122125178
chr12	122687851	122687971
chr12	122851695	122851703
chr12	123717722	123718042
chr12	123849717	123850080
chr12	123942934	123943241
chr12	124457589	124457900
chr12	127838887	127838892
chr12	128343601	128343690
chr12	130367152	130367161
chr12	132316988	132317062
chr12	132379044	132379317
chr12	132568327	132568954
chr13	20357063	20357330
chr13	20437618	20437832
chr13	21074148	21074167
chr13	21347948	21348287
chr13	21714406	21714763
chr13	24133063	24133365
chr13	26378041	26378044
chr13	27998495	27998837
chr13	28023996	28024449
chr13	28033556	28034136
chr13	28712175	28712476
chr13	30449681	30449759
chr13	30689210	30689274
chr13	33804308	33804481
chr13	34116409	34116783
chr13	34184477	34184829
chr13	35022041	35022118
chr13	35516337	35516537
chr13	37393088	37393435
chr13	37574903	37574904
chr13	40229608	40229937
chr13	40860170	40860234
chr13	41885175	41885421
chr13	44334003	44334024
chr13	45151573	45151649
chr13	45492039	45492419
chr13	46645531	46645542
chr13	48575301	48575597
chr13	48669072	48669434
chr13	49106615	49107116
chr13	49948612	49948625
chr13	50510529	50510886
chr13	50656165	50657021
chr13	50815761	50816068
chr13	52157948	52158602
chr13	53030021	53030308
chr13	58007849	58007902
chr13	61107246	61107313
chr13	61450129	61450162
chr13	63639028	63639667
chr13	64625243	64625273
chr13	66734143	66734155
chr13	76123465	76123748
chr13	77565982	77566324
chr13	77901079	77901426
chr13	77903233	77903594
chr13	79162671	79162680
chr13	79170119	79170340
chr13	80055230	80055445
chr13	89962666	89962691
chr13	92500238	92500254
chr13	95201624	95201842
chr13	95248395	95248762
chr13	96328939	96329250
chr13	96417410	96417574
chr13	96705526	96705906
chr13	99852872	99853133
chr13	100150863	100151168
chr13	100153490	100153825
chr13	108867813	108868038
chr13	111365115	111365561
chr13	111365974	111366076
chr13	114238768	114238976
chr14	21572291	21572573
chr14	21577853	21578058
chr14	21737852	21738171
chr14	23057979	23058492
chr14	23306487	23306548
chr14	23454792	23454884
chr14	23563719	23564255
chr14	23755416	23755602
chr14	23770745	23771040
chr14	23961441	23961653
chr14	24027384	24027420
chr14	24036575	24036939
chr14	24088039	24088197
chr14	24583749	24584056
chr14	24610735	24610974
chr14	24740666	24741053
chr14	24896927	24897218
chr14	24911845	24912251
chr14	25888093	25888140
chr14	27572276	27572289
chr14	31495622	31495904
chr14	31669192	31669383
chr14	32034779	32034863
chr14	32670304	32670611
chr14	33409690	33409779
chr14	35008838	35009068
chr14	35342662	35342884
chr14	35451581	35451984
chr14	35761271	35761595
chr14	36843241	36843587
chr14	37666953	37667225
chr14	39583314	39583689
chr14	39643804	39644300
chr14	39739130	39739271
chr14	41905243	41905439
chr14	43654269	43654353
chr14	43787388	43787641
chr14	45366254	45366558
chr14	45553140	45553464
chr14	50052910	50053354
chr14	50698615	50698807
chr14	51706681	51707078
chr14	54908003	54908345
chr14	58711306	58711563
chr14	58862370	58862649
chr14	58894185	58894554
chr14	59655219	59655489
chr14	64043946	64044124
chr14	64854828	64855182
chr14	65879209	65879576
chr14	67826510	67827226
chr14	68066928	68067180
chr14	74318354	74318728
chr14	74416858	74417081
chr14	74486035	74486049
chr14	75518018	75518399
chr14	75536072	75536456
chr14	76127388	76127741
chr14	76504119	76504311
chr14	77154127	77154440
chr14	77494998	77495340
chr14	77506783	77506985
chr14	77564476	77564802
chr14	77787507	77787848
chr14	78227404	78227751
chr14	81636642	81636961
chr14	81687344	81687556
chr14	85983588	85983634
chr14	89029116	89029452
chr14	90422113	90422380
chr14	91224805	91225033
chr14	91527166	91527396
chr14	93799264	93799741
chr14	96968498	96968867
chr14	97058959	97059196
chr14	100751788	100751873
chr14	102553375	102553686
chr14	102771338	102771733
chr14	103011341	103011631
chr14	104344949	104344997
chr14	104387591	104387998
chr14	105219150	105219489
chr14	106748344	106748373
chr15	21930009	21930104
chr15	23034293	23034602
chr15	25018312	25018399
chr15	25199914	25200229
chr15	26327379	26327736
chr15	29561916	29562230
chr15	34330727	34330935
chr15	34605385	34605470
chr15	34630160	34630416
chr15	34730035	34730235
chr15	34875753	34876069
chr15	35838339	35838361
chr15	36871721	36871884
chr15	40650235	40650403
chr15	40886234	40886598
chr15	41055355	41055670
chr15	41099094	41099355
chr15	41952456	41952919
chr15	42787640	42788016
chr15	42867388	42867437
chr15	42958704	42958712
chr15	43213083	43213424
chr15	43663219	43663347
chr15	43803012	43803288
chr15	44116819	44117130
chr15	44955748	44956056
chr15	45571571	45571778
chr15	45694327	45694697
chr15	50647485	50647799
chr15	51915117	51915223
chr15	55489119	55489447
chr15	56574097	56574145
chr15	58429675	58429702
chr15	59034522	59034937
chr15	59041982	59042338
chr15	59225768	59226227
chr15	61443275	61443376
chr15	62352549	62352867
chr15	63340410	63340630
chr15	63892889	63893089
chr15	64995465	64995709
chr15	65822697	65822934
chr15	66261704	66261709
chr15	67322538	67322639
chr15	67813317	67813622
chr15	68346536	68346708
chr15	69207745	69207926
chr15	69231521	69231525
chr15	69744863	69745197
chr15	69755083	69755449
chr15	72410441	72410768
chr15	72990268	72990276
chr15	73063592	73063625
chr15	75165531	75165761
chr15	75199056	75199431
chr15	76797323	76797339
chr15	77197646	77197995
chr15	77863704	77863746
chr15	78832724	78832908
chr15	79165124	79165310
chr15	79464306	79464590
chr15	79603273	79603601
chr15	80402101	80402112
chr15	81282086	81282266
chr15	82339341	82339515
chr15	83419100	83419361
chr15	83655238	83655245
chr15	83680250	83680649
chr15	84811651	84811991
chr15	85524481	85524485
chr15	89170960	89171105
chr15	90118237	90118432
chr15	90294042	90294235
chr15	90777410	90777454
chr15	91445725	91445846
chr15	91478491	91478578
chr15	92107682	92107796
chr15	93425675	93425949
chr15	93447219	93447811
chr15	100132237	100132261
chr15	101142250	101142615
chr16	188578	188943
chr16	279042	279306
chr16	790892	791219
chr16	1020814	1021112
chr16	1401818	1402003
chr16	1979647	1979915
chr16	2255508	2255885
chr16	2264901	2265263
chr16	2390684	2391075
chr16	2479358	2479491
chr16	2510254	2510413
chr16	2524965	2525149
chr16	2563547	2563727
chr16	2581917	2582124
chr16	2933078	2933403
chr16	2961763	2962039
chr16	3030437	3030666
chr16	3053822	3054043
chr16	3213270	3213531
chr16	3309722	3309785
chr16	3332875	3332889
chr16	3450875	3451215
chr16	3661445	3661842
chr16	4070185	4070210
chr16	4233863	4234227
chr16	4401178	4401648
chr16	4475596	4475998
chr16	4491744	4491926
chr16	4818614	4818868
chr16	5007771	5007993
chr16	5112872	5113069
chr16	5273013	5273238
chr16	8286799	8286813
chr16	8715331	8715667
chr16	9000206	9000252
chr16	10837418	10837765
chr16	11350027	11350057
chr16	11783607	11783689
chr16	11885445	11885457
chr16	11886630	11886975
chr16	11945243	11945614
chr16	11992205	11992215
chr16	12552559	12552619
chr16	14051681	14051990
chr16	14164734	14165073
chr16	14642327	14642361
chr16	14723987	14724327
chr16	15068547	15068581
chr16	15982289	15982668
chr16	16021783	16021838
chr16	16080547	16080643
chr16	16326188	16326388
chr16	18573493	18573692
chr16	18810774	18811450
chr16	18967185	18967485
chr16	19446081	19446108
chr16	19536364	19536453
chr16	20074943	20074944
chr16	21272268	21272675
chr16	22691216	22691343
chr16	23607597	23607805
chr16	23652500	23652862
chr16	23689932	23690207
chr16	25312746	25312754
chr16	27214877	27215495
chr16	27561056	27561434
chr16	28834298	28834335
chr16	28835457	28835845
chr16	29801706	29802088
chr16	29827161	29827631
chr16	29937413	29937726
chr16	29973129	29973417
chr16	29984741	29985125
chr16	30006850	30007177
chr16	30076281	30076593
chr16	30381645	30382004
chr16	30546151	30546526
chr16	30569743	30569822
chr16	30669048	30669511
chr16	30669785	30669896
chr16	30709761	30710116
chr16	30773483	30773718
chr16	30842066	30842135
chr16	30939628	30939670
chr16	31045485	31045852
chr16	31119440	31119625
chr16	31191897	31191959
chr16	31471049	31471431
chr16	31708031	31708066
chr16	32653840	32654245
chr16	33877476	33877786
chr16	33939562	33939577
chr16	46402557	46402583
chr16	46434728	46434929
chr16	46723332	46723595
chr16	47375843	47375862
chr16	48419423	48419568
chr16	48644026	48644307
chr16	50099754	50100432
chr16	53537374	53537714
chr16	53583899	53584145
chr16	56553807	56554128
chr16	57278989	57279201
chr16	58058818	58058926
chr16	58663854	58664222
chr16	63934680	63934722
chr16	65389267	65389293
chr16	66586257	66586642
chr16	66609481	66609482
chr16	66762183	66762346
chr16	66864752	66865094
chr16	66914334	66914534
chr16	67062720	67063044
chr16	67143564	67143850
chr16	67193808	67193835
chr16	67204615	67204885
chr16	67212049	67212247
chr16	67515040	67515346
chr16	67596345	67596497
chr16	67694052	67694442
chr16	67753158	67753516
chr16	67875750	67876104
chr16	68347324	68347334
chr16	68366210	68366392
chr16	68774550	68774661
chr16	69788682	69789163
chr16	70100149	70100204
chr16	70285760	70286054
chr16	70893437	70893482
chr16	70907318	70907490
chr16	71143765	71143791
chr16	71323183	71323486
chr16	71598700	71599070
chr16	75182317	75182405
chr16	75284775	75284902
chr16	75299780	75299982
chr16	75467215	75467882
chr16	75498265	75498525
chr16	75551215	75551502
chr16	75681483	75681839
chr16	77640670	77640723
chr16	77756255	77756598
chr16	77814161	77814237
chr16	77863398	77863411
chr16	78133210	78133745
chr16	80574690	80574951
chr16	81040362	81040648
chr16	82203645	82203933
chr16	84099217	84099353
chr16	84178757	84179011
chr16	84733386	84733750
chr16	85061182	85061409
chr16	85505919	85505973
chr16	86199242	86199442
chr16	86219111	86219148
chr16	86293111	86293163
chr16	86588696	86589103
chr16	87417325	87417394
chr16	87425558	87425915
chr16	87984546	87985182
chr16	88555020	88555264
chr16	88869915	88870250
chr16	88878253	88878513
chr16	89157320	89157380
chr16	89313696	89313933
chr16	89461495	89462218
chr16	89555012	89555025
chr16	89574625	89574937
chr16	89883091	89883249
chr16	89939774	89940109
chr17	259667	260237
chr17	426706	426929
chr17	655386	655649
chr17	1359583	1359917
chr17	1419919	1420204
chr17	1586879	1586938
chr17	2207210	2207363
chr17	2297121	2297158
chr17	2496714	2496878
chr17	3571708	3572258
chr17	3626984	3627278
chr17	4268473	4268828
chr17	4269933	4270006
chr17	4458529	4458890
chr17	4613753	4614014
chr17	4624918	4625204
chr17	4634537	4635170
chr17	4736350	4736813
chr17	4852099	4852392
chr17	4880935	4880986
chr17	5015044	5015398
chr17	5185455	5185625
chr17	6269538	6269558
chr17	6939006	6939346
chr17	7142800	7143160
chr17	7185372	7185422
chr17	7210322	7210997
chr17	7387403	7388265
chr17	7486946	7487304
chr17	7518078	7518896
chr17	7738994	7739246
chr17	7790779	7790952
chr17	7835255	7835584
chr17	8059968	8060289
chr17	8103404	8103773
chr17	8338784	8339255
chr17	8534634	8534873
chr17	8573998	8574095
chr17	10273018	10273037
chr17	10352487	10352498
chr17	12692601	12692872
chr17	15602845	15603188
chr17	16341944	16342339
chr17	16438918	16439281
chr17	16492666	16492911
chr17	16557026	16557381
chr17	17380133	17380350
chr17	17739433	17739774
chr17	18086886	18087282
chr17	18266730	18267162
chr17	19265895	19266192
chr17	19281391	19281750
chr17	21030006	21030382
chr17	25659783	25659910
chr17	26974131	26974243
chr17	27169668	27170043
chr17	27278371	27279081
chr17	27475740	27476138
chr17	27901792	27901992
chr17	28256713	28256962
chr17	28257237	28257310
chr17	29421723	29422050
chr17	30228925	30229041
chr17	33307352	33307654
chr17	34329033	34329388
chr17	35305990	35306198
chr17	36174762	36174959
chr17	36452718	36453130
chr17	36714388	36714762
chr17	37213139	37213358
chr17	37356125	37356513
chr17	38256708	38257190
chr17	38279620	38279825
chr17	38375313	38375613
chr17	38443643	38443953
chr17	38464670	38464683
chr17	39208807	39208815
chr17	39822193	39822514
chr17	39844706	39845136
chr17	40021695	40021851
chr17	40086536	40087002
chr17	40273240	40273585
chr17	40336109	40336420
chr17	40718836	40719173
chr17	40761279	40761743
chr17	40811072	40811464
chr17	40896917	40897289
chr17	40985284	40985516
chr17	41116385	41116662
chr17	41173688	41173737
chr17	41560860	41561216
chr17	42143511	42143832
chr17	42186033	42186363
chr17	42580708	42581253
chr17	43225317	43225985
chr17	43238947	43239403
chr17	43394638	43395013
chr17	43971530	43971980
chr17	44271298	44271637
chr17	44344417	44344594
chr17	45266365	45267172
chr17	45569853	45570252
chr17	45908834	45909161
chr17	46178717	46179026
chr17	47269930	47270258
chr17	47439621	47440084
chr17	47492157	47492430
chr17	47754756	47755136
chr17	47755433	47755733
chr17	47865858	47866088
chr17	48016655	48016661
chr17	48238858	48239130
chr17	48556038	48556302
chr17	48600376	48600385
chr17	48616697	48616818
chr17	48619289	48619683
chr17	48921843	48922105
chr17	49261497	49261560
chr17	49337363	49338097
chr17	50031512	50031567
chr17	51114067	51114073
chr17	55162421	55162646
chr17	55485007	55485154
chr17	55816934	55816942
chr17	55952888	55953105
chr17	56083818	56084132
chr17	56084493	56084935
chr17	56429674	56429977
chr17	56654505	56654705
chr17	57184098	57184583
chr17	57297611	57297937
chr17	57969938	57970603
chr17	58677365	58677729
chr17	59494207	59494376
chr17	60005216	60005591
chr17	61699287	61699459
chr17	61819190	61819390
chr17	62075511	62075790
chr17	62492980	62493437
chr17	62971527	62971884
chr17	64700616	64700744
chr17	65991243	65991252
chr17	66031097	66031287
chr17	66243896	66244375
chr17	67323256	67323390
chr17	67387688	67387704
chr17	68477027	68477037
chr17	70360361	70360389
chr17	71188648	71188872
chr17	71228307	71228616
chr17	71304643	71304803
chr17	71308096	71308361
chr17	72169450	72169495
chr17	72427995	72428335
chr17	72772332	72772749
chr17	73042542	73042671
chr17	73105818	73106150
chr17	73127883	73128071
chr17	73201313	73201658
chr17	73401724	73402101
chr17	73780678	73781043
chr17	73851367	73851958
chr17	74068582	74068905
chr17	74350140	74350483
chr17	74730801	74730992
chr17	74733370	74734110
chr17	75136741	75137014
chr17	75350724	75350967
chr17	76374653	76374826
chr17	76778429	76778624
chr17	77005771	77006158
chr17	78075171	78075436
chr17	78389097	78389449
chr17	79007555	79007614
chr17	79368877	79369216
chr17	79604041	79604416
chr17	79650811	79651138
chr17	79670196	79670488
chr17	79678912	79679140
chr17	79791078	79791367
chr17	79818480	79819016
chr17	79829190	79829464
chr17	79849415	79849752
chr17	79875901	79876183
chr17	79885597	79885823
chr17	80225496	80225797
chr17	80324739	80324913
chr17	80415859	80416225
chr17	80796177	80796213
chr17	80833752	80833753
chr18	107434	109768
chr18	110411	111913
chr18	3247172	3247511
chr18	3451398	3451707
chr18	5296042	5296417
chr18	7390602	7390703
chr18	7645348	7645384
chr18	8249023	8249096
chr18	9475079	9475514
chr18	9913713	9914064
chr18	10525709	10526034
chr18	10928746	10928809
chr18	11167667	11167714
chr18	12396696	12396791
chr18	12597824	12598136
chr18	12883822	12884362
chr18	12948262	12948605
chr18	12991213	12991429
chr18	13138084	13138320
chr18	18510907	18520470
chr18	19110721	19110781
chr18	19180655	19181042
chr18	19320593	19320857
chr18	21843177	21843201
chr18	25015561	25015649
chr18	25100479	25100513
chr18	30050722	30050989
chr18	32870059	32870395
chr18	33077452	33077834
chr18	33616929	33616983
chr18	33709199	33709527
chr18	44676404	44676723
chr18	47013670	47013832
chr18	47792881	47793111
chr18	47807921	47808303
chr18	47834086	47834378
chr18	47901259	47901573
chr18	48556278	48556732
chr18	51795778	51795948
chr18	51884078	51884378
chr18	54305867	54306255
chr18	55023502	55023626
chr18	56583551	56583570
chr18	60152027	60152056
chr18	61089689	61090011
chr18	64788852	64788928
chr18	66382308	66382540
chr18	71814956	71815606
chr18	71989657	71989663
chr18	72209265	72209525
chr18	73660784	73660815
chr18	74204750	74205141
chr18	74694778	74694788
chr18	75079361	75079692
chr18	77439085	77439386
chr19	506919	507311
chr19	531494	531797
chr19	572147	572548
chr19	633421	633793
chr19	797731	798051
chr19	984043	984912
chr19	1194466	1194733
chr19	1240256	1240511
chr19	1260908	1261243
chr19	1269543	1269877
chr19	1325267	1325502
chr19	1406994	1407570
chr19	1592187	1592520
chr19	1592857	1593266
chr19	1605298	1605612
chr19	1725648	1725750
chr19	2051223	2051614
chr19	2096588	2096764
chr19	2236192	2236903
chr19	2328437	2328814
chr19	2427697	2428088
chr19	2598884	2598922
chr19	2783119	2783791
chr19	2785162	2785564
chr19	2819683	2820019
chr19	3500823	3501154
chr19	3505937	3506311
chr19	3761562	3761869
chr19	3762702	3763300
chr19	3985407	3985706
chr19	3987711	3988105
chr19	4007344	4007750
chr19	4124099	4124382
chr19	4182474	4182841
chr19	4197345	4197386
chr19	4767822	4767833
chr19	4909927	4910078
chr19	5622710	5623279
chr19	5689981	5690371
chr19	5720373	5720849
chr19	5791092	5791438
chr19	5827834	5828352
chr19	5904515	5904766
chr19	5978033	5978508
chr19	6199390	6200015
chr19	6393255	6394182
chr19	7459834	7460047
chr19	7745551	7745845
chr19	7968306	7968885
chr19	8373110	8373411
chr19	8400036	8400161
chr19	8509613	8509917
chr19	8537140	8537206
chr19	9434707	9434952
chr19	10305211	10305918
chr19	10444190	10444530
chr19	10676437	10676810
chr19	10679603	10679798
chr19	10806420	10806724
chr19	11039159	11039487
chr19	11071250	11071624
chr19	11248380	11248601
chr19	11266503	11266909
chr19	11641194	11641563
chr19	11670012	11670393
chr19	13056425	13056781
chr19	13153700	13153886
chr19	13842395	13842739
chr19	14016793	14017122
chr19	14117306	14117691
chr19	14192091	14192464
chr19	14529754	14530050
chr19	14640479	14640856
chr19	14737856	14737982
chr19	15236449	15236775
chr19	15490480	15490884
chr19	16222037	16222435
chr19	16295975	16296307
chr19	16308470	16308824
chr19	16582697	16582977
chr19	16739033	16739233
chr19	16771001	16771387
chr19	16939992	16940237
chr19	17185842	17186216
chr19	17337173	17337423
chr19	17416308	17416721
chr19	17501828	17502071
chr19	17622205	17622571
chr19	17716778	17717088
chr19	18058553	18058923
chr19	18433950	18434318
chr19	18668343	18668687
chr19	18682434	18682712
chr19	18794179	18794590
chr19	18942507	18942816
chr19	19144226	19144766
chr19	19303323	19303763
chr19	19314174	19314420
chr19	19496617	19496746
chr19	19632203	19632227
chr19	19843771	19844215
chr19	19887370	19887601
chr19	27733934	27740624
chr19	30096928	30097288
chr19	33667684	33668078
chr19	34625425	34625511
chr19	34850041	34850517
chr19	34895088	34895451
chr19	35417579	35417929
chr19	35738553	35738897
chr19	35807477	35807566
chr19	36231353	36231644
chr19	36236253	36236680
chr19	36239053	36239398
chr19	36422255	36422649
chr19	36545249	36545502
chr19	36573420	36573567
chr19	36605661	36606296
chr19	36618841	36619224
chr19	36630285	36631038
chr19	36705846	36706223
chr19	36870029	36870379
chr19	37808429	37808709
chr19	37861642	37862014
chr19	38085606	38085900
chr19	38397283	38397483
chr19	39109468	39109813
chr19	39137967	39138386
chr19	39339802	39340295
chr19	39420898	39421264
chr19	39926398	39926770
chr19	39997727	39998047
chr19	40023316	40023740
chr19	40030637	40031053
chr19	40336954	40337286
chr19	40476724	40477028
chr19	40791304	40791705
chr19	40854482	40854718
chr19	40931912	40932422
chr19	40949162	40949399
chr19	41035041	41035363
chr19	41304801	41305155
chr19	41815857	41816228
chr19	41869649	41870035
chr19	41903162	41903506
chr19	42069726	42070071
chr19	42721768	42722226
chr19	42724123	42724541
chr19	42784000	42784295
chr19	42829367	42829748
chr19	44079580	44079914
chr19	44100222	44100637
chr19	44123616	44124282
chr19	44258896	44259396
chr19	44663088	44663091
chr19	44905625	44905944
chr19	45004090	45004333
chr19	45146966	45147253
chr19	45873796	45874171
chr19	45970757	45971022
chr19	46220408	46220752
chr19	46234174	46234540
chr19	46272496	46272820
chr19	46366382	46366613
chr19	46405820	46406334
chr19	46498180	46498489
chr19	46508667	46508772
chr19	46850032	46850399
chr19	46929930	46930258
chr19	47164767	47164915
chr19	47268251	47268458
chr19	47363661	47364105
chr19	47852298	47852727
chr19	48613777	48613963
chr19	48707065	48707420
chr19	48866998	48867562
chr19	48972115	48972438
chr19	49217561	49217930
chr19	49404367	49404546
chr19	49588264	49588796
chr19	49631119	49631514
chr19	49956264	49956835
chr19	49990556	49990933
chr19	50169060	50169409
chr19	50183936	50184239
chr19	50269294	50269797
chr19	50373239	50373342
chr19	50380558	50380855
chr19	50432634	50433050
chr19	50528487	50529265
chr19	50828920	50829231
chr19	50834066	50834139
chr19	50836939	50837249
chr19	51611685	51612185
chr19	51869622	51869894
chr19	51897688	51898014
chr19	52074363	52074591
chr19	52097555	52097812
chr19	52692768	52693076
chr19	52900941	52900951
chr19	53898303	53898492
chr19	54041154	54041453
chr19	54605808	54606279
chr19	54960491	54960830
chr19	55678447	55678712
chr19	55770284	55770743
chr19	55813174	55813465
chr19	56116643	56116975
chr19	56156764	56156839
chr19	56165083	56165575
chr19	56632860	56633149
chr19	56652111	56652453
chr19	56826448	56826796
chr19	56879256	56879769
chr19	56915193	56915628
chr19	57350364	57350632
chr19	57350991	57351346
chr19	57485037	57485328
chr19	57752440	57752442
chr19	57901052	57901274
chr19	58193164	58193462
chr19	58666319	58666674
chr19	58789874	58790104
chr19	58816451	58816663
chr19	58874040	58874384
chr19	58898095	58898667
chr19	58912688	58912856
chr19	58962750	58963007
chr2	264704	265086
chr2	1236712	1236730
chr2	3383337	3383703
chr2	3522492	3523180
chr2	8138529	8138537
chr2	8243201	8243551
chr2	9563563	9563793
chr2	9983366	9983744
chr2	10260323	10260506
chr2	10588772	10588902
chr2	11398334	11398361
chr2	11519473	11519474
chr2	11529623	11530005
chr2	11606146	11606498
chr2	12674429	12674455
chr2	16789764	16789885
chr2	17250549	17250726
chr2	17721727	17722110
chr2	17935082	17935457
chr2	19547628	19547974
chr2	19806649	19806663
chr2	20101319	20101713
chr2	20251286	20251824
chr2	20349234	20349482
chr2	20550573	20550942
chr2	21254258	21254299
chr2	21270221	21270261
chr2	22191351	22191457
chr2	25015836	25016131
chr2	26101321	26101711
chr2	26256680	26257072
chr2	26568721	26569111
chr2	26613645	26613655
chr2	27357323	27357712
chr2	27651979	27652179
chr2	27712228	27712876
chr2	28974310	28974746
chr2	29093084	29093451
chr2	29117332	29117646
chr2	31284769	31284814
chr2	32235937	32236187
chr2	32264764	32265059
chr2	32288432	32288767
chr2	32581877	32582209
chr2	32583321	32583621
chr2	33824176	33824615
chr2	33954694	33954832
chr2	37311346	37311817
chr2	37423450	37423786
chr2	37477481	37477501
chr2	38152496	38152632
chr2	38978437	38978722
chr2	39348068	39348337
chr2	39351271	39351649
chr2	39664379	39664564
chr2	41288840	41288842
chr2	42396185	42396457
chr2	42588456	42588752
chr2	44158696	44158883
chr2	46159641	46159686
chr2	46844010	46844368
chr2	47629928	47630252
chr2	47963793	47963817
chr2	47982946	47983023
chr2	53994761	53995072
chr2	54342976	54343176
chr2	54557919	54557921
chr2	55509303	55509510
chr2	55746502	55746854
chr2	56676101	56676438
chr2	58170273	58170291
chr2	58468305	58468671
chr2	61196697	61196717
chr2	61371927	61372368
chr2	61991431	61991626
chr2	64116079	64116241
chr2	64371555	64371937
chr2	64751147	64751462
chr2	64877950	64878231
chr2	65267854	65267989
chr2	65357260	65357543
chr2	66968557	66968583
chr2	68384851	68385176
chr2	68694279	68694786
chr2	69324421	69324448
chr2	69614379	69614579
chr2	69664434	69664793
chr2	70056567	70056901
chr2	70080264	70080403
chr2	70335657	70336228
chr2	70369762	70370089
chr2	70475183	70475349
chr2	70475679	70476121
chr2	71295205	71295841
chr2	71558709	71559067
chr2	71666963	71666976
chr2	74007080	74007423
chr2	74692444	74692608
chr2	74734405	74734774
chr2	75185691	75185802
chr2	75356563	75356582
chr2	76017424	76017455
chr2	80176410	80176438
chr2	83423181	83423206
chr2	85581740	85581972
chr2	85645679	85645804
chr2	85843112	85843472
chr2	86332812	86333198
chr2	86422473	86422984
chr2	86667647	86668100
chr2	86790441	86790809
chr2	88355249	88355542
chr2	88520016	88520018
chr2	88923980	88923990
chr2	89857369	89859627
chr2	89864487	89875997
chr2	89876308	89880029
chr2	91807026	91807425
chr2	91847834	91848180
chr2	92296554	92297469
chr2	92305562	92307741
chr2	92308998	92309999
chr2	95831333	95831715
chr2	96873865	96874230
chr2	96874520	96874766
chr2	96931760	96932002
chr2	97482266	97482354
chr2	98262231	98262571
chr2	98280624	98280665
chr2	99214776	99214785
chr2	99282197	99282236
chr2	99757743	99758342
chr2	99797390	99797687
chr2	99952425	99953192
chr2	99953664	99954000
chr2	100071305	100071307
chr2	101177962	101178009
chr2	101179166	101179844
chr2	101868897	101869195
chr2	101925032	101925373
chr2	103353242	103353544
chr2	103464933	103465224
chr2	106810823	106811148
chr2	107603057	107603059
chr2	109875993	109876042
chr2	111435499	111436042
chr2	111493393	111493517
chr2	111715019	111715059
chr2	111878360	111878513
chr2	111891359	111891426
chr2	112834781	112834968
chr2	113012515	113012934
chr2	113103288	113103500
chr2	113514102	113514231
chr2	114361240	114361503
chr2	115487382	115487416
chr2	116079858	116079919
chr2	116730096	116730160
chr2	117159741	117159775
chr2	117537055	117537063
chr2	118771640	118771939
chr2	118845837	118846148
chr2	119077645	119077802
chr2	120076866	120076934
chr2	120517173	120517532
chr2	122407007	122407408
chr2	126814557	126814567
chr2	128145554	128145749
chr2	128283942	128284249
chr2	128615895	128616066
chr2	128659373	128659382
chr2	128690280	128690285
chr2	130309284	130309304
chr2	131862678	131863040
chr2	132250353	132250622
chr2	133023030	133024237
chr2	133028243	133031429
chr2	133110199	133110329
chr2	135191963	135192026
chr2	135676079	135676454
chr2	136499142	136499345
chr2	136634157	136634351
chr2	139057560	139057677
chr2	142219546	142219669
chr2	142951797	142951958
chr2	143979901	143979975
chr2	145776251	145776300
chr2	146013494	146013532
chr2	147541304	147541414
chr2	148778192	148778645
chr2	148824775	148824778
chr2	150444140	150444517
chr2	151109357	151109416
chr2	152684966	152685248
chr2	153201381	153201394
chr2	154027954	154028081
chr2	160143275	160143493
chr2	162135026	162136031
chr2	162807566	162807645
chr2	162891550	162891662
chr2	163200650	163200700
chr2	164592380	164592715
chr2	165351311	165351318
chr2	169313051	169313184
chr2	170430380	170430631
chr2	170550832	170551136
chr2	170655113	170655464
chr2	171627067	171627333
chr2	171850984	171851001
chr2	172778791	172778819
chr2	172864670	172865052
chr2	176046401	176046854
chr2	177627172	177627199
chr2	177874102	177874124
chr2	178483518	178483887
chr2	181430190	181430231
chr2	181893398	181893405
chr2	182716657	182716669
chr2	183988905	183989239
chr2	187350701	187351072
chr2	190162417	190162419
chr2	190525857	190526335
chr2	190649027	190649390
chr2	191757420	191757476
chr2	191885026	191885390
chr2	194037623	194037657
chr2	194403929	194403948
chr2	195611189	195611325
chr2	196521455	196522031
chr2	197504209	197504578
chr2	197791445	197791664
chr2	198002967	198003062
chr2	198299676	198299998
chr2	198317819	198318358
chr2	198364785	198365187
chr2	198569888	198570254
chr2	199658340	199658405
chr2	200775596	200775972
chr2	202122898	202122978
chr2	202762445	202762465
chr2	202774277	202774292
chr2	203776906	203777106
chr2	203879248	203879570
chr2	204802413	204802475
chr2	206191643	206191667
chr2	206697305	206697312
chr2	206929004	206929145
chr2	207025443	207025505
chr2	207630012	207630144
chr2	208599119	208599192
chr2	209130585	209130893
chr2	211035314	211035596
chr2	213227294	213227298
chr2	216973712	216974196
chr2	216979413	216980075
chr2	217363372	217363686
chr2	219081577	219081903
chr2	219264274	219264445
chr2	219432954	219433464
chr2	219442984	219443111
chr2	219575342	219575574
chr2	219936762	219936910
chr2	220025250	220025428
chr2	220042679	220043018
chr2	220408468	220408533
chr2	220462255	220462475
chr2	223520638	223521016
chr2	225189209	225189297
chr2	227018325	227018381
chr2	227665721	227665942
chr2	228736310	228736377
chr2	230656971	230656972
chr2	231577489	231577628
chr2	231934762	231934962
chr2	232572926	232573237
chr2	233415137	233415473
chr2	233561631	233561959
chr2	233826654	233826660
chr2	235589743	235589976
chr2	237262082	237262212
chr2	239228968	239229156
chr2	240323242	240323520
chr2	241039429	241039439
chr2	241349988	241350022
chr2	242089611	242089947
chr2	242254913	242255320
chr2	242447997	242448260
chr2	242626245	242626511
chr2	242673955	242674172
chr20	307958	308180
chr20	443071	443307
chr20	1305814	1306171
chr20	1373640	1373942
chr20	3184888	3185266
chr20	3388718	3389108
chr20	3451437	3451578
chr20	3521523	3521524
chr20	3801028	3801336
chr20	3827217	3827520
chr20	3996225	3996551
chr20	4953687	4954308
chr20	5100592	5101118
chr20	5107156	5107610
chr20	6004291	6004431
chr20	6387869	6388020
chr20	6872786	6872844
chr20	7999640	7999962
chr20	10536705	10537068
chr20	10654666	10654830
chr20	10853847	10853947
chr20	11871361	11871371
chr20	11871573	11871689
chr20	13225231	13225272
chr20	13619592	13619916
chr20	13765468	13765814
chr20	16080205	16080325
chr20	16346268	16346349
chr20	16555402	16555726
chr20	16635656	16635672
chr20	16710362	16710722
chr20	17550624	17550801
chr20	17949724	17949726
chr20	18488003	18488212
chr20	19901105	19901273
chr20	20032297	20032558
chr20	20635702	20635738
chr20	20693346	20693549
chr20	21848902	21848969
chr20	22281196	22281199
chr20	22492537	22492900
chr20	22509878	22509928
chr20	23330932	23331198
chr20	23338930	23339265
chr20	23342391	23342800
chr20	23401986	23402439
chr20	24245734	24245736
chr20	24843985	24843987
chr20	24863117	24863186
chr20	25016650	25016842
chr20	25176068	25176467
chr20	25604448	25604838
chr20	25706454	25706521
chr20	25731690	25731880
chr20	25834525	25834828
chr20	25838923	25839078
chr20	25840461	25840819
chr20	25842121	25842411
chr20	25843793	25844146
chr20	25846349	25846673
chr20	25848705	25848959
chr20	26208906	26208912
chr20	29651478	29652480
chr20	30102067	30102381
chr20	30326723	30327114
chr20	30467179	30468068
chr20	30539650	30540042
chr20	32699925	32700379
chr20	32891096	32891327
chr20	32950942	32951159
chr20	33104024	33104333
chr20	33543500	33543751
chr20	33734984	33735352
chr20	33999682	34000065
chr20	34042419	34042862
chr20	34129578	34129940
chr20	34252723	34253088
chr20	34357100	34357403
chr20	34359610	34359813
chr20	34542099	34542647
chr20	35089397	35089771
chr20	35132865	35132977
chr20	35233930	35234255
chr20	35374496	35374740
chr20	35402001	35402487
chr20	35579918	35580431
chr20	36034962	36035288
chr20	36612688	36612889
chr20	36759152	36759153
chr20	36971746	36972039
chr20	37101148	37101610
chr20	39548796	39548877
chr20	39657040	39657618
chr20	39858972	39859103
chr20	39946339	39946735
chr20	40052117	40052119
chr20	42136247	42136377
chr20	42159439	42159639
chr20	42839366	42839746
chr20	42939705	42940038
chr20	43485181	43485391
chr20	43518944	43519092
chr20	43588982	43589224
chr20	43991488	43991944
chr20	44044455	44044831
chr20	44094505	44094585
chr20	44563123	44563477
chr20	44563696	44564196
chr20	44718154	44718402
chr20	46353597	46353723
chr20	47131724	47132936
chr20	47284611	47284797
chr20	47662629	47663021
chr20	47835869	47836099
chr20	47894984	47895394
chr20	48295103	48295118
chr20	48729599	48729929
chr20	48732393	48732829
chr20	48816735	48816809
chr20	49262023	49262287
chr20	49347424	49348026
chr20	49363660	49363788
chr20	53132083	53132131
chr20	54933882	54934009
chr20	54967222	54967836
chr20	55926141	55926379
chr20	56963969	56964325
chr20	57556160	57556389
chr20	57616985	57617118
chr20	58012317	58012325
chr20	60535269	60535322
chr20	60697164	60697390
chr20	60757884	60758157
chr20	60961993	60962167
chr20	61427539	61427936
chr20	61493434	61493606
chr20	61557801	61558182
chr20	61569099	61569459
chr20	62258483	62258716
chr20	62273343	62273618
chr20	62488459	62488462
chr20	62526203	62526583
chr20	62711320	62711338
chr20	62886854	62887086
chr21	9881798	9882111
chr21	9968553	9968686
chr21	10816463	10816759
chr21	10828739	10828949
chr21	17702921	17702934
chr21	19708213	19708337
chr21	19714990	19715116
chr21	25915422	25915460
chr21	30257507	30257931
chr21	30391564	30391818
chr21	30396666	30396954
chr21	30446021	30446360
chr21	30489886	30489887
chr21	30536736	30536740
chr21	31036566	31036580
chr21	33272896	33273154
chr21	33651267	33651700
chr21	34697058	34697451
chr21	34863657	34863986
chr21	34960999	34961260
chr21	35171994	35172129
chr21	35287995	35288371
chr21	35747490	35747921
chr21	37432707	37433055
chr21	37486057	37486277
chr21	37692155	37692443
chr21	38362063	38362315
chr21	38445303	38445503
chr21	38630504	38631087
chr21	38639883	38640159
chr21	40332256	40332269
chr21	40752076	40752372
chr21	40757536	40758469
chr21	40759400	40759771
chr21	43429993	43430335
chr21	44299552	44299893
chr21	44527625	44527921
chr21	45209059	45209408
chr21	45553221	45553645
chr21	45758982	45759432
chr21	46293605	46293956
chr21	46707754	46708098
chr21	47743851	47744058
chr21	47878685	47878812
chr22	18506404	18506503
chr22	19132197	19132333
chr22	19671394	19671415
chr22	19814025	19814051
chr22	19842275	19842610
chr22	20104725	20105056
chr22	20748249	20748542
chr22	21212950	21213223
chr22	21271508	21271810
chr22	21355911	21356281
chr22	22652477	22652533
chr22	23484169	23484449
chr22	23863962	23864225
chr22	24199793	24200237
chr22	24407474	24407785
chr22	24666426	24667230
chr22	24945779	24945947
chr22	25348451	25348678
chr22	25843823	25844122
chr22	27731649	27731813
chr22	28315192	28315623
chr22	28725581	28725612
chr22	29999414	29999542
chr22	30163172	30163486
chr22	31063713	31064008
chr22	31741947	31742083
chr22	31892312	31892530
chr22	32308173	32308192
chr22	32340236	32340628
chr22	32808078	32808429
chr22	32870500	32870740
chr22	36519995	36520323
chr22	38178656	38178905
chr22	38245266	38245525
chr22	38349518	38349789
chr22	39052496	39052753
chr22	39268197	39268360
chr22	39309664	39309693
chr22	39928726	39929041
chr22	40585439	40585457
chr22	40713018	40713125
chr22	40981837	40981855
chr22	41347305	41347521
chr22	41840419	41840769
chr22	41843508	41843817
chr22	41940333	41940643
chr22	42017113	42017474
chr22	42062683	42063053
chr22	42486743	42487134
chr22	42649224	42649394
chr22	43253221	43253602
chr22	43583502	43583788
chr22	45559599	45559959
chr22	45705483	45705663
chr22	46646239	46646374
chr22	46692499	46692820
chr22	47324184	47324185
chr22	50247119	50247439
chr22	50353980	50354230
chr22	50776789	50776960
chr22	50913400	50913585
chr22	50963874	50964219
chr3	2140207	2140391
chr3	2325215	2325365
chr3	5774393	5774411
chr3	9005103	9005439
chr3	9404469	9404773
chr3	9441779	9441961
chr3	9774946	9774958
chr3	9939525	9939773
chr3	9988097	9988371
chr3	10157147	10157450
chr3	10183234	10183484
chr3	10917067	10917089
chr3	11313865	11314145
chr3	11376514	11376523
chr3	11685349	11685551
chr3	11759905	11760305
chr3	12525696	12526040
chr3	12705630	12705829
chr3	13034112	13034337
chr3	14166297	14166665
chr3	15106721	15106975
chr3	15247659	15247830
chr3	16306453	16306675
chr3	17784111	17784587
chr3	20983728	20983784
chr3	22445520	22445523
chr3	23987547	23987729
chr3	25640960	25640969
chr3	25831429	25831729
chr3	28282859	28283137
chr3	32147991	32148161
chr3	32219344	32219756
chr3	32672319	32672337
chr3	32905492	32905605
chr3	32909994	32910162
chr3	33701031	33701280
chr3	33839895	33840224
chr3	37284570	37284835
chr3	38178535	38178654
chr3	38537679	38537980
chr3	40498613	40498952
chr3	42144155	42144317
chr3	42623303	42623630
chr3	42632059	42632293
chr3	42641754	42642146
chr3	43147424	43147757
chr3	43327913	43328159
chr3	43392593	43392613
chr3	43732206	43732561
chr3	44379435	44380335
chr3	44552057	44552183
chr3	46166442	46166596
chr3	46599867	46600243
chr3	46715891	46716002
chr3	47017809	47018184
chr3	47422218	47422537
chr3	47517343	47517588
chr3	47555023	47555450
chr3	47758032	47758041
chr3	47823301	47823668
chr3	48013717	48013750
chr3	48282435	48282790
chr3	48594243	48594742
chr3	48646967	48647287
chr3	48699127	48699374
chr3	48754575	48754877
chr3	48777804	48777890
chr3	48885255	48885504
chr3	49066797	49067034
chr3	49449368	49449939
chr3	49507498	49507646
chr3	49591706	49591969
chr3	49726759	49727081
chr3	49824025	49824327
chr3	50098651	50098663
chr3	50127777	50128114
chr3	50336874	50336929
chr3	50374790	50375031
chr3	50388064	50388358
chr3	50396797	50397130
chr3	50639362	50639582
chr3	50712330	50712371
chr3	51675971	51675989
chr3	51976012	51976337
chr3	52115369	52115525
chr3	52231940	52232272
chr3	52273125	52273348
chr3	52570348	52570642
chr3	52804889	52805090
chr3	53353241	53353298
chr3	53916037	53916323
chr3	56051041	56051123
chr3	56218545	56218547
chr3	57583106	57583503
chr3	58292055	58292374
chr3	58419219	58419399
chr3	58449670	58449796
chr3	66024452	66024781
chr3	69089465	69089497
chr3	69101273	69101766
chr3	69355774	69355887
chr3	70271129	70271130
chr3	73212178	73212202
chr3	75695943	75699313
chr3	75792008	75793453
chr3	79018335	79018376
chr3	82681247	82681256
chr3	87276299	87276524
chr3	88449168	88449177
chr3	98892054	98892056
chr3	100427973	100428444
chr3	103126083	103126146
chr3	103572807	103572821
chr3	103812052	103812112
chr3	105202111	105202149
chr3	105584822	105584936
chr3	106264327	106264362
chr3	106959367	106959692
chr3	111697586	111698002
chr3	112280986	112281378
chr3	112709622	112709941
chr3	113160284	113160519
chr3	113233597	113234255
chr3	113465021	113465256
chr3	119396136	119396544
chr3	120068225	120068391
chr3	120315001	120315349
chr3	120833151	120833154
chr3	122134766	122135132
chr3	122233680	122233944
chr3	122513831	122513999
chr3	122785728	122785931
chr3	122920525	122920711
chr3	125238996	125239103
chr3	126243536	126243765
chr3	127316932	127317244
chr3	128278518	128278546
chr3	128336385	128336737
chr3	128399505	128399694
chr3	128598085	128598506
chr3	128902707	128902866
chr3	128968258	128968558
chr3	129158894	129159158
chr3	129160774	129160921
chr3	129382518	129382543
chr3	129612644	129612794
chr3	132136168	132136367
chr3	132373723	132373781
chr3	132919892	132919973
chr3	133291924	133292536
chr3	133524446	133524793
chr3	134204874	134205187
chr3	135914997	135915611
chr3	135968934	135969278
chr3	136471260	136471609
chr3	137905984	137906213
chr3	142275830	142275879
chr3	142315108	142315369
chr3	142517003	142517283
chr3	143690784	143690829
chr3	143762704	143762812
chr3	149115501	149115607
chr3	150261141	150261251
chr3	150320835	150321190
chr3	150481000	150481161
chr3	150583259	150583382
chr3	151507812	151507913
chr3	153969985	153970159
chr3	154358897	154358997
chr3	154760154	154760277
chr3	155461819	155462152
chr3	156392066	156392378
chr3	156467155	156467161
chr3	156806880	156807174
chr3	156863686	156863816
chr3	156892643	156893003
chr3	157815860	157816215
chr3	157828017	157828359
chr3	160117165	160117522
chr3	160479138	160479147
chr3	161632120	161632272
chr3	161739077	161739145
chr3	169490212	169490758
chr3	169899347	169899682
chr3	170049166	170049366
chr3	176506819	176506868
chr3	178789475	178789798
chr3	179040738	179040862
chr3	180630217	180630304
chr3	182006940	182006942
chr3	182833813	182834137
chr3	183892431	183892719
chr3	183903600	183904040
chr3	184080989	184081318
chr3	185303822	185304082
chr3	186285037	186285345
chr3	190040603	190040640
chr3	192445299	192445398
chr3	193310743	193311094
chr3	195717104	195717416
chr3	196045081	196045281
chr3	196439042	196439304
chr3	196669302	196669424
chr3	197172122	197172141
chr3	197354680	197354906
chr3	197517967	197518192
chr4	35798	36110
chr4	50523	51585
chr4	668002	668437
chr4	699447	699666
chr4	926037	926386
chr4	1242324	1242681
chr4	1340661	1340933
chr4	2043563	2043827
chr4	2243780	2244072
chr4	3534122	3534456
chr4	3767243	3767338
chr4	4291847	4292047
chr4	6642085	6642390
chr4	6675491	6675849
chr4	6717348	6717949
chr4	7044879	7045002
chr4	8160545	8160915
chr4	8887589	8887671
chr4	10105798	10105844
chr4	11162422	11162482
chr4	12835971	12835981
chr4	15683180	15683547
chr4	18032689	18032691
chr4	22974223	22974263
chr4	24586144	24586377
chr4	25161981	25162554
chr4	26322325	26322533
chr4	26859202	26859464
chr4	26862171	26862386
chr4	27022730	27022745
chr4	27274028	27274192
chr4	35110797	35110848
chr4	39183968	39184281
chr4	39640487	39640831
chr4	39699578	39699855
chr4	41216519	41216647
chr4	42970606	42970612
chr4	44728479	44728807
chr4	46447916	46447969
chr4	47033395	47033757
chr4	47465618	47465994
chr4	47916598	47917247
chr4	48832808	48833118
chr4	49101773	49102487
chr4	49119974	49121676
chr4	49156710	49157673
chr4	49634407	49635109
chr4	49636424	49638051
chr4	54054140	54054246
chr4	54243622	54243922
chr4	54728095	54728097
chr4	54957914	54958245
chr4	56412938	56413138
chr4	57302094	57302436
chr4	60835090	60835153
chr4	66642012	66642096
chr4	66975721	66975815
chr4	68264080	68266936
chr4	69215705	69215918
chr4	69665412	69665427
chr4	71705628	71705735
chr4	73935314	73935671
chr4	75046581	75046598
chr4	75553854	75553918
chr4	76598606	76598905
chr4	76649625	76649991
chr4	77997368	77997691
chr4	78077701	78078028
chr4	78287868	78287937
chr4	78655686	78655750
chr4	80274273	80274894
chr4	81729712	81729727
chr4	83150365	83150495
chr4	83205964	83206236
chr4	84205834	84206129
chr4	84376884	84377395
chr4	84406248	84406448
chr4	84673048	84673065
chr4	85942639	85942694
chr4	85950484	85950530
chr4	85972257	85972372
chr4	89205902	89206187
chr4	96412688	96412711
chr4	99064622	99064896
chr4	99850234	99850588
chr4	99861009	99861018
chr4	102185505	102185545
chr4	103790082	103790350
chr4	108641344	108641747
chr4	109571557	109571807
chr4	110651188	110651265
chr4	112204704	112204708
chr4	113068360	113068395
chr4	113294086	113294117
chr4	114644983	114645112
chr4	118006679	118006825
chr4	119199562	119199802
chr4	119757185	119757528
chr4	120133637	120133925
chr4	120221645	120222009
chr4	120409990	120410106
chr4	120987829	120988269
chr4	122722161	122722460
chr4	123073313	123073627
chr4	128703269	128703618
chr4	128801795	128802183
chr4	128886221	128886580
chr4	129209140	129209538
chr4	129507226	129507243
chr4	132126661	132126845
chr4	136704122	136704206
chr4	139119828	139119830
chr4	140375194	140375363
chr4	141348754	141348824
chr4	144105728	144105897
chr4	146540419	146540579
chr4	147387183	147387188
chr4	151936905	151936908
chr4	155471448	155471746
chr4	159593052	159593532
chr4	161159904	161160045
chr4	161565044	161565089
chr4	164395268	164395303
chr4	169672733	169672736
chr4	169931424	169931730
chr4	174291876	174292221
chr4	176047996	176047999
chr4	177116640	177117024
chr4	178230859	178231035
chr4	178231294	178231617
chr4	184425735	184426001
chr4	184558218	184558231
chr4	184642519	184642766
chr4	185458671	185458977
chr4	185655155	185655468
chr4	186317581	186317813
chr4	188273273	188273307
chr4	189724636	189724754
chr4	190200312	190201239
chr4	190491885	190492228
chr4	190502020	190502205
chr4	190507782	190507876
chr4	190529481	190529937
chr4	190551629	190551647
chr4	190558768	190559552
chr4	190643152	190643311
chr4	190942166	190942377
chr5	218125	218523
chr5	271410	271686
chr5	473293	473375
chr5	793268	793354
chr5	1345181	1345400
chr5	1524091	1524190
chr5	1594523	1594805
chr5	1799879	1800248
chr5	1801329	1801617
chr5	2038756	2038852
chr5	2477662	2477708
chr5	3314808	3314906
chr5	6633228	6633566
chr5	6713231	6713493
chr5	7701787	7701950
chr5	8457588	8457823
chr5	10250166	10250785
chr5	10283934	10284081
chr5	10441821	10442093
chr5	14011551	14011756
chr5	14264783	14265103
chr5	14664571	14664844
chr5	14865698	14865733
chr5	19252782	19252856
chr5	21524034	21524251
chr5	24481128	24481171
chr5	31420125	31420226
chr5	32444721	32444951
chr5	32534143	32534275
chr5	33440710	33440983
chr5	34008118	34008469
chr5	34839302	34839593
chr5	34921312	34921407
chr5	36152026	36152244
chr5	38665020	38665046
chr5	42908914	42909266
chr5	44003592	44003611
chr5	45335284	45335292
chr5	46393987	46394558
chr5	52095657	52096097
chr5	52405482	52405827
chr5	54821202	54821221
chr5	54979744	54979747
chr5	55606920	55606965
chr5	56469147	56469235
chr5	58537507	58537514
chr5	60373417	60373469
chr5	61601792	61602116
chr5	61708235	61708634
chr5	62709489	62709529
chr5	64331267	64331511
chr5	64777677	64777918
chr5	64858853	64859108
chr5	64920046	64920388
chr5	67138229	67138241
chr5	67527176	67527183
chr5	67555604	67555643
chr5	68086483	68086500
chr5	68389587	68389956
chr5	68462618	68462955
chr5	68628466	68628736
chr5	68710947	68710992
chr5	68788433	68788679
chr5	71125700	71125722
chr5	72251629	72251800
chr5	72794021	72794378
chr5	72862852	72862940
chr5	74215379	74215691
chr5	74807656	74807751
chr5	77072057	77072336
chr5	77590364	77590715
chr5	78907952	78908147
chr5	79703610	79703956
chr5	79783665	79783969
chr5	81000109	81000164
chr5	81693936	81693958
chr5	82499568	82499650
chr5	86187908	86188002
chr5	86779295	86779365
chr5	87564675	87564986
chr5	87836302	87836312
chr5	89825365	89825846
chr5	90679006	90679353
chr5	93134881	93134901
chr5	94890551	94890995
chr5	94982459	94982583
chr5	96147931	96148053
chr5	96518835	96519674
chr5	98264696	98265066
chr5	98335318	98335446
chr5	98957115	98957166
chr5	101489346	101489508
chr5	106445922	106445945
chr5	107871115	107871129
chr5	108873851	108873870
chr5	112042983	112043375
chr5	112165742	112165779
chr5	112312094	112312421
chr5	114093254	114093415
chr5	115812510	115812574
chr5	115988046	115988227
chr5	116645169	116645181
chr5	117022063	117022105
chr5	118691217	118691280
chr5	118824483	118824534
chr5	120131631	120131653
chr5	121297523	121297699
chr5	122759103	122759446
chr5	123995882	123995885
chr5	124986506	124986513
chr5	126853283	126853360
chr5	128845245	128845252
chr5	130500826	130501219
chr5	130896424	130896586
chr5	130970797	130971137
chr5	131574248	131574346
chr5	131705506	131705668
chr5	131892574	131892612
chr5	132073148	132073570
chr5	132592002	132592310
chr5	133561748	133562233
chr5	133702765	133703055
chr5	134086411	134086470
chr5	134181329	134181724
chr5	134463608	134463772
chr5	134495061	134495089
chr5	135468328	135468543
chr5	137368437	137368581
chr5	137536916	137536928
chr5	137667740	137667741
chr5	137911294	137911636
chr5	138533962	138534077
chr5	138677932	138678255
chr5	139682567	139682948
chr5	140071054	140071222
chr5	140079699	140080026
chr5	140342879	140342902
chr5	140700252	140700606
chr5	141538721	141538729
chr5	141704508	141704854
chr5	143550067	143550429
chr5	147499248	147499288
chr5	147975677	147975678
chr5	148290848	148290857
chr5	148724908	148725220
chr5	148930942	148931306
chr5	149380036	149380402
chr5	149737102	149737112
chr5	150138562	150138810
chr5	157170644	157170687
chr5	158598806	158598814
chr5	158636582	158636609
chr5	159826945	159827245
chr5	159845969	159846338
chr5	160973657	160973885
chr5	161102275	161102288
chr5	162886979	162887346
chr5	163536001	163536016
chr5	166764676	166764703
chr5	169010429	169010805
chr5	170814421	170814910
chr5	171878386	171878406
chr5	172386289	172386589
chr5	173098977	173099002
chr5	175300357	175300507
chr5	175395118	175395488
chr5	176433627	176433972
chr5	176512141	176512176
chr5	176739371	176739669
chr5	176943805	176944260
chr5	177018792	177019308
chr5	179050538	179051080
chr5	179105376	179105805
chr5	179285721	179286038
chr5	179499067	179499358
chr6	268575	268711
chr6	758355	758454
chr6	1972852	1972993
chr6	2133723	2133845
chr6	2765204	2765419
chr6	3118858	3119049
chr6	4018911	4019026
chr6	4021385	4021687
chr6	5017467	5017714
chr6	6341996	6341998
chr6	7140052	7140370
chr6	8064504	8064759
chr6	8435697	8435973
chr6	10399573	10399587
chr6	10747793	10748146
chr6	11367629	11367952
chr6	11537782	11538010
chr6	12271457	12271458
chr6	12777204	12777228
chr6	13328256	13329000
chr6	13574517	13574865
chr6	13615308	13615641
chr6	14226477	14226503
chr6	15526433	15526536
chr6	15663276	15663321
chr6	17793144	17793158
chr6	18749742	18749926
chr6	19804472	19804608
chr6	20534488	20534826
chr6	22748081	22748115
chr6	24352709	24352712
chr6	24402942	24403319
chr6	24646455	24646470
chr6	24666977	24667355
chr6	24774944	24775251
chr6	26224081	26224364
chr6	26660041	26660051
chr6	27356338	27356674
chr6	27655050	27655149
chr6	27760622	27760803
chr6	27798742	27798796
chr6	27805070	27805362
chr6	30034732	30035095
chr6	30294315	30294613
chr6	30533628	30533803
chr6	30539352	30539619
chr6	30585157	30585752
chr6	30614570	30615292
chr6	30685252	30685586
chr6	30687883	30688262
chr6	30689271	30689445
chr6	30881818	30882169
chr6	31125902	31126273
chr6	31185868	31185966
chr6	31509666	31510262
chr6	31632412	31633023
chr6	31707600	31707867
chr6	31774603	31774960
chr6	31869957	31870165
chr6	31894826	31895315
chr6	32096019	32096395
chr6	32145563	32145954
chr6	32163281	32163695
chr6	32770086	32770115
chr6	32786565	32786715
chr6	32936136	32936547
chr6	33168368	33168759
chr6	33217084	33217256
chr6	33290831	33291053
chr6	33359312	33359563
chr6	33679050	33679735
chr6	34583649	34583654
chr6	34664641	34664824
chr6	35265509	35265709
chr6	35888764	35889104
chr6	35934505	35934599
chr6	36515157	36515445
chr6	37321592	37321915
chr6	37467521	37467881
chr6	37786654	37787037
chr6	37894452	37894470
chr6	38607692	38607772
chr6	39082804	39083171
chr6	39693164	39693496
chr6	41040147	41040825
chr6	41889070	41889416
chr6	42847202	42847804
chr6	42981744	42981992
chr6	43395109	43395371
chr6	43543640	43543985
chr6	43692791	43693105
chr6	44040975	44041244
chr6	44095042	44095304
chr6	44355112	44355703
chr6	45345683	45345908
chr6	47079715	47079742
chr6	52535699	52536050
chr6	52746301	52746484
chr6	52930079	52930322
chr6	53409794	53409891
chr6	53412846	53413051
chr6	55096853	55096856
chr6	56211212	56211214
chr6	56469773	56469779
chr6	56708906	56709219
chr6	57086945	57087259
chr6	57182195	57182528
chr6	57460856	57461155
chr6	57467549	57467740
chr6	57473520	57473708
chr6	57516887	57517174
chr6	58774347	58780022
chr6	61912376	61913042
chr6	66987279	66987348
chr6	67716792	67716793
chr6	71276476	71276672
chr6	71377245	71377527
chr6	74230715	74231129
chr6	74527799	74527938
chr6	80487700	80488000
chr6	80816043	80816380
chr6	81263527	81263541
chr6	83775390	83775707
chr6	84569100	84569415
chr6	86303478	86303786
chr6	86388483	86388781
chr6	88118211	88118549
chr6	88411870	88412340
chr6	88482997	88483099
chr6	89673464	89673874
chr6	89790140	89790459
chr6	97345568	97345893
chr6	99841690	99842048
chr6	99872605	99872993
chr6	99874243	99874251
chr6	101562619	101562667
chr6	106773409	106773959
chr6	107137562	107137619
chr6	107349287	107349493
chr6	109169451	109169776
chr6	109416174	109416526
chr6	110532762	110532909
chr6	110741219	110741419
chr6	111136748	111137012
chr6	111580357	111580692
chr6	112408666	112408872
chr6	113405210	113405242
chr6	114292472	114292660
chr6	116385735	116385822
chr6	116892453	116892813
chr6	117013683	117013687
chr6	117923527	117923889
chr6	119254865	119255184
chr6	121383794	121383798
chr6	121655446	121655783
chr6	122554293	122554307
chr6	122733865	122733913
chr6	122792897	122793246
chr6	123110560	123110771
chr6	125626925	125626981
chr6	126307278	126307853
chr6	126952736	126952738
chr6	128379497	128379546
chr6	128800337	128800436
chr6	130015172	130015668
chr6	130339687	130339916
chr6	131293661	131293790
chr6	132834135	132834351
chr6	133135480	133135807
chr6	134986683	134986699
chr6	135375781	135376197
chr6	135502325	135502427
chr6	135776585	135776598
chr6	136610387	136610699
chr6	142722095	142722096
chr6	143214658	143214668
chr6	146285433	146285687
chr6	147524819	147524876
chr6	149887051	149887438
chr6	149969816	149970118
chr6	150070792	150070992
chr6	150161214	150161247
chr6	151711495	151711823
chr6	151773111	151773437
chr6	153304587	153304974
chr6	155329069	155329148
chr6	155635559	155635820
chr6	159420793	159421132
chr6	160182904	160183138
chr6	160210701	160211070
chr6	162478930	162478975
chr6	163148708	163148916
chr6	163834950	163835268
chr6	166119315	166119318
chr6	166710637	166710663
chr6	166755998	166756241
chr6	166774337	166774893
chr6	167739893	167739939
chr6	168068978	168069096
chr6	168084741	168084830
chr6	170128135	170128146
chr6	170615513	170615900
chr6	170862756	170863040
chr7	149094	149410
chr7	1067808	1068008
chr7	1199915	1200172
chr7	2404207	2404407
chr7	2598563	2598701
chr7	4681268	4681869
chr7	5013509	5013814
chr7	5085303	5085647
chr7	5229627	5230021
chr7	6052674	6052702
chr7	6098756	6099134
chr7	6120391	6120713
chr7	6121153	6121587
chr7	6144264	6144431
chr7	6388471	6388884
chr7	6487431	6487835
chr7	6746427	6746817
chr7	6769197	6769557
chr7	7709017	7709089
chr7	11013254	11013631
chr7	12250625	12251008
chr7	12983737	12983751
chr7	19198917	19198989
chr7	20740079	20740124
chr7	21604151	21604195
chr7	22862288	22862710
chr7	23145276	23145473
chr7	25164859	25165391
chr7	25474145	25474155
chr7	27887105	27887106
chr7	30067796	30068043
chr7	30165194	30165210
chr7	31498785	31498821
chr7	32225463	32225464
chr7	32931703	32932012
chr7	33102638	33102925
chr7	33169068	33169290
chr7	36429336	36429827
chr7	39090481	39090510
chr7	39095348	39095455
chr7	41433839	41433850
chr7	42971621	42972045
chr7	43556231	43556254
chr7	43965844	43966186
chr7	44058713	44059015
chr7	44611606	44611703
chr7	44613411	44613754
chr7	44621670	44622220
chr7	44836038	44836246
chr7	47096637	47096641
chr7	48425739	48425744
chr7	50517926	50518216
chr7	54058213	54058238
chr7	54732147	54732356
chr7	54826804	54827194
chr7	55954969	55955284
chr7	56131729	56132107
chr7	61968776	61970572
chr7	66119334	66119634
chr7	66460475	66460765
chr7	71193164	71193231
chr7	72299838	72300177
chr7	72349791	72350002
chr7	73133853	73134074
chr7	73588472	73588628
chr7	74071769	74072146
chr7	74072680	74072968
chr7	75115440	75115720
chr7	75157360	75157657
chr7	75988531	75988846
chr7	76022197	76022739
chr7	76178481	76178745
chr7	78443579	78443695
chr7	89896375	89896527
chr7	89975778	89976121
chr7	91671308	91671650
chr7	92219332	92219547
chr7	94127702	94127757
chr7	94287732	94288052
chr7	96746738	96747156
chr7	97369775	97369877
chr7	98809609	98809645
chr7	98810252	98810387
chr7	98923269	98923627
chr7	99680432	99680584
chr7	99717045	99717376
chr7	99746499	99746699
chr7	99869800	99869925
chr7	100025800	100026126
chr7	100026834	100027163
chr7	100136295	100136642
chr7	100303529	100303817
chr7	100472576	100472923
chr7	100797566	100797764
chr7	100808930	100809133
chr7	100861195	100861594
chr7	100888358	100888587
chr7	100895509	100895847
chr7	102004121	102004485
chr7	102212966	102213174
chr7	102389132	102389446
chr7	103343118	103343142
chr7	104653923	104654255
chr7	105765756	105765772
chr7	105925536	105925788
chr7	106810133	106810372
chr7	107384012	107384709
chr7	107531490	107531793
chr7	107643559	107643662
chr7	108166814	108166871
chr7	108209940	108210309
chr7	110550185	110550186
chr7	111866880	111867021
chr7	112579996	112580352
chr7	116429712	116429769
chr7	116449172	116449183
chr7	116502319	116502627
chr7	117475947	117475956
chr7	117823894	117824216
chr7	119110720	119110741
chr7	120498094	120498294
chr7	120555888	120555940
chr7	122874282	122874319
chr7	123197883	123198178
chr7	124569762	124570109
chr7	125284788	125284799
chr7	125465971	125465973
chr7	125836364	125836422
chr7	127032706	127032978
chr7	127292065	127292259
chr7	128095762	128096018
chr7	128502654	128502964
chr7	129251576	129251803
chr7	129500290	129500306
chr7	129845077	129845422
chr7	130081099	130081295
chr7	130126024	130126307
chr7	133448564	133448714
chr7	135194673	135195000
chr7	137449457	137449552
chr7	138915776	138916124
chr7	139024995	139025403
chr7	139876738	139877075
chr7	140179192	140179443
chr7	140714750	140715044
chr7	142146724	142146859
chr7	142985254	142985573
chr7	146188793	146188872
chr7	148589777	148589865
chr7	148725737	148725753
chr7	149570833	149571224
chr7	150024329	150024417
chr7	150576543	150576603
chr7	150782071	150782290
chr7	152225701	152225813
chr7	152373100	152373447
chr7	153277568	153277627
chr7	156128241	156128290
chr7	157064741	157065005
chr7	158649058	158649401
chr8	495464	495664
chr8	681218	681507
chr8	1711833	1712079
chr8	6263955	6264258
chr8	6565577	6565868
chr8	8559237	8559394
chr8	8608242	8608299
chr8	8750172	8750311
chr8	9912039	9912400
chr8	11626936	11627136
chr8	11720041	11720290
chr8	13267486	13267507
chr8	13424190	13424341
chr8	18724925	18725040
chr8	19674576	19674904
chr8	20678679	20678692
chr8	21777026	21777175
chr8	21867647	21868033
chr8	21917794	21918145
chr8	21999322	21999609
chr8	23103750	23104426
chr8	25316137	25316325
chr8	26435258	26435596
chr8	29846805	29846859
chr8	30014060	30014276
chr8	30462795	30462935
chr8	30515670	30515906
chr8	30891014	30891310
chr8	38034221	38034417
chr8	39868779	39868978
chr8	41814571	41814921
chr8	42249117	42249541
chr8	42751731	42751819
chr8	43092713	43097389
chr8	46868638	46869374
chr8	47424609	47424680
chr8	50137658	50137663
chr8	53532919	53532964
chr8	53626970	53627188
chr8	54793484	54793678
chr8	55014446	55014863
chr8	59465641	59465870
chr8	65806728	65806732
chr8	67025326	67025683
chr8	67579337	67579696
chr8	67974442	67974745
chr8	68679763	68679817
chr8	70906883	70907240
chr8	71250052	71250055
chr8	71520499	71521017
chr8	73994974	73995085
chr8	74205720	74206073
chr8	74888255	74888565
chr8	80695744	80695944
chr8	81849728	81849793
chr8	82331360	82331424
chr8	87354573	87354905
chr8	90769472	90769661
chr8	92082253	92082601
chr8	94753102	94753473
chr8	95349006	95349092
chr8	95487225	95487639
chr8	95907322	95907522
chr8	96281333	96282103
chr8	97247668	97248044
chr8	99129349	99129668
chr8	99992095	99992153
chr8	100905766	100906101
chr8	103251067	103251165
chr8	103656839	103656842
chr8	104033086	104033412
chr8	107643618	107643635
chr8	109260858	109261247
chr8	110267152	110267193
chr8	117778424	117778705
chr8	117886941	117887458
chr8	118110495	118110635
chr8	118539339	118539411
chr8	119356389	119356741
chr8	120668828	120668834
chr8	122412148	122412180
chr8	123813365	123813398
chr8	123895830	123895849
chr8	124169414	124169777
chr8	124540585	124540593
chr8	124666001	124666207
chr8	125384963	125385149
chr8	125486701	125486978
chr8	126103766	126103989
chr8	130951979	130952332
chr8	141018650	141018830
chr8	141109107	141109438
chr8	141467750	141467978
chr8	141474464	141474794
chr8	141775078	141775093
chr8	142011331	142011676
chr8	144623563	144623850
chr8	144679847	144680054
chr8	144847923	144848034
chr8	145026274	145026540
chr8	145137319	145137588
chr8	145597512	145597807
chr8	145634655	145634912
chr8	145653830	145654084
chr8	145911196	145911627
chr8	145980757	145981181
chr9	470121	470473
chr9	1995761	1995768
chr9	4792383	4792397
chr9	5793214	5793250
chr9	6008367	6008845
chr9	6681229	6681603
chr9	6757905	6758230
chr9	10311162	10311208
chr9	10473592	10473655
chr9	14891219	14891318
chr9	15552828	15552923
chr9	16594357	16594361
chr9	17134835	17135085
chr9	17464404	17464463
chr9	19102859	19103227
chr9	20622447	20622565
chr9	20684038	20684235
chr9	22009345	22009549
chr9	22038522	22038601
chr9	26376923	26376945
chr9	28259082	28259111
chr9	31825584	31825671
chr9	31902255	31902357
chr9	32383629	32383824
chr9	32412192	32412327
chr9	32550881	32551176
chr9	32789239	32789250
chr9	33264821	33265179
chr9	33290256	33290596
chr9	33817004	33817114
chr9	34126579	34126879
chr9	35163264	35163273
chr9	35604031	35604416
chr9	35812049	35812350
chr9	36400940	36401373
chr9	36613349	36613363
chr9	37120311	37120508
chr9	37422513	37422712
chr9	37904085	37904167
chr9	38698422	38698622
chr9	40791994	40792194
chr9	45729427	45729641
chr9	68412704	68413782
chr9	68416838	68422360
chr9	71394769	71395116
chr9	71650916	71650919
chr9	72873743	72873943
chr9	74526305	74526547
chr9	76772550	76772556
chr9	76907269	76907280
chr9	77567716	77567963
chr9	77643166	77643541
chr9	77703209	77703365
chr9	79792239	79792571
chr9	80108545	80108563
chr9	80149476	80149769
chr9	80228223	80228284
chr9	80637698	80637749
chr9	85864784	85864854
chr9	86323055	86323518
chr9	86598735	86598783
chr9	89821376	89821397
chr9	90340957	90341134
chr9	91925646	91926000
chr9	94124091	94124420
chr9	94877620	94877948
chr9	95640168	95640496
chr9	96328855	96329141
chr9	97062198	97062241
chr9	97488657	97488976
chr9	97616097	97616424
chr9	97621566	97621618
chr9	98075582	98075837
chr9	98445318	98445426
chr9	99638045	99638365
chr9	100174125	100174420
chr9	100459566	100459816
chr9	100684646	100685003
chr9	100685706	100685726
chr9	100818532	100818864
chr9	101017504	101017540
chr9	101537530	101537533
chr9	102910757	102910847
chr9	103173944	103174255
chr9	103361067	103361376
chr9	103790759	103791069
chr9	103813996	103814001
chr9	104061938	104061978
chr9	105400703	105400763
chr9	107730693	107731009
chr9	107753932	107754301
chr9	108210169	108210356
chr9	108456751	108456916
chr9	110045336	110045588
chr9	114287236	114287592
chr9	114393413	114393731
chr9	114889136	114889210
chr9	114982347	114982353
chr9	115110665	115110990
chr9	115142058	115142378
chr9	115774399	115774640
chr9	116139095	116139397
chr9	116396330	116396638
chr9	116907358	116907373
chr9	117349723	117350199
chr9	122445859	122445975
chr9	122466102	122466111
chr9	123964280	123964489
chr9	124208755	124208783
chr9	124921881	124922565
chr9	125702966	125703243
chr9	125703534	125703682
chr9	125810606	125810629
chr9	126783392	126783479
chr9	127324788	127324974
chr9	127421550	127421746
chr9	127703300	127703603
chr9	127952000	127952201
chr9	128023899	128024147
chr9	128469429	128469809
chr9	129017882	129017965
chr9	129566997	129567394
chr9	129676875	129677023
chr9	129949956	129949977
chr9	130370687	130370995
chr9	130965461	130965693
chr9	131038332	131038619
chr9	131102704	131102849
chr9	131266746	131267119
chr9	131486459	131486906
chr9	131580417	131580808
chr9	131843496	131843834
chr9	131873414	131873761
chr9	132176008	132176335
chr9	133556570	133556912
chr9	133568815	133569323
chr9	133987057	133987072
chr9	134000665	134001002
chr9	134199159	134199350
chr9	134378105	134378425
chr9	134406726	134406734
chr9	136024771	136024985
chr9	136325601	136325874
chr9	137029981	137030360
chr9	138799485	138799735
chr9	139010613	139011020
chr9	139159200	139159409
chr9	139378123	139378396
chr9	139685395	139685963
chr9	139702216	139702435
chr9	139839088	139839387
chr9	139981084	139981549
chr9	140024041	140024375
chr9	140082953	140083294
chr9	140117966	140118280
chr9	140135169	140135476
chr9	140513166	140513510
chr9	140865115	140865249
chrX	347831	348291
chrX	1639570	1639647
chrX	1710168	1710534
chrX	7066139	7066460
chrX	13671027	13671300
chrX	15353682	15354001
chrX	15692806	15693165
chrX	16888374	16888650
chrX	17755046	17755402
chrX	20135043	20135159
chrX	20159980	20160231
chrX	24711629	24711933
chrX	30907544	30907820
chrX	38420538	38420670
chrX	40506689	40507066
chrX	41782883	41783134
chrX	44786685	44786893
chrX	46404799	46405053
chrX	46950594	46950688
chrX	47077951	47078242
chrX	47420272	47421040
chrX	47517893	47518126
chrX	47696553	47696636
chrX	47863305	47863681
chrX	48397888	48398177
chrX	48456326	48456771
chrX	48534665	48534964
chrX	48774452	48774795
chrX	48815091	48815378
chrX	48901167	48901484
chrX	48957949	48958300
chrX	49020178	49020324
chrX	49056730	49056887
chrX	49687062	49687279
chrX	51636464	51636797
chrX	53254532	53254775
chrX	53468543	53468928
chrX	54835186	54835537
chrX	58561081	58561712
chrX	64254494	64254759
chrX	70502877	70503467
chrX	71458726	71459035
chrX	73512232	73512682
chrX	73513242	73513499
chrX	88202773	88202861
chrX	100352999	100353304
chrX	100603630	100603874
chrX	114035417	114035580
chrX	117479741	117480008
chrX	118740247	118740533
chrX	119763833	119764347
chrX	122993395	122993587
chrX	129299733	129300007
chrX	129535712	129536103
chrX	134478554	134478850
chrX	135991516	135991711
chrX	136520249	136520657
chrX	144458340	144458524
chrX	152864648	152864958
chrX	153238063	153238348
chrX	153626401	153626771
chrX	153707198	153707469
chrX	153990750	153991078
chrY	13855670	13855753
