chr1	100331	100544
chr1	151215	151310
chr1	246645	246858
chr1	408358	408588
chr1	581846	582076
chr1	686905	687028
chr1	964981	966469
chr1	1234470	1234747
chr1	1270165	1270667
chr1	1875433	1875808
chr1	1906375	1906587
chr1	1950995	1951366
chr1	2391399	2391572
chr1	2399365	2399948
chr1	2414008	2414434
chr1	2439256	2439390
chr1	2487723	2487930
chr1	2592201	2594722
chr1	3174414	3174567
chr1	3418521	3419073
chr1	3634355	3635053
chr1	4028954	4029208
chr1	4332697	4332865
chr1	4610101	4610228
chr1	5061617	5061805
chr1	5258496	5258655
chr1	5907148	5907729
chr1	6112528	6112870
chr1	6221559	6222210
chr1	6302638	6302798
chr1	6305107	6305621
chr1	6306761	6307031
chr1	7106410	7106597
chr1	7135415	7135695
chr1	7655537	7655648
chr1	7676395	7676840
chr1	8913200	8913354
chr1	9653613	9653796
chr1	10709051	10709224
chr1	11113811	11114210
chr1	11254559	11254732
chr1	11533732	11534004
chr1	11538798	11539557
chr1	11539976	11540661
chr1	11610684	11611119
chr1	11695941	11696402
chr1	11905673	11906086
chr1	11919216	11919752
chr1	11954044	11954223
chr1	11958810	11959277
chr1	15193825	15194008
chr1	15615834	15616002
chr1	16053599	16053753
chr1	18158126	18158405
chr1	18245988	18246266
chr1	18246452	18246606
chr1	18337573	18337693
chr1	18339301	18339451
chr1	18388781	18388971
chr1	18582819	18583179
chr1	20002914	20003294
chr1	20007233	20007415
chr1	20135611	20135803
chr1	20651318	20651480
chr1	20685302	20685481
chr1	20697962	20698209
chr1	20765794	20766004
chr1	21861449	21861576
chr1	21921035	21921178
chr1	21974323	21974769
chr1	21985585	21986161
chr1	22033162	22033287
chr1	22542786	22542955
chr1	22933707	22933919
chr1	22937959	22938310
chr1	22938312	22938567
chr1	22952056	22952336
chr1	23999594	23999891
chr1	24263342	24263536
chr1	24524175	24524378
chr1	26734874	26735392
chr1	26798199	26798382
chr1	29792326	29792607
chr1	29805019	29805234
chr1	30126385	30126584
chr1	30209455	30209780
chr1	30225011	30225237
chr1	30422605	30422807
chr1	30447965	30448253
chr1	30815464	30815673
chr1	31084835	31085049
chr1	31331712	31331985
chr1	31654319	31654792
chr1	31654861	31655577
chr1	32189390	32189691
chr1	32189712	32189883
chr1	32503495	32503599
chr1	33351989	33352510
chr1	33532225	33532319
chr1	33605707	33605889
chr1	34499764	34499855
chr1	34966104	34966342
chr1	35175215	35175417
chr1	35373116	35373367
chr1	35390395	35390775
chr1	36022887	36023059
chr1	36126587	36126843
chr1	36342606	36342909
chr1	36347711	36347878
chr1	37069164	37069288
chr1	37331883	37332047
chr1	37389797	37390261
chr1	37431791	37432184
chr1	37486331	37486586
chr1	37609537	37609660
chr1	37721075	37721348
chr1	37876379	37876767
chr1	38229815	38230439
chr1	38261023	38261362
chr1	38415326	38415577
chr1	38513479	38513740
chr1	38541754	38542053
chr1	39146651	39146773
chr1	41104170	41104402
chr1	41119612	41119851
chr1	41981860	41982043
chr1	42276158	42276417
chr1	42404978	42405107
chr1	42845529	42845721
chr1	43688660	43688855
chr1	44097846	44098062
chr1	44411817	44412333
chr1	44434031	44434320
chr1	45073629	45073736
chr1	45671303	45671578
chr1	47020757	47020880
chr1	47201409	47201740
chr1	47396932	47397052
chr1	47613177	47613314
chr1	48204276	48204485
chr1	48274369	48274493
chr1	48996462	48996833
chr1	49219131	49219237
chr1	50733809	50734043
chr1	50745675	50745911
chr1	50774520	50774800
chr1	52408756	52408857
chr1	52468052	52468261
chr1	55170916	55171096
chr1	55269513	55269699
chr1	56750701	56750852
chr1	58432725	58432926
chr1	58756385	58756628
chr1	58926206	58926439
chr1	59823430	59823569
chr1	65433120	65433361
chr1	65774970	65775231
chr1	65775410	65775743
chr1	69715281	69715396
chr1	74761797	74761903
chr1	74968135	74968410
chr1	77502322	77502509
chr1	77528870	77529077
chr1	91172899	91173209
chr1	92142927	92143024
chr1	92820475	92820579
chr1	93521824	93522084
chr1	93900643	93900925
chr1	94236270	94236455
chr1	94566272	94566500
chr1	95083965	95084179
chr1	95850155	95850467
chr1	98513809	98514102
chr1	98585434	98585611
chr1	102462477	102462716
chr1	107678120	107678396
chr1	110021475	110021801
chr1	110698512	110698846
chr1	110698878	110699038
chr1	110761411	110761648
chr1	111085409	111085592
chr1	111289267	111289672
chr1	111342830	111342967
chr1	112376129	112376317
chr1	112407565	112407765
chr1	112626188	112626389
chr1	112714976	112715246
chr1	113058286	113058428
chr1	114697660	114698021
chr1	114699262	114699424
chr1	118080277	118080423
chr1	118134828	118134955
chr1	119471673	119471901
chr1	143262326	143262564
chr1	151687606	151687787
chr1	151689440	151689663
chr1	153395018	153395288
chr1	153424932	153425178
chr1	154540189	154540703
chr1	154675747	154675941
chr1	155248010	155248354
chr1	155278326	155278652
chr1	156384297	156384581
chr1	156621825	156622104
chr1	156622138	156622320
chr1	159147088	159147437
chr1	159905553	159905734
chr1	160343617	160343746
chr1	162760136	162760570
chr1	165197950	165198112
chr1	165918693	165918881
chr1	166038731	166038937
chr1	166136340	166136504
chr1	169565047	169565323
chr1	170084124	170084339
chr1	170738173	170738315
chr1	171605370	171605573
chr1	174567532	174567634
chr1	175526566	175526686
chr1	175694835	175695102
chr1	175712147	175712405
chr1	177568251	177568472
chr1	180211207	180211348
chr1	181454938	181455133
chr1	181734901	181735022
chr1	182079892	182080004
chr1	183385919	183386145
chr1	185886875	185887080
chr1	188468911	188469072
chr1	194537855	194537956
chr1	194858552	194858712
chr1	201563788	201564150
chr1	201583340	201583594
chr1	202626400	202626737
chr1	202649811	202649975
chr1	202662106	202662421
chr1	203189137	203189339
chr1	204148171	204148311
chr1	204616752	204616972
chr1	204772866	204772981
chr1	204806637	204806927
chr1	205428131	205428372
chr1	205457237	205457496
chr1	208842396	208842592
chr1	209323545	209323741
chr1	210110974	210111310
chr1	210306023	210306211
chr1	210900051	210900222
chr1	210913100	210913236
chr1	211028888	211029052
chr1	212606171	212606411
chr1	218435701	218435844
chr1	222655500	222655708
chr1	224103998	224104231
chr1	224144958	224145139
chr1	227068143	227068339
chr1	227461290	227461525
chr1	229544148	229544411
chr1	229566495	229566820
chr1	229569754	229569887
chr1	230424543	230424778
chr1	230561921	230562649
chr1	230845876	230846083
chr1	231297764	231298528
chr1	231378532	231378663
chr1	232220684	232220902
chr1	232591242	232591359
chr1	233087039	233087167
chr1	234463558	234463779
chr1	235812248	235812541
chr1	241403596	241403699
chr1	241486892	241487130
chr1	241519871	241520133
chr1	242705688	242705797
chr1	243010773	243010955
chr1	243053465	243053831
chr1	243182361	243182584
chr1	243225559	243225747
chr1	243237509	243237626
chr1	243237663	243237829
chr1	244067281	244067458
chr1	244107655	244107967
chr1	244138052	244138219
chr1	244976663	244976899
chr10	1094677	1095139
chr10	1685566	1685959
chr10	2053363	2053615
chr10	2274747	2274943
chr10	2442460	2442574
chr10	2910094	2910224
chr10	3006773	3006957
chr10	4183712	4183965
chr10	5418505	5418683
chr10	6755787	6755901
chr10	7063962	7064054
chr10	13390461	13390610
chr10	13391976	13392147
chr10	14708001	14708115
chr10	14922308	14922451
chr10	15271686	15271938
chr10	16654296	16654565
chr10	16712644	16712890
chr10	16866828	16866993
chr10	19111147	19111372
chr10	23086836	23086948
chr10	23460228	23460526
chr10	23805564	23805711
chr10	24115368	24115665
chr10	25463295	25463887
chr10	25464766	25464997
chr10	26505154	26505310
chr10	26656794	26657037
chr10	28310646	28310761
chr10	28466198	28466296
chr10	38644947	38645392
chr10	38719191	38719314
chr10	38731528	38731712
chr10	43589037	43589153
chr10	43778272	43778675
chr10	43779786	43780093
chr10	49932252	49932438
chr10	50575651	50575931
chr10	50605840	50606326
chr10	50814999	50815353
chr10	50969884	50970684
chr10	52129110	52129214
chr10	59908758	59908986
chr10	59935837	59936038
chr10	60936876	60937123
chr10	60937150	60937418
chr10	61025015	61025242
chr10	64565691	64565797
chr10	69541021	69541210
chr10	71327646	71327920
chr10	72075630	72075858
chr10	73337907	73338060
chr10	73341809	73342109
chr10	73512776	73512981
chr10	73555009	73555277
chr10	75330753	75330856
chr10	75545783	75546094
chr10	77777205	77777396
chr10	79088198	79088427
chr10	79439957	79440071
chr10	82976732	82976817
chr10	83738098	83738251
chr10	85947011	85947135
chr10	85984347	85984715
chr10	86051188	86051453
chr10	87963104	87963244
chr10	87963299	87963711
chr10	88066469	88066741
chr10	88124543	88124697
chr10	88313494	88313652
chr10	92112129	92112341
chr10	92381385	92381632
chr10	92887179	92887408
chr10	94147118	94147376
chr10	94831604	94831818
chr10	95177154	95177256
chr10	95826202	95826467
chr10	97151795	97152024
chr10	98256036	98256315
chr10	98731236	98731389
chr10	98841372	98841779
chr10	99609704	99610159
chr10	99720347	99720481
chr10	99751703	99751946
chr10	99759357	99759495
chr10	99815686	99816005
chr10	99819927	99820035
chr10	99834171	99834339
chr10	99847202	99847295
chr10	100059128	100059379
chr10	101091020	101091251
chr10	102084989	102085227
chr10	102087494	102087627
chr10	102133124	102133306
chr10	102430859	102431029
chr10	102440480	102440828
chr10	102574638	102574745
chr10	102619130	102619233
chr10	102840759	102841029
chr10	103600504	103600779
chr10	103600894	103601226
chr10	103800184	103800293
chr10	104121519	104121760
chr10	104178736	104178930
chr10	104179065	104179678
chr10	104220971	104221288
chr10	104221624	104221824
chr10	105025496	105025811
chr10	105037016	105037187
chr10	105038530	105038989
chr10	106307968	106308096
chr10	106510176	106510309
chr10	106584201	106584524
chr10	108904359	108904488
chr10	110729866	110730023
chr10	111572107	111572158
chr10	111928821	111928898
chr10	112120728	112120869
chr10	112993292	112993457
chr10	113271581	113271783
chr10	114227577	114227667
chr10	115336696	115336894
chr10	117943290	117943490
chr10	119013912	119014152
chr10	119133652	119133824
chr10	120353886	120354457
chr10	120355533	120355968
chr10	121890737	121890962
chr10	122273622	122273872
chr10	122448514	122448700
chr10	124487043	124487184
chr10	124545779	124546100
chr10	124609533	124609660
chr10	124671318	124671786
chr10	124853072	124853257
chr10	125374343	125374834
chr10	125418950	125419186
chr10	125863621	125863728
chr10	126298858	126299588
chr10	128197123	128197371
chr10	128224808	128224993
chr10	128915445	128915698
chr10	128957051	128957177
chr10	129283505	129283726
chr10	129355236	129355463
chr10	129398829	129399112
chr10	129911397	129911524
chr10	130945721	130945822
chr10	131124290	131124414
chr10	132136664	132136785
chr10	132535943	132536176
chr10	132536233	132536340
chr10	132632555	132632720
chr10	132722443	132722771
chr10	133152683	133152926
chr10	133224141	133224293
chr10	133868135	133868496
chr10	133998931	133999446
chr10	134007650	134008132
chr10	134081216	134081812
chr10	134108017	134108439
chr10	134165630	134166332
chr10	134702093	134702422
chr10	134893483	134893868
chr11	146286	146409
chr11	280139	280497
chr11	397920	398891
chr11	485700	486028
chr11	1015948	1016089
chr11	1260023	1260578
chr11	1397281	1397407
chr11	1412009	1412258
chr11	1422713	1423264
chr11	1443673	1444059
chr11	1446762	1446923
chr11	1457014	1457208
chr11	1472099	1472639
chr11	2238897	2239144
chr11	3974065	3974187
chr11	7098398	7098622
chr11	8029908	8030068
chr11	8189455	8189611
chr11	8373742	8373881
chr11	8424991	8425112
chr11	10400612	10400834
chr11	10520759	10520847
chr11	12028884	12029068
chr11	13310744	13310949
chr11	17022604	17022759
chr11	17756157	17756459
chr11	17756484	17756821
chr11	17756854	17757019
chr11	18132673	18132889
chr11	18858057	18858233
chr11	19040522	19040739
chr11	19787910	19788010
chr11	20180220	20180559
chr11	20621317	20621594
chr11	20875873	20876060
chr11	20995614	20995721
chr11	22359193	22359382
chr11	27740810	27740970
chr11	27742069	27742303
chr11	32009015	32009158
chr11	33522456	33522705
chr11	33609738	33609898
chr11	43236147	43236269
chr11	43598561	43598857
chr11	45119511	45119769
chr11	45565454	45565692
chr11	45602052	45602257
chr11	45815864	45816020
chr11	45906801	45907416
chr11	45920828	45921186
chr11	46413261	46413739
chr11	46413780	46414424
chr11	47291961	47292191
chr11	47294369	47294511
chr11	48112254	48112442
chr11	48921860	48922056
chr11	48990281	48990485
chr11	49069805	49070058
chr11	49070413	49070540
chr11	49582937	49583092
chr11	49839233	49839405
chr11	49873721	49873988
chr11	49913451	49913640
chr11	55640198	55640389
chr11	56255040	56255135
chr11	56449472	56449577
chr11	57147198	57147508
chr11	57242282	57242457
chr11	57652806	57653083
chr11	57893032	57893214
chr11	61334587	61335480
chr11	61351131	61351265
chr11	61450701	61450860
chr11	61961453	61961734
chr11	62012731	62013240
chr11	62062982	62063276
chr11	62747714	62747865
chr11	63360454	63360670
chr11	64068098	64068339
chr11	64544906	64545215
chr11	64745182	64745401
chr11	64770803	64771102
chr11	65082254	65082478
chr11	65121664	65122054
chr11	66056798	66057486
chr11	66185654	66185846
chr11	66185922	66186050
chr11	66186118	66186480
chr11	66186610	66186726
chr11	66188463	66189651
chr11	67417064	67417386
chr11	67514437	67514580
chr11	67889404	67889722
chr11	67976681	67976866
chr11	68082768	68083005
chr11	68158022	68158364
chr11	68481600	68481751
chr11	68844011	68844864
chr11	70426628	70426838
chr11	70496222	70496791
chr11	72323751	72323924
chr11	72384701	72384886
chr11	72387834	72388333
chr11	73882228	73882511
chr11	74128905	74129085
chr11	74217965	74218251
chr11	74855470	74855659
chr11	74925424	74925760
chr11	74944746	74945054
chr11	74952530	74952996
chr11	75141248	75141428
chr11	76435309	76435513
chr11	77491067	77491280
chr11	78395492	78395714
chr11	78572135	78572316
chr11	79026459	79026662
chr11	83005356	83005463
chr11	84425341	84425572
chr11	86635108	86635391
chr11	88437819	88437938
chr11	88796093	88796248
chr11	89520223	89520437
chr11	89520639	89520988
chr11	89784943	89785407
chr11	92289694	92289883
chr11	92534888	92535085
chr11	93506144	93506641
chr11	93951626	93951786
chr11	94014608	94014716
chr11	103907816	103907945
chr11	105543882	105544088
chr11	106889743	106890057
chr11	107799088	107799426
chr11	107874488	107874612
chr11	109295712	109295926
chr11	109512336	109512558
chr11	111536589	111536804
chr11	112604985	112605238
chr11	113345043	113345547
chr11	113346033	113346180
chr11	113861911	113862196
chr11	116250206	116250426
chr11	116476278	116476610
chr11	116562439	116562673
chr11	117467857	117468150
chr11	118305544	118305787
chr11	119364461	119364776
chr11	119389532	119389788
chr11	119644934	119645193
chr11	120055928	120056079
chr11	120523747	120523964
chr11	120771464	120771646
chr11	120953415	120953675
chr11	122852507	122852815
chr11	123524671	123525152
chr11	124733744	124733955
chr11	125773453	125773598
chr11	126380605	126380773
chr11	126414552	126414693
chr11	126416226	126416362
chr11	126431124	126431512
chr11	126505009	126505147
chr11	126968650	126968857
chr11	128158404	128158530
chr11	128235098	128235253
chr11	129147352	129147598
chr11	129835269	129835388
chr11	130063682	130063858
chr11	132046606	132046700
chr11	132047085	132047241
chr11	133176012	133176099
chr11	133817217	133817506
chr11	133838249	133838481
chr11	134288435	134288638
chr11	134346396	134346644
chr11	134556388	134556560
chr11	134606992	134607505
chr11	134897444	134897644
chr12	175541	175814
chr12	175816	176828
chr12	230912	231041
chr12	1770212	1770661
chr12	1939988	1940607
chr12	2861674	2862464
chr12	3601113	3601791
chr12	3687845	3687971
chr12	5677857	5678014
chr12	5682674	5682783
chr12	7915494	7915648
chr12	7983924	7984086
chr12	8085298	8085469
chr12	8096955	8097054
chr12	8167520	8167726
chr12	11653424	11654015
chr12	12000572	12000750
chr12	12025119	12025293
chr12	12837804	12837983
chr12	13954623	13954710
chr12	14996343	14996474
chr12	15588631	15588768
chr12	20849263	20849370
chr12	27604461	27604623
chr12	28128731	28128998
chr12	29146734	29146874
chr12	29937227	29937416
chr12	32328414	32328530
chr12	45270655	45270836
chr12	47928570	47928725
chr12	50473640	50473845
chr12	51441574	51441839
chr12	51987282	51987496
chr12	52134447	52134576
chr12	52435427	52435707
chr12	52472159	52472311
chr12	52610000	52610197
chr12	52695167	52695346
chr12	53135181	53135473
chr12	55413612	55413914
chr12	56618824	56619051
chr12	57443646	57443975
chr12	57743882	57743987
chr12	58120830	58121823
chr12	58154217	58154476
chr12	59288985	59289090
chr12	65220170	65220388
chr12	65399605	65399703
chr12	67242864	67242985
chr12	67587536	67587804
chr12	70058738	70059111
chr12	71313448	71313572
chr12	71833753	71833961
chr12	72311790	72311866
chr12	72332531	72332829
chr12	72375033	72375131
chr12	75603339	75603563
chr12	77527424	77527639
chr12	89751239	89751392
chr12	89927087	89927281
chr12	95273434	95273631
chr12	95323668	95323839
chr12	95773315	95773422
chr12	96472139	96472240
chr12	97295055	97295209
chr12	98690513	98690736
chr12	99290870	99290989
chr12	99295041	99295245
chr12	100855570	100855687
chr12	100933065	100933255
chr12	101220181	101220412
chr12	103200462	103200601
chr12	103218193	103218561
chr12	103227949	103228196
chr12	105600633	105600725
chr12	106975302	106975542
chr12	108169108	108169251
chr12	108350063	108350340
chr12	108398235	108398466
chr12	108588479	108588631
chr12	108591927	108592081
chr12	108608307	108608553
chr12	108775756	108775901
chr12	108775966	108776192
chr12	108797823	108797975
chr12	108862113	108862390
chr12	109284041	109284314
chr12	109458566	109459019
chr12	109696891	109697017
chr12	109746943	109747121
chr12	110149156	110149316
chr12	110160324	110160503
chr12	110173015	110173189
chr12	110174334	110174831
chr12	111650072	111650293
chr12	113102383	113102692
chr12	113229121	113229611
chr12	113250508	113250644
chr12	113306264	113306567
chr12	113503036	113503349
chr12	113710949	113711094
chr12	113796300	113796690
chr12	113917779	113917889
chr12	113917893	113918225
chr12	114039426	114039806
chr12	114686446	114686553
chr12	115487492	115487668
chr12	115567579	115567798
chr12	116232434	116232597
chr12	117295924	117296144
chr12	118546990	118547176
chr12	118810482	118810807
chr12	118869984	118870185
chr12	119071008	119071121
chr12	119083132	119083331
chr12	119195338	119195493
chr12	119195525	119195653
chr12	119304218	119304414
chr12	119360316	119360484
chr12	119419532	119419782
chr12	119498769	119498906
chr12	119499033	119499332
chr12	119950761	119950999
chr12	119966148	119966306
chr12	120426562	120427973
chr12	121078813	121078979
chr12	121079006	121079448
chr12	121418009	121418380
chr12	122196261	122196593
chr12	122710313	122711213
chr12	124069260	124069535
chr12	125180484	125180737
chr12	125679639	125679807
chr12	125748037	125748152
chr12	125866008	125866311
chr12	126002669	126002937
chr12	127874540	127874752
chr12	129094466	129094652
chr12	129534530	129534737
chr12	129604210	129604354
chr12	130946531	130946687
chr12	131011399	131011675
chr12	131037213	131037464
chr12	131130839	131130949
chr12	131261205	131261496
chr12	131795681	131796085
chr12	131875011	131875275
chr12	132071360	132071601
chr12	132102869	132103093
chr12	132131049	132131466
chr12	132279237	132279335
chr12	132495397	132495485
chr12	132905812	132906001
chr12	133023579	133023828
chr12	133071040	133071181
chr13	19315906	19316167
chr13	24703248	24703375
chr13	26068151	26068359
chr13	27103653	27103866
chr13	27441615	27441899
chr13	27447111	27447299
chr13	28366472	28366836
chr13	29425680	29425779
chr13	30595168	30595297
chr13	30728401	30728555
chr13	35487276	35487517
chr13	35500739	35500928
chr13	36631329	36631428
chr13	44318890	44319007
chr13	44360086	44360232
chr13	44360326	44360481
chr13	46170187	46170378
chr13	51439795	51439881
chr13	53421195	53421383
chr13	53424745	53425173
chr13	53542226	53542507
chr13	53775302	53775477
chr13	53828697	53828874
chr13	65499518	65499795
chr13	71596815	71596908
chr13	77206898	77207068
chr13	77528825	77529010
chr13	78137407	78137540
chr13	79163442	79163628
chr13	84456127	84456361
chr13	88151006	88151212
chr13	91710406	91710577
chr13	94342510	94342678
chr13	94933244	94933327
chr13	95570153	95570356
chr13	100056299	100056467
chr13	100448384	100448780
chr13	102571846	102572064
chr13	102640597	102640762
chr13	103058153	103058294
chr13	108105312	108105411
chr13	108516955	108517145
chr13	110457040	110457239
chr13	113527133	113527743
chr13	114196160	114196719
chr13	114237890	114238529
chr13	114480345	114480694
chr14	19515441	19515606
chr14	19705705	19705824
chr14	19869567	19869686
chr14	20057825	20057990
chr14	21100262	21100537
chr14	21563657	21563893
chr14	23950621	23950885
chr14	24384073	24384169
chr14	24451224	24451433
chr14	24520990	24522195
chr14	24523557	24523745
chr14	24982242	24982506
chr14	26914064	26914214
chr14	30194363	30194532
chr14	30997335	30997572
chr14	32670383	32670731
chr14	33679591	33679787
chr14	34600124	34600320
chr14	34867333	34867539
chr14	35940067	35940216
chr14	36002586	36005032
chr14	41754453	41754697
chr14	49770719	49770955
chr14	51027103	51027402
chr14	51561584	51561918
chr14	52247585	52247701
chr14	55016640	55016862
chr14	56919790	56919988
chr14	58332144	58332374
chr14	59263719	59263887
chr14	66976739	66976882
chr14	69865393	69865530
chr14	70503512	70503644
chr14	70519780	70520021
chr14	74729946	74730128
chr14	74892327	74893015
chr14	74904439	74904639
chr14	75014303	75014537
chr14	75127687	75127860
chr14	75223165	75223303
chr14	76599430	76599692
chr14	77600066	77600451
chr14	77674985	77675452
chr14	77708408	77708565
chr14	78624458	78624711
chr14	78865731	78865906
chr14	78913202	78913457
chr14	78986296	78986515
chr14	78996471	78996672
chr14	79329552	79329826
chr14	79628012	79628168
chr14	81899822	81899987
chr14	81901917	81902426
chr14	82541967	82542216
chr14	88664234	88664366
chr14	88801585	88801753
chr14	89444168	89444468
chr14	90961623	90962064
chr14	90967499	90967728
chr14	93380463	93380784
chr14	93389460	93390129
chr14	93897280	93897489
chr14	93897504	93897667
chr14	94395194	94395342
chr14	95120486	95120898
chr14	96250557	96250776
chr14	96328649	96328892
chr14	96401670	96401885
chr14	96419568	96419800
chr14	97115102	97115251
chr14	97406399	97406697
chr14	99046688	99046859
chr14	100952806	100953187
chr14	101037381	101037482
chr14	103593437	103593663
chr14	103996719	103997086
chr14	104599324	104599555
chr14	104809103	104809301
chr14	105070817	105071389
chr14	105371505	105373047
chr14	106095216	106095431
chr14	106114005	106114246
chr14	106213500	106213755
chr14	106241213	106241454
chr14	106267570	106267861
chr15	21193514	21193687
chr15	22204753	22204921
chr15	22287180	22287348
chr15	23172944	23173065
chr15	23311892	23312129
chr15	23682935	23683072
chr15	26699169	26699307
chr15	27016841	27017089
chr15	27019165	27019363
chr15	27837599	27837722
chr15	29269757	29269921
chr15	29535143	29535319
chr15	29741392	29741684
chr15	29943962	29944162
chr15	31178026	31178326
chr15	32162537	32162816
chr15	33840148	33840355
chr15	35045540	35045760
chr15	36813967	36814084
chr15	40399537	40399711
chr15	40650209	40650715
chr15	40705361	40705515
chr15	41214233	41214361
chr15	43561051	43561197
chr15	43662467	43662634
chr15	43885765	43886516
chr15	43886988	43887140
chr15	43892383	43892528
chr15	43985597	43986348
chr15	43986820	43986972
chr15	43992199	43992344
chr15	44087035	44087160
chr15	48483093	48483345
chr15	48623504	48623998
chr15	51973422	51973852
chr15	53075630	53075746
chr15	53364334	53364710
chr15	53485418	53485706
chr15	53603018	53603174
chr15	53620608	53620850
chr15	58726773	58726954
chr15	59713526	59713753
chr15	60185205	60185435
chr15	61201215	61201354
chr15	61467316	61467439
chr15	61876711	61876882
chr15	62359025	62359274
chr15	64162725	64163115
chr15	64388185	64388425
chr15	65623441	65623540
chr15	66244654	66245072
chr15	66296978	66297424
chr15	68113239	68113664
chr15	68117493	68117714
chr15	69348838	69349055
chr15	70265561	70265819
chr15	70268765	70269005
chr15	72611927	72612289
chr15	73639033	73639421
chr15	73683558	73683706
chr15	73683927	73684089
chr15	74115369	74115661
chr15	74125067	74125306
chr15	74144013	74144353
chr15	74557408	74557687
chr15	74583816	74584312
chr15	74788251	74788353
chr15	75118685	75119200
chr15	75280364	75280635
chr15	75287431	75288009
chr15	77994871	77995176
chr15	78001563	78001733
chr15	78045603	78045996
chr15	78087886	78088098
chr15	79087484	79087625
chr15	79392117	79392296
chr15	79410281	79410416
chr15	79500664	79500750
chr15	79575899	79576315
chr15	80556475	80556617
chr15	81071616	81071946
chr15	81072285	81072568
chr15	81072583	81073371
chr15	83331667	83332247
chr15	83378075	83378756
chr15	87468795	87468890
chr15	88406527	88406651
chr15	88709622	88709885
chr15	89032645	89032774
chr15	89148841	89149238
chr15	89632253	89632472
chr15	89902153	89902380
chr15	89904760	89905243
chr15	89905389	89905561
chr15	89908093	89908301
chr15	89962602	89962943
chr15	90016106	90016360
chr15	90017929	90018156
chr15	90304070	90304262
chr15	91730563	91730758
chr15	91882071	91882282
chr15	98447174	98447308
chr15	98989421	98989587
chr15	99600320	99600473
chr15	101743393	101743499
chr15	102351196	102351396
chr16	219796	220412
chr16	224024	224668
chr16	230343	230572
chr16	649625	650065
chr16	750359	751221
chr16	754500	754730
chr16	907396	909777
chr16	926629	926782
chr16	942551	942854
chr16	1238379	1238649
chr16	1238681	1239228
chr16	2107779	2108062
chr16	2147750	2148176
chr16	2331259	2331452
chr16	2510066	2510404
chr16	2765531	2765867
chr16	2878074	2878293
chr16	2911120	2911469
chr16	3018545	3019655
chr16	3137247	3137438
chr16	3220620	3220761
chr16	4504684	4504911
chr16	5007674	5008046
chr16	5008135	5008724
chr16	5226566	5226786
chr16	5278403	5278603
chr16	5515823	5515961
chr16	5728435	5728716
chr16	5759931	5760159
chr16	6243786	6244029
chr16	7064027	7064375
chr16	7232601	7232839
chr16	7296654	7296853
chr16	7889636	7889788
chr16	8076516	8076744
chr16	8396349	8396609
chr16	9025667	9026010
chr16	9133131	9133379
chr16	9466026	9466159
chr16	9930030	9930270
chr16	10277127	10277362
chr16	10755722	10755858
chr16	10964354	10964548
chr16	10989046	10989677
chr16	11744119	11744399
chr16	12293380	12293666
chr16	12362558	12362782
chr16	12544352	12544486
chr16	12629533	12630011
chr16	12755442	12755956
chr16	13021535	13021711
chr16	13130517	13130792
chr16	13385859	13386106
chr16	13564961	13565208
chr16	15028791	15029573
chr16	15219053	15219849
chr16	15695138	15695379
chr16	16427321	16428060
chr16	16470577	16471372
chr16	16708370	16708613
chr16	16791235	16791539
chr16	16891174	16891373
chr16	17132328	17132472
chr16	17178109	17178247
chr16	17232622	17233013
chr16	17243772	17244067
chr16	17259988	17260257
chr16	17272114	17272343
chr16	17466316	17466509
chr16	17656457	17656587
chr16	17878003	17878220
chr16	18133952	18134089
chr16	18428214	18429009
chr16	18468335	18469117
chr16	18672816	18673115
chr16	18750177	18750420
chr16	19318837	19319227
chr16	20034453	20034838
chr16	20283273	20283543
chr16	20435586	20436053
chr16	20480318	20480547
chr16	20504209	20504374
chr16	20541889	20542054
chr16	20567070	20567279
chr16	20610167	20610671
chr16	20650396	20650518
chr16	20681120	20681259
chr16	21177954	21178197
chr16	21696347	21696770
chr16	21751964	21752332
chr16	21765980	21766241
chr16	21768240	21768694
chr16	22018782	22019062
chr16	22568086	22568454
chr16	22582119	22582380
chr16	22584380	22584834
chr16	22652386	22652691
chr16	22824412	22824781
chr16	22900185	22900438
chr16	23038063	23038465
chr16	23185985	23186266
chr16	23985620	23985826
chr16	24189918	24190133
chr16	24267203	24267716
chr16	24869691	24870192
chr16	24911653	24911854
chr16	25276011	25276232
chr16	25512948	25513102
chr16	25758552	25758805
chr16	26328461	26328670
chr16	26774002	26774161
chr16	26963358	26963553
chr16	27807266	27807678
chr16	27807746	27807951
chr16	27932607	27932700
chr16	27933821	27934037
chr16	28099094	28099257
chr16	28099313	28099533
chr16	28309539	28309746
chr16	28315428	28315806
chr16	29909378	29909731
chr16	29910775	29912109
chr16	30039825	30040476
chr16	30537334	30537646
chr16	30582075	30582223
chr16	30760398	30760559
chr16	31468505	31468690
chr16	46385767	46409928
chr16	46431547	46435640
chr16	47821681	47821885
chr16	48004266	48004543
chr16	48754255	48754444
chr16	48884104	48884263
chr16	48929168	48929313
chr16	49161058	49161261
chr16	49191923	49192340
chr16	49314293	49314497
chr16	49379801	49380056
chr16	51137582	51137792
chr16	52549063	52549277
chr16	54197242	54197420
chr16	55419393	55419516
chr16	55452531	55452749
chr16	55744450	55744692
chr16	56047864	56048219
chr16	56228239	56228574
chr16	56677817	56678054
chr16	57405598	57405781
chr16	57436185	57436428
chr16	57909340	57909491
chr16	59198467	59198642
chr16	60979207	60979408
chr16	61076773	61076931
chr16	66947055	66947309
chr16	67202893	67203077
chr16	67219044	67219623
chr16	67686493	67687186
chr16	67687725	67687983
chr16	67695017	67695296
chr16	68477977	68478335
chr16	68479432	68479603
chr16	68481884	68482814
chr16	68928248	68928525
chr16	70698493	70698678
chr16	70895947	70896271
chr16	71350131	71350315
chr16	71495783	71496290
chr16	71501666	71502062
chr16	75560007	75560179
chr16	75600856	75601113
chr16	76152338	76152551
chr16	77241039	77241192
chr16	78008888	78009073
chr16	78079710	78080342
chr16	81204427	81204722
chr16	81584464	81584708
chr16	82738077	82738212
chr16	82893362	82893473
chr16	83092987	83093107
chr16	83453865	83454149
chr16	83595546	83595724
chr16	83734978	83735121
chr16	83735142	83735489
chr16	84870098	84870255
chr16	85655685	85655937
chr16	87297411	87297582
chr16	87526333	87526678
chr16	87527591	87527816
chr16	87641906	87642454
chr16	87694954	87695518
chr16	88038787	88038959
chr16	88143151	88143418
chr16	88226550	88226859
chr16	88505519	88505660
chr16	88627006	88627658
chr16	88729231	88729913
chr16	88999624	89000254
chr16	89074531	89074963
chr16	89075317	89076166
chr16	89103826	89104357
chr16	89258602	89259219
chr16	89894813	89895323
chr16	89980447	89981398
chr16	89990644	89990989
chr16	89992537	89993113
chr16	90217512	90217672
chr16	90272771	90272984
chr17	699635	699753
chr17	1226687	1226881
chr17	1952943	1953327
chr17	1953338	1953806
chr17	1953814	1953991
chr17	2653030	2653439
chr17	3301024	3301392
chr17	3336428	3336776
chr17	3513892	3514046
chr17	3598953	3599240
chr17	3952907	3953129
chr17	4396540	4396875
chr17	4873254	4873410
chr17	5496970	5497140
chr17	6097167	6097315
chr17	6097363	6097687
chr17	6172851	6173165
chr17	6207057	6207348
chr17	6429799	6429940
chr17	6540241	6540381
chr17	6984981	6985201
chr17	7094993	7095244
chr17	7217950	7218252
chr17	7960011	7960214
chr17	10154996	10155171
chr17	10778701	10778908
chr17	11410042	11410311
chr17	11453874	11453985
chr17	13223488	13223631
chr17	15690685	15690837
chr17	16439009	16439313
chr17	16715509	16715764
chr17	17443955	17444168
chr17	18159719	18159943
chr17	18406574	18406843
chr17	19281470	19281834
chr17	20344058	20344327
chr17	25984733	25984960
chr17	26089983	26090248
chr17	26335556	26335887
chr17	26700718	26701048
chr17	27280514	27280730
chr17	27331119	27331530
chr17	27332377	27332553
chr17	27332744	27333273
chr17	27717080	27717367
chr17	27921209	27921481
chr17	29720451	29720628
chr17	29721593	29721925
chr17	29727481	29727658
chr17	29864535	29864713
chr17	30567844	30568049
chr17	30604349	30604603
chr17	30813693	30814129
chr17	31469809	31470055
chr17	31655185	31655436
chr17	31881337	31881424
chr17	31899711	31899909
chr17	32059216	32059415
chr17	32159425	32159529
chr17	32562636	32562784
chr17	32826639	32826848
chr17	32883489	32883706
chr17	33030590	33030926
chr17	33033141	33033347
chr17	33124713	33125082
chr17	33222533	33222724
chr17	34070848	34071173
chr17	34500235	34502017
chr17	34588280	34590102
chr17	34804343	34806125
chr17	34819801	34820160
chr17	35054398	35054648
chr17	35060171	35060657
chr17	35062680	35062797
chr17	35134363	35134586
chr17	35295450	35295620
chr17	36717065	36717422
chr17	37748304	37749120
chr17	37758545	37758721
chr17	37778237	37778514
chr17	38776273	38776481
chr17	39261580	39261737
chr17	39508933	39509124
chr17	40331924	40333252
chr17	40333337	40333583
chr17	40611930	40612126
chr17	40672209	40672373
chr17	40827985	40828303
chr17	40912903	40913134
chr17	42029775	42029973
chr17	42385607	42386320
chr17	43731146	43731235
chr17	43737977	43738167
chr17	43779803	43779921
chr17	43780091	43780365
chr17	43845444	43845658
chr17	43854820	43855058
chr17	43935268	43935690
chr17	43935786	43935959
chr17	44492003	44492249
chr17	44709587	44709833
chr17	44855387	44855579
chr17	45041702	45042016
chr17	45061163	45061461
chr17	45729983	45730177
chr17	45863101	45863400
chr17	45875275	45875482
chr17	46908288	46908538
chr17	48709303	48709476
chr17	49196972	49197086
chr17	49946657	49946761
chr17	49946796	49947083
chr17	50238196	50238406
chr17	53476049	53476308
chr17	54223481	54223658
chr17	54227143	54227274
chr17	55832949	55833134
chr17	56161761	56162027
chr17	56187467	56187640
chr17	56197585	56197914
chr17	56243471	56243652
chr17	56249758	56249939
chr17	56253683	56253857
chr17	56609239	56609456
chr17	56833078	56833343
chr17	58216910	58217643
chr17	58663739	58663912
chr17	58664024	58664237
chr17	59183864	59183990
chr17	61597980	61598122
chr17	61600163	61600340
chr17	61600363	61600869
chr17	61776961	61777197
chr17	63250326	63250585
chr17	63476400	63476524
chr17	64825687	64825963
chr17	64843899	64844078
chr17	65601452	65601574
chr17	66316538	66316709
chr17	67563435	67563592
chr17	71134761	71134947
chr17	71481314	71481547
chr17	71590264	71590485
chr17	72186882	72187304
chr17	72449487	72449654
chr17	72606314	72606557
chr17	72667137	72667823
chr17	72772379	72772748
chr17	72848471	72848763
chr17	72933628	72933885
chr17	73511798	73512686
chr17	74835856	74836109
chr17	74866431	74866760
chr17	74895579	74895722
chr17	74905955	74906656
chr17	74916937	74917113
chr17	76425547	76425758
chr17	77188540	77189043
chr17	77290570	77290969
chr17	77321790	77322072
chr17	77334312	77334490
chr17	78233893	78234319
chr17	78414916	78415358
chr17	78441934	78442336
chr17	78849455	78850653
chr17	79030560	79030747
chr17	79887928	79888281
chr17	80345982	80346353
chr17	80354788	80354929
chr17	80372392	80372973
chr17	80373001	80373205
chr17	80649832	80650137
chr17	81087553	81087797
chr18	712286	712632
chr18	903675	903930
chr18	1092315	1092601
chr18	3554461	3554588
chr18	5108084	5108270
chr18	5196956	5197406
chr18	5268960	5269099
chr18	5370429	5370603
chr18	5868318	5868554
chr18	10737092	10737251
chr18	11505011	11505262
chr18	12310908	12311039
chr18	13303097	13303192
chr18	14338558	14338742
chr18	20798236	20798663
chr18	20892695	20892843
chr18	25755308	25755601
chr18	27559937	27560063
chr18	33058565	33058695
chr18	33335449	33335641
chr18	33355939	33356177
chr18	34849900	34850401
chr18	35063608	35063800
chr18	35144796	35145056
chr18	35657306	35657414
chr18	39754990	39755150
chr18	40857130	40857404
chr18	44077122	44077400
chr18	44082441	44082710
chr18	44122531	44122764
chr18	44780865	44781377
chr18	44786724	44787024
chr18	45153576	45153712
chr18	46133574	46133806
chr18	47088966	47089142
chr18	47424805	47425141
chr18	49394278	49394372
chr18	52746840	52746934
chr18	54774446	54774673
chr18	55020829	55020974
chr18	55020975	55021094
chr18	55021111	55021645
chr18	55071719	55071898
chr18	55102492	55102703
chr18	55113690	55113848
chr18	55114336	55114672
chr18	55355240	55355432
chr18	56807581	56807813
chr18	57113333	57113465
chr18	57185094	57185324
chr18	60833548	60833688
chr18	66603023	66603173
chr18	70497358	70497662
chr18	71575543	71575820
chr18	72627233	72627645
chr18	72628182	72628643
chr18	74845947	74846068
chr18	74856769	74857013
chr18	74915093	74915304
chr18	75072860	75072975
chr18	75269068	75269269
chr18	76361391	76361590
chr18	76473139	76473352
chr18	76996715	76997340
chr18	77505221	77505339
chr19	216595	216750
chr19	277613	277856
chr19	482545	482803
chr19	534600	534919
chr19	590331	590490
chr19	591021	591933
chr19	605288	605740
chr19	740139	740629
chr19	1446743	1447387
chr19	1729338	1729476
chr19	1735066	1735213
chr19	2123616	2124066
chr19	2146015	2146236
chr19	2721004	2721221
chr19	2739914	2740438
chr19	3177631	3177781
chr19	3177904	3178054
chr19	3244043	3244642
chr19	3307399	3307667
chr19	3876928	3877297
chr19	3971039	3971518
chr19	4172998	4173485
chr19	4769076	4769912
chr19	5081551	5081685
chr19	5356459	5356638
chr19	5404055	5404552
chr19	5418787	5418971
chr19	5972446	5972622
chr19	6045279	6045420
chr19	6564497	6564721
chr19	7113348	7113523
chr19	7570631	7570842
chr19	7574527	7574863
chr19	7627759	7628102
chr19	7676506	7676714
chr19	7848845	7848976
chr19	8150233	8150486
chr19	8841827	8842178
chr19	9076635	9076825
chr19	9084240	9084489
chr19	10050012	10050240
chr19	10119977	10120095
chr19	10120112	10120340
chr19	10172605	10172949
chr19	10203948	10204151
chr19	10806419	10806979
chr19	10812688	10812915
chr19	11459896	11460039
chr19	11480300	11480643
chr19	11590369	11590722
chr19	11592661	11592936
chr19	11639341	11639942
chr19	11924996	11925155
chr19	12943032	12943773
chr19	13354887	13355067
chr19	13526587	13526769
chr19	13552657	13553011
chr19	13574157	13574437
chr19	15125444	15125664
chr19	15126812	15127129
chr19	15190921	15191080
chr19	15198085	15198320
chr19	15649651	15649881
chr19	15688040	15688320
chr19	15734501	15734980
chr19	15740235	15740373
chr19	15742640	15742907
chr19	15763520	15763647
chr19	15780318	15780510
chr19	15795655	15795989
chr19	15828630	15828964
chr19	15870872	15871000
chr19	15880376	15880749
chr19	15996801	15996926
chr19	16073206	16073453
chr19	16100802	16100977
chr19	16162134	16162330
chr19	16817048	16817219
chr19	16850435	16850620
chr19	16869822	16870130
chr19	17649869	17650324
chr19	17792351	17792725
chr19	17798889	17799275
chr19	17799276	17799471
chr19	18000314	18000793
chr19	18343701	18344833
chr19	18350172	18350491
chr19	18794070	18794440
chr19	19325689	19326060
chr19	24494841	24494918
chr19	28285541	28285787
chr19	28868069	28868170
chr19	29379170	29379461
chr19	29610613	29610751
chr19	29820411	29820700
chr19	29906466	29906659
chr19	30157760	30157913
chr19	32807008	32807176
chr19	33030417	33030701
chr19	33684963	33685202
chr19	33884431	33884645
chr19	34168696	34169057
chr19	34175093	34175421
chr19	34231717	34232172
chr19	34258654	34259154
chr19	35155233	35155428
chr19	35222299	35222471
chr19	35898627	35898782
chr19	36015448	36015585
chr19	36195182	36195408
chr19	36319557	36320083
chr19	36336822	36337032
chr19	36370683	36371103
chr19	36433198	36433428
chr19	36454451	36454796
chr19	36464476	36464621
chr19	36466567	36466865
chr19	36695609	36695668
chr19	38945738	38946014
chr19	39714430	39714643
chr19	40056811	40056976
chr19	40081021	40081199
chr19	40089865	40090071
chr19	40136522	40136744
chr19	40422781	40423051
chr19	40626818	40627094
chr19	40724094	40724385
chr19	41036252	41036806
chr19	42094766	42095226
chr19	42123345	42123608
chr19	42200296	42200557
chr19	42209335	42209720
chr19	42209748	42209956
chr19	42210635	42210821
chr19	42317585	42317783
chr19	42501240	42501522
chr19	42502715	42502918
chr19	42558495	42558612
chr19	42619428	42619547
chr19	42644291	42644698
chr19	42647532	42647979
chr19	42817395	42818026
chr19	43052736	43052901
chr19	43105903	43106332
chr19	43106361	43106469
chr19	44293258	44293529
chr19	45017031	45017264
chr19	45901511	45901614
chr19	45999463	46000004
chr19	46097754	46097977
chr19	46455742	46456204
chr19	46456238	46456472
chr19	46721492	46721786
chr19	46725243	46725425
chr19	46728875	46729026
chr19	47734622	47735031
chr19	47910053	47910218
chr19	47910244	47910775
chr19	47940796	47941071
chr19	47947576	47947985
chr19	47975225	47975560
chr19	48613670	48613953
chr19	48920901	48921047
chr19	49623219	49623594
chr19	49652690	49652900
chr19	50329418	50329551
chr19	50490307	50490935
chr19	50695843	50695967
chr19	50828536	50828756
chr19	50828768	50829260
chr19	51198115	51198218
chr19	51198263	51198661
chr19	51198786	51198942
chr19	51301499	51301712
chr19	51822012	51822206
chr19	51845276	51845430
chr19	51925175	51925615
chr19	51983721	51984248
chr19	52056412	52056811
chr19	52111247	52111616
chr19	53681350	53681457
chr19	54400043	54400222
chr19	54406260	54406638
chr19	54431082	54431304
chr19	54815772	54816015
chr19	55028697	55029013
chr19	55069872	55070031
chr19	55195801	55196068
chr19	55577530	55577723
chr19	55691318	55691721
chr19	55710104	55710330
chr19	55727801	55728219
chr19	55728220	55728761
chr19	55731969	55732227
chr19	55948776	55949189
chr19	55959994	55960365
chr19	56092714	56093113
chr19	56527161	56527405
chr19	56530778	56531029
chr19	56531811	56532062
chr19	56660445	56660828
chr19	56678594	56678857
chr19	56746390	56746513
chr19	57149358	57149800
chr19	57150637	57150898
chr19	57217390	57217568
chr19	57229689	57229920
chr19	57233186	57233378
chr19	57244423	57244672
chr19	57580573	57580765
chr19	57635369	57635526
chr19	58178694	58178808
chr19	58439063	58439163
chr19	58812102	58812245
chr19	58828943	58829107
chr2	10808	11331
chr2	423548	423694
chr2	611617	611780
chr2	2332689	2332940
chr2	2722821	2723031
chr2	2908986	2909260
chr2	3255813	3256025
chr2	7629167	7629393
chr2	8395251	8395360
chr2	10173591	10173814
chr2	10536662	10536856
chr2	10980000	10980291
chr2	11093749	11094260
chr2	11756499	11756678
chr2	11809622	11810338
chr2	11950116	11950286
chr2	13400650	13400777
chr2	14817254	14817402
chr2	16727479	16727742
chr2	19529297	19529460
chr2	21125051	21125394
chr2	22035759	22035911
chr2	22139883	22140070
chr2	23315735	23315933
chr2	23553082	23553303
chr2	23897123	23897518
chr2	25338925	25339039
chr2	25565181	25565648
chr2	25566335	25566577
chr2	26371485	26371647
chr2	26915426	26916021
chr2	27061469	27061635
chr2	27216751	27216978
chr2	27531272	27531596
chr2	28236550	28236729
chr2	28766868	28767054
chr2	29327722	29327867
chr2	29516771	29517054
chr2	30125385	30125487
chr2	30142840	30143437
chr2	30608213	30608493
chr2	31330579	31330756
chr2	33091719	33092161
chr2	33716831	33717022
chr2	34877827	34877952
chr2	36604166	36604378
chr2	36654938	36655139
chr2	39410898	39411081
chr2	39416265	39416371
chr2	40886168	40886322
chr2	41425056	41425209
chr2	42018683	42019017
chr2	42064133	42064444
chr2	43349144	43349369
chr2	43626745	43626879
chr2	44243447	44243769
chr2	45020555	45020734
chr2	46137931	46138032
chr2	47798005	47798899
chr2	48338777	48339114
chr2	50325506	50325606
chr2	50408458	50408603
chr2	51259279	51259566
chr2	59061597	59061857
chr2	64523934	64524139
chr2	68547571	68547773
chr2	70239283	70239416
chr2	70370760	70370975
chr2	71186696	71186824
chr2	71357106	71357453
chr2	71574638	71574916
chr2	71575514	71575718
chr2	72083855	72084191
chr2	72790014	72790131
chr2	73073917	73074093
chr2	73110485	73110878
chr2	73507118	73507283
chr2	73517442	73517599
chr2	73518163	73519162
chr2	73926663	73926864
chr2	74117566	74117647
chr2	74214621	74214867
chr2	74728608	74728852
chr2	75810005	75810164
chr2	75850127	75850319
chr2	77185961	77186206
chr2	77282113	77282370
chr2	79681122	79681345
chr2	79738436	79738779
chr2	79739673	79739890
chr2	79739911	79740130
chr2	86772052	86772472
chr2	89866588	89868949
chr2	95424960	95425379
chr2	95428344	95428713
chr2	95590743	95591042
chr2	95950951	95951179
chr2	96039960	96040127
chr2	97117547	97117741
chr2	97497495	97497699
chr2	98962981	98963452
chr2	99402772	99402905
chr2	100720745	100720998
chr2	100819157	100819280
chr2	101087383	101087704
chr2	102003647	102004008
chr2	102857333	102857571
chr2	104273131	104273264
chr2	108756008	108756257
chr2	110021253	110021379
chr2	110070886	110071039
chr2	110518165	110518416
chr2	111368173	111368449
chr2	111627275	111627414
chr2	112703684	112703792
chr2	113846251	113846444
chr2	114826092	114826305
chr2	115200170	115200575
chr2	116196326	116196752
chr2	118590828	118591095
chr2	119285236	119285434
chr2	119863675	119863843
chr2	119863933	119864242
chr2	119892471	119892618
chr2	119924635	119925121
chr2	119992279	119992552
chr2	121106888	121107104
chr2	121159065	121159242
chr2	121862325	121862595
chr2	122236223	122236633
chr2	124782648	124783151
chr2	125195506	125195641
chr2	125315969	125316113
chr2	127962468	127962690
chr2	128983420	128983734
chr2	129708460	129708631
chr2	130805929	130806330
chr2	131196841	131197189
chr2	131439447	131439848
chr2	131513337	131514271
chr2	131517637	131517736
chr2	132046155	132046556
chr2	132246478	132246724
chr2	132310585	132310728
chr2	132468994	132469098
chr2	133246750	133247005
chr2	133784226	133784333
chr2	133821441	133821663
chr2	135788512	135788734
chr2	136939981	136940179
chr2	137285147	137285488
chr2	137287816	137288000
chr2	137340263	137340506
chr2	139524145	139524257
chr2	139899909	139900092
chr2	148703330	148703462
chr2	149401562	149401955
chr2	149487735	149487874
chr2	153763706	153763840
chr2	153806700	153806954
chr2	154720612	154720773
chr2	158444180	158444358
chr2	158732998	158733333
chr2	159044454	159044697
chr2	163697148	163697510
chr2	165871656	165871811
chr2	166094894	166095065
chr2	167004477	167004711
chr2	171069790	171069901
chr2	171670676	171670998
chr2	177992601	177992877
chr2	178976932	178977543
chr2	182542596	182543295
chr2	182550055	182550330
chr2	197286708	197286848
chr2	200180141	200180328
chr2	201457523	201457755
chr2	203140593	203140710
chr2	204992051	204992242
chr2	207507145	207507689
chr2	208067474	208067705
chr2	210101221	210101386
chr2	210636213	210636921
chr2	215275667	215276138
chr2	216947631	216947786
chr2	217231848	217232030
chr2	217236586	217236782
chr2	217236809	217237251
chr2	218669101	218669482
chr2	218767368	218767622
chr2	219282356	219282572
chr2	219826586	219826856
chr2	219827306	219827473
chr2	219827496	219828169
chr2	219856432	219856902
chr2	219910449	219910590
chr2	219910640	219911045
chr2	220083097	220083785
chr2	220172845	220173461
chr2	220196263	220196905
chr2	220360510	220360711
chr2	220408336	220409061
chr2	223534181	223534326
chr2	223574090	223574465
chr2	224466956	224467180
chr2	226264751	226265000
chr2	226298835	226298990
chr2	226802434	226802605
chr2	226994962	226995207
chr2	227675789	227676008
chr2	228145658	228145913
chr2	230579533	230580043
chr2	231154103	231154332
chr2	232520270	232520412
chr2	232644789	232645134
chr2	234821418	234821811
chr2	234886183	234886365
chr2	235087435	235087660
chr2	235537695	235537922
chr2	236380122	236380305
chr2	236759747	236759950
chr2	236864438	236864559
chr2	238455879	238456707
chr2	238472499	238472822
chr2	238835902	238836084
chr2	239214091	239214246
chr2	239670445	239670748
chr2	240030244	240030419
chr2	240565698	240566746
chr2	240609859	240610120
chr2	241385628	241385815
chr2	241543770	241544005
chr2	241779837	241780142
chr2	241958412	241958627
chr2	241989098	241989520
chr2	242006447	242006742
chr2	242529320	242530635
chr2	242808431	242808837
chr2	243093190	243093389
chr2	243184832	243185062
chr20	655947	656605
chr20	859409	859697
chr20	865725	866058
chr20	1152065	1152506
chr20	1960157	1960323
chr20	1986451	1986819
chr20	1987432	1987553
chr20	3049718	3049947
chr20	3764931	3765121
chr20	3767299	3767651
chr20	4544231	4544472
chr20	4711574	4711834
chr20	5109592	5109800
chr20	5380869	5381126
chr20	5491119	5491442
chr20	5891835	5892562
chr20	6249912	6250066
chr20	6471598	6471866
chr20	7588955	7589166
chr20	9495172	9495312
chr20	9640932	9641175
chr20	10114275	10114458
chr20	10200006	10200450
chr20	12828498	12828706
chr20	16240476	16240956
chr20	17064458	17064664
chr20	17207294	17207481
chr20	17208337	17208499
chr20	17639687	17639930
chr20	18989185	18989401
chr20	19081723	19081884
chr20	19597346	19597549
chr20	19598016	19598204
chr20	20045063	20045238
chr20	22785956	22786203
chr20	24558158	24558428
chr20	25035732	25035922
chr20	25061642	25062164
chr20	25534513	25534711
chr20	29546837	29547026
chr20	30555662	30555815
chr20	30555900	30556816
chr20	31780770	31781033
chr20	31797516	31797987
chr20	31799690	31799902
chr20	32234834	32235014
chr20	32454272	32454495
chr20	32569878	32570072
chr20	32646785	32646979
chr20	33172362	33172441
chr20	33463898	33464200
chr20	33814345	33814491
chr20	33814546	33815302
chr20	34644943	34645162
chr20	34892745	34892901
chr20	34972802	34973411
chr20	35012395	35012835
chr20	35415205	35415350
chr20	36081785	36081988
chr20	36201214	36201577
chr20	36255393	36255838
chr20	36309820	36310115
chr20	36529659	36530445
chr20	36530484	36530782
chr20	37309170	37309559
chr20	37314503	37314873
chr20	37320981	37321584
chr20	37507486	37507766
chr20	37824443	37824654
chr20	39485418	39485542
chr20	40283561	40283842
chr20	40653303	40653613
chr20	40669683	40669875
chr20	40808500	40808729
chr20	41317285	41317492
chr20	41669106	41669385
chr20	41672598	41672812
chr20	41816466	41816707
chr20	41949229	41949469
chr20	42167791	42168101
chr20	42838747	42838945
chr20	42876537	42877171
chr20	42892966	42893313
chr20	43025104	43025375
chr20	43405607	43405955
chr20	43408796	43409167
chr20	43432011	43432184
chr20	44642552	44643096
chr20	44655896	44656243
chr20	44657692	44658588
chr20	44659134	44659321
chr20	44669488	44669844
chr20	44669853	44670112
chr20	44685699	44686406
chr20	44858151	44858362
chr20	44859362	44859953
chr20	44880127	44880272
chr20	44890529	44890780
chr20	44921683	44922040
chr20	45152656	45152891
chr20	45644764	45645005
chr20	45831603	45831812
chr20	46364476	46364665
chr20	46585936	46586185
chr20	47139708	47140188
chr20	47341844	47341996
chr20	48098738	48099026
chr20	48099073	48099595
chr20	48099743	48100004
chr20	48100254	48100476
chr20	48100549	48101087
chr20	49034306	49034581
chr20	49089893	49090094
chr20	54440567	54440621
chr20	54579032	54579318
chr20	54819394	54819579
chr20	54903977	54904281
chr20	56623145	56623492
chr20	56663315	56663456
chr20	57218927	57219222
chr20	57637178	57637342
chr20	57709333	57709487
chr20	57717232	57717643
chr20	58340650	58340957
chr20	58924592	58924758
chr20	59164787	59164952
chr20	59496099	59496552
chr20	59496568	59496706
chr20	59617645	59617798
chr20	59857861	59858582
chr20	59906837	59906992
chr20	60105786	60106060
chr20	60183354	60183970
chr20	60526900	60527587
chr20	60794778	60795065
chr20	60795091	60795707
chr20	60796000	60796195
chr20	60948419	60948880
chr20	61170193	61170467
chr20	61173940	61174420
chr20	61185026	61185431
chr20	61372688	61373043
chr20	61444505	61444886
chr20	61463242	61463395
chr20	61692997	61693543
chr20	61699750	61700127
chr20	61701118	61701588
chr20	61713498	61714104
chr20	61715601	61715852
chr20	61747785	61748317
chr20	61807357	61807642
chr20	61810200	61810536
chr20	62009974	62010448
chr20	62092657	62093717
chr20	62106595	62106971
chr20	62276604	62276891
chr20	62284275	62284873
chr20	62467137	62467574
chr20	62513353	62513575
chr20	62550715	62551536
chr20	62655857	62656246
chr20	62793243	62793613
chr20	62798123	62798470
chr20	62823573	62824181
chr20	62958450	62959523
chr20	62959525	62959798
chr21	9716711	9717016
chr21	9825402	9827586
chr21	15219116	15219382
chr21	16437564	16437808
chr21	18715449	18715682
chr21	33878167	33878396
chr21	34100244	34100930
chr21	34386036	34386171
chr21	34529794	34529932
chr21	36282857	36282991
chr21	36863549	36863648
chr21	38267243	38267345
chr21	39286533	39286822
chr21	40900992	40901264
chr21	42862386	42862477
chr21	43396032	43396287
chr21	43850030	43850286
chr21	43857983	43858203
chr21	44710407	44710588
chr21	44742715	44743060
chr21	45919622	45919796
chr21	46401575	46402194
chr21	46807983	46808188
chr21	47065792	47066054
chr21	47305956	47306137
chr21	47648690	47648962
chr22	16137469	16137586
chr22	16325709	16325874
chr22	17012588	17012879
chr22	17539124	17539353
chr22	17601075	17601705
chr22	18301069	18301210
chr22	18955556	18956054
chr22	19022885	19023136
chr22	19189645	19189729
chr22	20155544	20155656
chr22	20257801	20258049
chr22	21363881	21364233
chr22	23395567	23395865
chr22	23744873	23745122
chr22	23746769	23747380
chr22	23950764	23951050
chr22	24034829	24035120
chr22	25140714	25140874
chr22	25239093	25239326
chr22	25271884	25272283
chr22	25589565	25589834
chr22	25798449	25798713
chr22	26253429	26253552
chr22	26395932	26396143
chr22	26475070	26475209
chr22	26566788	26567059
chr22	26655557	26655779
chr22	27248196	27248434
chr22	27318872	27319158
chr22	27345243	27345448
chr22	27373831	27373945
chr22	27471294	27471517
chr22	27850879	27851092
chr22	29872216	29872392
chr22	29874507	29874796
chr22	30112674	30113125
chr22	30770756	30770895
chr22	30855360	30855579
chr22	31198597	31199196
chr22	31202635	31202841
chr22	32439165	32439318
chr22	32502965	32503240
chr22	32573423	32573677
chr22	33472442	33472664
chr22	34433007	34433215
chr22	34498632	34498881
chr22	34810842	34811163
chr22	35092627	35092827
chr22	37040281	37040625
chr22	37099250	37099750
chr22	37149545	37149731
chr22	37261509	37261790
chr22	37858896	37859250
chr22	39220502	39220857
chr22	39240355	39240583
chr22	39312858	39313047
chr22	39874265	39874833
chr22	39941547	39942168
chr22	41543833	41543979
chr22	42228838	42229222
chr22	42690388	42690877
chr22	42722410	42722541
chr22	43423575	43423723
chr22	43803171	43803443
chr22	43845154	43845411
chr22	44263719	44264028
chr22	45005541	45005639
chr22	45131152	45131311
chr22	45371323	45371760
chr22	45403598	45403786
chr22	45612577	45612795
chr22	46242964	46243105
chr22	46539096	46539236
chr22	46733859	46734025
chr22	47166380	47166521
chr22	47184442	47184560
chr22	47815104	47815278
chr22	48563168	48563294
chr22	48567049	48567251
chr22	48974647	48974793
chr22	49040057	49040371
chr22	49604646	49604984
chr22	49626147	49626486
chr22	49763284	49763465
chr22	49947212	49947481
chr22	50105838	50106139
chr22	50128955	50129528
chr22	50309292	50309534
chr22	50703780	50703959
chr22	50709154	50709705
chr22	50764371	50764550
chr22	50936713	50936880
chr22	51038353	51038937
chr3	2345337	2345502
chr3	2852471	2852659
chr3	4062934	4063065
chr3	6430168	6430705
chr3	9542278	9542489
chr3	9593859	9594344
chr3	9745880	9746274
chr3	10178407	10178599
chr3	10492248	10492500
chr3	10501662	10502278
chr3	10536816	10537025
chr3	10588133	10588320
chr3	10636607	10636949
chr3	10795653	10795993
chr3	10909125	10909364
chr3	11006302	11006588
chr3	12091252	12091449
chr3	12495677	12495846
chr3	12645565	12645740
chr3	13163056	13163212
chr3	13183460	13183888
chr3	14166916	14167273
chr3	14639711	14640060
chr3	15476348	15476510
chr3	16467293	16467373
chr3	19191005	19191171
chr3	24076069	24076204
chr3	24201973	24202182
chr3	28390312	28390624
chr3	33000986	33001124
chr3	33427005	33427106
chr3	34461423	34461529
chr3	37661798	37662009
chr3	38168067	38168296
chr3	38438818	38439225
chr3	38796751	38796890
chr3	38847261	38847630
chr3	40479532	40479636
chr3	41874835	41874922
chr3	42341518	42341824
chr3	42742824	42743398
chr3	43001887	43002039
chr3	44178022	44178171
chr3	44574338	44574629
chr3	44666702	44666883
chr3	44931849	44931988
chr3	44955480	44955647
chr3	46746748	46747033
chr3	46784540	46784707
chr3	47517027	47517536
chr3	48698756	48699762
chr3	48700193	48700543
chr3	49591686	49592508
chr3	49905191	49905647
chr3	50442597	50443065
chr3	50497314	50497465
chr3	50563442	50563779
chr3	51740712	51741250
chr3	51963504	51963770
chr3	52888116	52888258
chr3	53289783	53290071
chr3	54004745	54004971
chr3	54173227	54173490
chr3	54222212	54222595
chr3	56528662	56529030
chr3	58573783	58574116
chr3	59894092	59894294
chr3	61301612	61301813
chr3	62304997	62305264
chr3	62514946	62515251
chr3	62861801	62862104
chr3	63053752	63054004
chr3	63350288	63350396
chr3	63739314	63739551
chr3	65858753	65858921
chr3	66151428	66151593
chr3	66494707	66494841
chr3	67164253	67164582
chr3	68355753	68356023
chr3	72446835	72447017
chr3	75431144	75431309
chr3	81848686	81848809
chr3	82330469	82330620
chr3	84995486	84995624
chr3	99281098	99281280
chr3	104629153	104629224
chr3	113897694	113897882
chr3	114139041	114139174
chr3	115044456	115044694
chr3	115577936	115578119
chr3	115604526	115604719
chr3	116298746	116298944
chr3	117041794	117041966
chr3	119781453	119781574
chr3	120626889	120627311
chr3	122637878	122638087
chr3	123005080	123005657
chr3	123936409	123936823
chr3	125742352	125742546
chr3	126249675	126249868
chr3	126877655	126878013
chr3	126881730	126881999
chr3	126952301	126952508
chr3	127039479	127039686
chr3	127177528	127177925
chr3	127347988	127348322
chr3	129703054	129703281
chr3	129764904	129765069
chr3	131753826	131754150
chr3	134825382	134825664
chr3	134844123	134844355
chr3	135471770	135471999
chr3	136538819	136539306
chr3	137915969	137916216
chr3	138569075	138569228
chr3	139516623	139516908
chr3	139689486	139689603
chr3	139925583	139925764
chr3	149531804	149531979
chr3	151161419	151161659
chr3	154138967	154139151
chr3	157815694	157816294
chr3	158991482	158991711
chr3	160472103	160472298
chr3	161348674	161348853
chr3	170302245	170302731
chr3	170321691	170321803
chr3	172167467	172167830
chr3	178402736	178402962
chr3	179754437	179754862
chr3	181034352	181034542
chr3	183623091	183623377
chr3	183958194	183958463
chr3	183959509	183959848
chr3	183977472	183978175
chr3	186025478	186025677
chr3	186549722	186549831
chr3	187387472	187387761
chr3	187387950	187388114
chr3	187847301	187847398
chr3	190558048	190558185
chr3	191359647	191359816
chr3	192231824	192232003
chr3	192445200	192445402
chr3	193819441	193819720
chr3	193853875	193854034
chr3	194470591	194470826
chr3	196342683	196342795
chr3	196757020	196757337
chr3	197930303	197930398
chr4	569133	569295
chr4	819236	819620
chr4	819769	820005
chr4	1403972	1404768
chr4	1672653	1673361
chr4	1753627	1753935
chr4	1804201	1804438
chr4	2011163	2011427
chr4	3248188	3248350
chr4	3590619	3590791
chr4	3615047	3615591
chr4	3703061	3703219
chr4	3793587	3794302
chr4	3870148	3870460
chr4	3914836	3915041
chr4	5221835	5221997
chr4	5363782	5363972
chr4	5877311	5877554
chr4	5883166	5883330
chr4	5892800	5893105
chr4	5930074	5930197
chr4	6069391	6069591
chr4	6227145	6227441
chr4	6364645	6364961
chr4	6548348	6548657
chr4	7583195	7583581
chr4	8042439	8042609
chr4	8162380	8162623
chr4	8308972	8309174
chr4	8582084	8582808
chr4	8677141	8677527
chr4	9745831	9746016
chr4	14197831	14198031
chr4	16187207	16187322
chr4	20475874	20476006
chr4	21478457	21478639
chr4	21517124	21517221
chr4	25840250	25840407
chr4	27280283	27280532
chr4	32849204	32849357
chr4	37270079	37270196
chr4	37695530	37695653
chr4	46018417	46018546
chr4	49100105	49102539
chr4	49215746	49215931
chr4	49264859	49265115
chr4	49534047	49534306
chr4	57774355	57775109
chr4	57821359	57821500
chr4	58303912	58304038
chr4	69170540	69170703
chr4	72680276	72680434
chr4	74283728	74283881
chr4	80062744	80062983
chr4	82938926	82939120
chr4	82939180	82939269
chr4	83516133	83516237
chr4	84575616	84575720
chr4	87987841	87988026
chr4	88666329	88666450
chr4	91058810	91058955
chr4	102192759	102192942
chr4	103923803	103923978
chr4	108998593	108998789
chr4	109782590	109782808
chr4	114102476	114102730
chr4	116632800	116632976
chr4	119534251	119534406
chr4	119546388	119546586
chr4	119590433	119590657
chr4	120336279	120336477
chr4	122618276	122618521
chr4	128646161	128646246
chr4	147558022	147558515
chr4	147565046	147565302
chr4	149128328	149128506
chr4	153087786	153088023
chr4	153904399	153904641
chr4	158141343	158141962
chr4	163084944	163085191
chr4	165317673	165317836
chr4	166248425	166248944
chr4	167000204	167000360
chr4	170744871	170745250
chr4	175058980	175059067
chr4	175395641	175395821
chr4	175749944	175750213
chr4	180017097	180017268
chr4	180019015	180019144
chr4	182871671	182871813
chr4	185002025	185002203
chr4	186317043	186317234
chr4	187292395	187292895
chr4	189338400	189338645
chr4	190076382	190077007
chr4	190566533	190567347
chr4	190695156	190695310
chr5	57089	57408
chr5	175638	176155
chr5	309769	310076
chr5	1246790	1247635
chr5	1409472	1409998
chr5	1669652	1669798
chr5	1724376	1724564
chr5	1879750	1879981
chr5	5071759	5071956
chr5	6302899	6303055
chr5	6328300	6328548
chr5	6686958	6687206
chr5	6687236	6687472
chr5	7010837	7010947
chr5	7094813	7095017
chr5	8316814	8316956
chr5	9198632	9198771
chr5	10649948	10650182
chr5	13554086	13554297
chr5	13866978	13867209
chr5	14403704	14404147
chr5	14628535	14628758
chr5	15734257	15734407
chr5	16178919	16179291
chr5	30809230	30809330
chr5	32391204	32391324
chr5	33936076	33936357
chr5	38009971	38010132
chr5	38211222	38211360
chr5	38921385	38921567
chr5	41518128	41518261
chr5	43190936	43191111
chr5	43313654	43314006
chr5	45694474	45694622
chr5	52912870	52913047
chr5	54151159	54151242
chr5	55161714	55161988
chr5	55412413	55412594
chr5	57878648	57879046
chr5	63258957	63259221
chr5	66092595	66092732
chr5	67472332	67472423
chr5	67850886	67851119
chr5	71015053	71015230
chr5	71015338	71015691
chr5	71359121	71359376
chr5	74632569	74633124
chr5	75337748	75338012
chr5	75399894	75400158
chr5	76931488	76931727
chr5	77216574	77216727
chr5	80216908	80217113
chr5	82834720	82834854
chr5	86212920	86213109
chr5	87748722	87748888
chr5	92582119	92582255
chr5	92939895	92940002
chr5	92948269	92948500
chr5	94138305	94138410
chr5	95117406	95117514
chr5	95763646	95763790
chr5	95769827	95770218
chr5	95819577	95819877
chr5	102790591	102790709
chr5	109236256	109236408
chr5	110700764	110700958
chr5	123882367	123882653
chr5	124516056	124516150
chr5	125134124	125134226
chr5	131235487	131235637
chr5	131347341	131347656
chr5	131348132	131348621
chr5	131360571	131360747
chr5	132689459	132689640
chr5	132901716	132901999
chr5	132946670	132947035
chr5	133877430	133877737
chr5	135700879	135701180
chr5	136789250	136789467
chr5	136930505	136930653
chr5	137998340	137998582
chr5	138321895	138322003
chr5	139188183	139188442
chr5	139215315	139215519
chr5	139354305	139354419
chr5	139525391	139525593
chr5	139780166	139780672
chr5	139782050	139782268
chr5	140090787	140091048
chr5	140105670	140105843
chr5	140175673	140175854
chr5	140202498	140202679
chr5	140222021	140222228
chr5	140249800	140249971
chr5	140256219	140256374
chr5	140263015	140263187
chr5	140420656	140420959
chr5	140736582	140736788
chr5	141017430	141017746
chr5	141114292	141114704
chr5	141122909	141123266
chr5	141133748	141134000
chr5	141262946	141263326
chr5	141693802	141694038
chr5	141838869	141839043
chr5	141857087	141857173
chr5	145719948	145720415
chr5	146003841	146003958
chr5	146025042	146025210
chr5	146204654	146204927
chr5	148634200	148634357
chr5	149651598	149651722
chr5	150017257	150017422
chr5	151200636	151200808
chr5	151303517	151303659
chr5	151303895	151304466
chr5	151626077	151626295
chr5	151922365	151922555
chr5	152655811	152655985
chr5	153476650	153476880
chr5	154478096	154478228
chr5	155105940	155106102
chr5	155635391	155635534
chr5	158143778	158143930
chr5	161273885	161274085
chr5	161495542	161495803
chr5	162992543	162992692
chr5	165592683	165592822
chr5	165936190	165936353
chr5	166272175	166272312
chr5	167288180	167288408
chr5	167955439	167955849
chr5	167956053	167956364
chr5	167956664	167956934
chr5	168994176	168994334
chr5	169068320	169068467
chr5	169979772	169979935
chr5	170108236	170108494
chr5	170845699	170845905
chr5	173472522	173472893
chr5	174746299	174746420
chr5	174748871	174749237
chr5	175170769	175170972
chr5	175223518	175224517
chr5	175224865	175225032
chr5	175238742	175238849
chr5	175296312	175296522
chr5	175298469	175299424
chr5	175300113	175300297
chr5	176036600	176037327
chr5	176038418	176038667
chr5	176230981	176231417
chr5	176233250	176233440
chr5	176264465	176265015
chr5	177008602	177008877
chr5	177666395	177666998
chr5	178875347	178875539
chr5	178929104	178929296
chr5	180735632	180735755
chr5	180834908	180835138
chr6	1327957	1328082
chr6	2837846	2838046
chr6	3156635	3156994
chr6	3180218	3180547
chr6	4803785	4803954
chr6	5422621	5422827
chr6	5529552	5529643
chr6	5931361	5931462
chr6	6160072	6160202
chr6	6191761	6192017
chr6	10855567	10855651
chr6	10882147	10882292
chr6	11044278	11044990
chr6	11536048	11536266
chr6	12441250	12441501
chr6	12736148	12736279
chr6	12751971	12752286
chr6	16905922	16906028
chr6	17768649	17768867
chr6	19922133	19922289
chr6	19988875	19989066
chr6	24126192	24126611
chr6	24126962	24127312
chr6	25275513	25275595
chr6	25638149	25638430
chr6	25652255	25652799
chr6	26156421	26156677
chr6	26689743	26690073
chr6	27560560	27560733
chr6	29505533	29505794
chr6	29700942	29701066
chr6	29829390	29829552
chr6	30278925	30279183
chr6	30346163	30346418
chr6	31261156	31261395
chr6	31357291	31357466
chr6	31454257	31454445
chr6	31510117	31510385
chr6	31627523	31627742
chr6	31974983	31975403
chr6	32007739	32008138
chr6	32073267	32073531
chr6	32821795	32822076
chr6	33163114	33163365
chr6	33291163	33291649
chr6	33780405	33780855
chr6	33798459	33798621
chr6	34082809	34083574
chr6	34100331	34100611
chr6	34100628	34100881
chr6	34840181	34840388
chr6	35772717	35773341
chr6	36459515	36459697
chr6	36975052	36975275
chr6	37349402	37349515
chr6	37493599	37493818
chr6	37538658	37538861
chr6	38197608	38197869
chr6	38315698	38315882
chr6	39056170	39056417
chr6	39105065	39105369
chr6	40567353	40567665
chr6	41134909	41135194
chr6	43205847	43206026
chr6	43603138	43603707
chr6	44238609	44238954
chr6	44253354	44253576
chr6	50667110	50667265
chr6	50688394	50688633
chr6	52011779	52011899
chr6	52108203	52108346
chr6	52185247	52185381
chr6	52528886	52529124
chr6	55041864	55042008
chr6	57398695	57398829
chr6	58180139	58180414
chr6	69756742	69756832
chr6	69942797	69943079
chr6	71009290	71009393
chr6	73156270	73156388
chr6	73831544	73831716
chr6	79240033	79240205
chr6	80551388	80551554
chr6	81481765	81481906
chr6	84569084	84569510
chr6	86754059	86754140
chr6	88146111	88146512
chr6	88829556	88829690
chr6	88930288	88930541
chr6	89193232	89193410
chr6	89247865	89248178
chr6	89991529	89991689
chr6	90168537	90168709
chr6	90269296	90269484
chr6	90605047	90605339
chr6	91657502	91657668
chr6	95071076	95071244
chr6	96141035	96141287
chr6	96564656	96564805
chr6	98651432	98651538
chr6	99105711	99105920
chr6	99801086	99801301
chr6	101844479	101844737
chr6	103631915	103632139
chr6	105335266	105335519
chr6	105391761	105391997
chr6	108495574	108495756
chr6	108509462	108509565
chr6	110299354	110300088
chr6	110319700	110319824
chr6	110494754	110494940
chr6	110576535	110576863
chr6	112760357	112760495
chr6	114753648	114753777
chr6	116918064	116918295
chr6	118227986	118228349
chr6	118998471	118998591
chr6	119411514	119411714
chr6	121190656	121190821
chr6	123344229	123344406
chr6	126946255	126946437
chr6	127836868	127837704
chr6	127841277	127841478
chr6	130683254	130683597
chr6	131122573	131122631
chr6	131702949	131703081
chr6	132139648	132139736
chr6	140123203	140123362
chr6	142211941	142212102
chr6	142410052	142410335
chr6	143555116	143555246
chr6	146349205	146349686
chr6	147380240	147380356
chr6	149795295	149795505
chr6	150184888	150185627
chr6	152168219	152168489
chr6	152617897	152618050
chr6	153071879	153072138
chr6	154360478	154360952
chr6	155733557	155733709
chr6	156430956	156431117
chr6	157979170	157979327
chr6	158957079	158958380
chr6	158965634	158965828
chr6	159688250	159688478
chr6	160183208	160183629
chr6	160427331	160427535
chr6	161176314	161176428
chr6	161510067	161510208
chr6	162463322	162463428
chr6	167229193	167229395
chr6	167505293	167505460
chr6	168990816	168991123
chr6	169390739	169391220
chr6	170992552	170992762
chr7	401281	401906
chr7	929704	929897
chr7	936278	936425
chr7	1167599	1168218
chr7	1168882	1169104
chr7	1199103	1199469
chr7	1702443	1702655
chr7	1753123	1753344
chr7	1923115	1923264
chr7	2501145	2501298
chr7	2586984	2587160
chr7	2851254	2851429
chr7	4509922	4510195
chr7	4931005	4931103
chr7	4991948	4992172
chr7	6228131	6228294
chr7	7620317	7620397
chr7	8473533	8473854
chr7	8482477	8482742
chr7	8763816	8763968
chr7	11014142	11014374
chr7	12937762	12937869
chr7	19186449	19186566
chr7	19812572	19812715
chr7	24755549	24755635
chr7	28930985	28931226
chr7	30711489	30711826
chr7	31010511	31010636
chr7	31154604	31154905
chr7	32467327	32467780
chr7	32869062	32869226
chr7	34888870	34889078
chr7	34975462	34975632
chr7	37056140	37056327
chr7	37092298	37092600
chr7	37142413	37142574
chr7	38552428	38552563
chr7	39826095	39826321
chr7	44092428	44092576
chr7	45264520	45264774
chr7	45306919	45307157
chr7	45630331	45630509
chr7	45841845	45842066
chr7	47259244	47259340
chr7	47615905	47616134
chr7	47723080	47723230
chr7	50620656	50621008
chr7	51465410	51465597
chr7	51477801	51477910
chr7	52422870	52423014
chr7	54609819	54610099
chr7	54611003	54611120
chr7	55594706	55594803
chr7	55821045	55821271
chr7	56437887	56440916
chr7	56451197	56451423
chr7	63181088	63181254
chr7	63635392	63635624
chr7	64862643	64862831
chr7	65285361	65285522
chr7	65297272	65297498
chr7	66359590	66359741
chr7	67490470	67490587
chr7	71311264	71311409
chr7	73163726	73163844
chr7	73226173	73226357
chr7	73245673	73245904
chr7	75550886	75551139
chr7	75831010	75831507
chr7	75831661	75831893
chr7	75854771	75855028
chr7	78250285	78250525
chr7	82790609	82790754
chr7	82791888	82792334
chr7	86538378	86538500
chr7	90016929	90017061
chr7	91764009	91764286
chr7	94139943	94140094
chr7	95534556	95534782
chr7	95951331	95951769
chr7	98242974	98243240
chr7	100253617	100254237
chr7	100609456	100609690
chr7	100701599	100701993
chr7	100702695	100702849
chr7	100807626	100808107
chr7	100808505	100809098
chr7	100809348	100809488
chr7	101933047	101933331
chr7	103276683	103276851
chr7	103491953	103492070
chr7	103685716	103685891
chr7	104192557	104192899
chr7	104268047	104268277
chr7	105054590	105054726
chr7	105295487	105295698
chr7	107301565	107301861
chr7	107497409	107497556
chr7	107988132	107988396
chr7	115057944	115058046
chr7	123672806	123673012
chr7	125196091	125196192
chr7	126747634	126748143
chr7	127100208	127100349
chr7	127114602	127114781
chr7	127808427	127809006
chr7	128273950	128274198
chr7	128285995	128286207
chr7	128419061	128419241
chr7	128858505	128858660
chr7	129162508	129162744
chr7	130550315	130550497
chr7	130855337	130855488
chr7	130881622	130881870
chr7	130896925	130897157
chr7	131276758	131276928
chr7	131430445	131430743
chr7	131819922	131820033
chr7	131955364	131955571
chr7	132824073	132824396
chr7	133326314	133326432
chr7	133743784	133743953
chr7	135020470	135020866
chr7	136542419	136542601
chr7	136657444	136657891
chr7	138572197	138572380
chr7	139438031	139438175
chr7	139901314	139901417
chr7	140772955	140773269
chr7	140797313	140797488
chr7	140920929	140921067
chr7	141033334	141033545
chr7	141039497	141039602
chr7	141868632	141868807
chr7	143018930	143019053
chr7	145812877	145813166
chr7	149558077	149558173
chr7	149741889	149742175
chr7	149758273	149758403
chr7	150037294	150037501
chr7	150680994	150681424
chr7	150683119	150683415
chr7	150748152	150748468
chr7	152759017	152759346
chr7	153595439	153595527
chr7	153736427	153736557
chr7	153752639	153752938
chr7	153928883	153929141
chr7	153984486	153984629
chr7	154106832	154107081
chr7	154861587	154862261
chr7	155639756	155639851
chr7	155658652	155658766
chr7	156178828	156179087
chr7	157285838	157285982
chr7	157486446	157486603
chr7	157939875	157940714
chr7	157940983	157941459
chr7	158002248	158002342
chr7	158152931	158153386
chr7	158155620	158156023
chr7	158169676	158169946
chr7	158346885	158347125
chr7	158380228	158380715
chr7	158768539	158768814
chr8	74448	74678
chr8	529815	530016
chr8	677043	677461
chr8	1003968	1004122
chr8	1278207	1278447
chr8	1486116	1486238
chr8	1682622	1682855
chr8	1798065	1798307
chr8	1938811	1939112
chr8	3069189	3069407
chr8	4146976	4147231
chr8	4252479	4252670
chr8	5982124	5982302
chr8	6566039	6566325
chr8	9782540	9782734
chr8	9807440	9807764
chr8	10847692	10848083
chr8	10848715	10848878
chr8	10949964	10950240
chr8	11463245	11463561
chr8	11469928	11470102
chr8	11659978	11660352
chr8	17764828	17765017
chr8	17773478	17773654
chr8	20054516	20054986
chr8	20319816	20320007
chr8	20364192	20364296
chr8	21458934	21459121
chr8	21860645	21860781
chr8	21882346	21882677
chr8	24770237	24770434
chr8	26067215	26067398
chr8	26372571	26372815
chr8	27305357	27305583
chr8	27335383	27335547
chr8	27452432	27452646
chr8	28514758	28515028
chr8	28594963	28595263
chr8	31652881	31653053
chr8	32582748	32582939
chr8	35289883	35290035
chr8	36235623	36235786
chr8	38591082	38591230
chr8	40686416	40686635
chr8	40706390	40706611
chr8	41753360	41753891
chr8	41754037	41754271
chr8	41754380	41754517
chr8	50822267	50822364
chr8	50824092	50824433
chr8	53164846	53165019
chr8	53448732	53448907
chr8	54790295	54790675
chr8	55913940	55914184
chr8	56015290	56015839
chr8	57357958	57358131
chr8	58811674	58811800
chr8	62200594	62201026
chr8	62408710	62409037
chr8	65292461	65292735
chr8	67089169	67089474
chr8	67089494	67090065
chr8	67090309	67090480
chr8	68772952	68773155
chr8	69084532	69084685
chr8	73745807	73746014
chr8	73831395	73831523
chr8	75262503	75263057
chr8	80496336	80496436
chr8	80521691	80521874
chr8	91094847	91095220
chr8	92692964	92693144
chr8	93978128	93978389
chr8	94599823	94599942
chr8	96079689	96079893
chr8	97172878	97173012
chr8	99438959	99439561
chr8	102255994	102256217
chr8	103188011	103188215
chr8	104513667	104514193
chr8	104611471	104611582
chr8	108032629	108032783
chr8	110698327	110698486
chr8	111161015	111161142
chr8	124505435	124505615
chr8	125093147	125093287
chr8	126010357	126010837
chr8	126569155	126569323
chr8	128567207	128567318
chr8	129157204	129157480
chr8	129379965	129380128
chr8	129481945	129482161
chr8	131820997	131821196
chr8	132049263	132049410
chr8	133418022	133418168
chr8	134389558	134389806
chr8	134607542	134607713
chr8	135421868	135422069
chr8	136332685	136332885
chr8	136459506	136459654
chr8	137130107	137130372
chr8	139437870	139438086
chr8	139640802	139640977
chr8	139654269	139654460
chr8	139692796	139692937
chr8	139748056	139748280
chr8	139801196	139801581
chr8	140083412	140083639
chr8	140221577	140221790
chr8	140258379	140258691
chr8	140573673	140573804
chr8	140670919	140671301
chr8	140732397	140732763
chr8	140868724	140868875
chr8	140908879	140909324
chr8	142526562	142527091
chr8	142576901	142577484
chr8	142686590	142686800
chr8	142726101	142726576
chr8	142902054	142902316
chr8	142955213	142955831
chr8	142970657	142971015
chr8	143048574	143048695
chr8	143298714	143299014
chr8	143332227	143332493
chr8	143376763	143376961
chr8	143464520	143465056
chr8	143577786	143577905
chr8	143682709	143682869
chr8	143713410	143713915
chr8	143714134	143714329
chr8	143863172	143863433
chr8	143955663	143956029
chr8	143993263	143993650
chr8	144025019	144025503
chr8	144183200	144183594
chr8	144309549	144309927
chr8	144403522	144404704
chr8	144404718	144405893
chr8	144473223	144473350
chr8	144593636	144593828
chr8	145560052	145560746
chr8	145561023	145561235
chr8	145561256	145561465
chr8	145561543	145561801
chr8	145752488	145752630
chr9	2923852	2923992
chr9	4585221	4585404
chr9	7370527	7370679
chr9	9091524	9091660
chr9	16112180	16112399
chr9	17744821	17745062
chr9	19720430	19720660
chr9	19782067	19782269
chr9	22010956	22011204
chr9	23824887	23825026
chr9	23829652	23829863
chr9	26462337	26462442
chr9	32279082	32279244
chr9	34413283	34413548
chr9	34430789	34431095
chr9	34493871	34494273
chr9	34984074	34984346
chr9	36748303	36748749
chr9	36772549	36772711
chr9	37027398	37027977
chr9	37784935	37785340
chr9	38410554	38410665
chr9	38890681	38890811
chr9	40211929	40212059
chr9	42363977	42364309
chr9	42471040	42471435
chr9	43030433	43030796
chr9	43137569	43137901
chr9	44019549	44019959
chr9	44122591	44122923
chr9	44846991	44847165
chr9	45022928	45023101
chr9	45758370	45758543
chr9	46144692	46144865
chr9	46359378	46359574
chr9	65841627	65841757
chr9	66366986	66367396
chr9	67540901	67541031
chr9	67761292	67761488
chr9	67922372	67922704
chr9	68495398	68496178
chr9	69377601	69377933
chr9	69478467	69478862
chr9	71457618	71457696
chr9	72400771	72400941
chr9	72700244	72700421
chr9	73004821	73004934
chr9	74061345	74061992
chr9	75963565	75963663
chr9	79521130	79521448
chr9	80190756	80190962
chr9	85911129	85911346
chr9	85969892	85970119
chr9	90366876	90367006
chr9	91800957	91801214
chr9	93105807	93105965
chr9	93996909	93997045
chr9	94298744	94298891
chr9	96524220	96524373
chr9	96927990	96928240
chr9	97252838	97253003
chr9	100149330	100149787
chr9	100507692	100507899
chr9	101234622	101234762
chr9	101472545	101472959
chr9	104299244	104299535
chr9	104390558	104390678
chr9	104499098	104499267
chr9	109163441	109163562
chr9	110112809	110112986
chr9	115867751	115867904
chr9	115881194	115881347
chr9	115894156	115894430
chr9	116739370	116739477
chr9	117085273	117085589
chr9	117092044	117092371
chr9	118030197	118030304
chr9	119112635	119112744
chr9	119568442	119568636
chr9	119760649	119760877
chr9	119797197	119797416
chr9	120096468	120096648
chr9	120171697	120171851
chr9	120821941	120822064
chr9	122133126	122133411
chr9	122401964	122402101
chr9	122452242	122452436
chr9	122509139	122509378
chr9	123014647	123014781
chr9	123676121	123676367
chr9	124022316	124022444
chr9	124818860	124819088
chr9	124854865	124855138
chr9	124857843	124858036
chr9	125404543	125404824
chr9	125704005	125704113
chr9	126054141	126054322
chr9	126118304	126118531
chr9	126872578	126872966
chr9	126912295	126912580
chr9	127533464	127533671
chr9	128494929	128495070
chr9	128844964	128845387
chr9	128870587	128870840
chr9	129326560	129326742
chr9	130186576	130186772
chr9	130513747	130514034
chr9	130631619	130631848
chr9	130981220	130981437
chr9	131105365	131105490
chr9	131397712	131397899
chr9	132552699	132553055
chr9	133060899	133061317
chr9	134158416	134158542
chr9	134649276	134649755
chr9	134651892	134652237
chr9	134674566	134674933
chr9	134989510	134989847
chr9	135187478	135187663
chr9	135457293	135457951
chr9	135854123	135854301
chr9	136474150	136474321
chr9	136474330	136474808
chr9	136507606	136507718
chr9	136869613	136869828
chr9	137159704	137159846
chr9	137226092	137226323
chr9	137228813	137229054
chr9	137359193	137359369
chr9	137969256	137969636
chr9	137982431	137982712
chr9	137990212	137990575
chr9	138048357	138048832
chr9	138221581	138221810
chr9	138606387	138606758
chr9	138863633	138864170
chr9	139014814	139015004
chr9	139093439	139094048
chr9	139096612	139097378
chr9	139137223	139137718
chr9	139380206	139380419
chr9	139501992	139502176
chr9	139727581	139727780
chr9	139940863	139941414
chr9	139958558	139958810
chr9	140033323	140034131
chr9	140034707	140034844
chr9	140040361	140040554
chr9	140041048	140041298
chr9	140150852	140151040
chr9	140723165	140723446
chr9	140772825	140773564
chr9	140778856	140779368
chr9	140779411	140779784
chr9	140785179	140785593
chrX	2001248	2001374
chrX	3261730	3261893
chrX	3908723	3908844
chrX	6731966	6732148
chrX	7492417	7492677
chrX	8213557	8213688
chrX	10051327	10051585
chrX	12083467	12083657
chrX	12566947	12567122
chrX	12739211	12739434
chrX	14547432	14547700
chrX	18165156	18165393
chrX	18903141	18903370
chrX	19769248	19769474
chrX	20589851	20589980
chrX	20931994	20932110
chrX	21741347	21741577
chrX	25286870	25286996
chrX	32155739	32155961
chrX	37346611	37346734
chrX	46958265	46958398
chrX	47479184	47479663
chrX	48205617	48205760
chrX	48694292	48694467
chrX	48853404	48853684
chrX	49056378	49056826
chrX	50100007	50100094
chrX	53065458	53065569
chrX	64414536	64414661
chrX	68723381	68723517
chrX	68723573	68723893
chrX	71997980	71998258
chrX	72162193	72162506
chrX	74151053	74151331
chrX	75710354	75710459
chrX	80058499	80058589
chrX	96256497	96256595
chrX	102318129	102318361
chrX	102318448	102318581
chrX	106567901	106568157
chrX	110619064	110619249
chrX	119535280	119535379
chrX	132352339	132352510
chrX	134611638	134611801
chrX	135357892	135358043
chrX	152735274	152735495
chrX	153098235	153098463
chrX	153140727	153141355
chrX	153771192	153771367
chrY	13271217	13271516
chrY	13909884	13910147
chrY	14077860	14077999
chrY	16343665	16343841
chrY	17404851	17405030
chrY	26463885	26464101
chrY	27498308	27498524
