chr1	713842	714467
chr1	894450	894799
chr1	936053	936548
chr1	948345	949138
chr1	1166672	1168227
chr1	1243338	1244183
chr1	1310450	1311060
chr1	1334479	1335349
chr1	1342231	1343217
chr1	1376311	1376710
chr1	1406587	1407313
chr1	1446875	1447667
chr1	1509806	1510527
chr1	1709592	1710683
chr1	1840386	1840964
chr1	2130509	2131163
chr1	2343633	2344797
chr1	2472994	2473495
chr1	3691337	3692905
chr1	3816186	3818165
chr1	5977648	5978150
chr1	6259068	6260010
chr1	6268760	6269072
chr1	6269334	6269845
chr1	6453612	6454566
chr1	6614245	6614884
chr1	6660885	6661624
chr1	6662017	6664423
chr1	6761467	6762270
chr1	6844456	6845473
chr1	8021248	8022252
chr1	8257697	8258356
chr1	8937939	8939750
chr1	9599001	9599775
chr1	9686989	9687505
chr1	9777060	9778514
chr1	10531951	10533019
chr1	11119261	11120836
chr1	11333269	11334147
chr1	11858420	11858911
chr1	11865536	11866963
chr1	11902098	11902825
chr1	11942863	11943405
chr1	12039720	12041058
chr1	12098688	12099138
chr1	12123191	12124410
chr1	12508768	12509350
chr1	12537995	12538845
chr1	12717205	12717957
chr1	15770971	15771559
chr1	15852941	15853606
chr1	16160782	16162848
chr1	16175775	16176811
chr1	16341100	16341584
chr1	16533093	16533776
chr1	16693364	16694468
chr1	16970164	16972092
chr1	17765656	17766575
chr1	18081630	18082041
chr1	18085619	18085998
chr1	19229056	19229746
chr1	19235274	19236146
chr1	19535921	19537478
chr1	19577652	19578838
chr1	19923001	19924422
chr1	20204751	20205396
chr1	21945574	21946039
chr1	22076292	22076825
chr1	22231329	22231985
chr1	22778154	22778786
chr1	23345546	23346197
chr1	23669703	23671692
chr1	23881016	23881767
chr1	24018014	24019114
chr1	24104251	24105107
chr1	24285367	24286729
chr1	24306258	24307308
chr1	24969158	24969975
chr1	25573361	25574514
chr1	26042496	26042823
chr1	26185656	26186319
chr1	26232802	26233157
chr1	26324214	26325076
chr1	26437958	26438436
chr1	26496126	26496670
chr1	26560267	26561924
chr1	26611131	26611684
chr1	26663032	26663673
chr1	26758372	26759049
chr1	26826619	26828052
chr1	26946573	26948269
chr1	27018653	27020075
chr1	27021979	27022424
chr1	27049507	27050386
chr1	27648413	27649017
chr1	27851938	27852846
chr1	28240656	28241691
chr1	28414835	28415478
chr1	28832115	28834153
chr1	28844529	28845913
chr1	28879047	28879933
chr1	28907859	28908790
chr1	28969342	28970287
chr1	29062811	29063560
chr1	29210001	29210808
chr1	29211018	29211861
chr1	29508313	29508916
chr1	29556907	29557667
chr1	31191493	31192536
chr1	31250826	31252148
chr1	31537650	31538968
chr1	31628142	31628625
chr1	32403935	32404493
chr1	32478888	32479526
chr1	32644861	32645790
chr1	32687814	32688236
chr1	32879490	32879921
chr1	33115795	33117393
chr1	33282118	33284153
chr1	33501615	33502942
chr1	33815536	33816304
chr1	35325308	35325852
chr1	35658502	35659252
chr1	35744570	35745507
chr1	36106898	36107605
chr1	36184192	36185011
chr1	36335016	36335594
chr1	36554248	36554731
chr1	36689094	36691011
chr1	36786650	36787505
chr1	36851569	36852821
chr1	36866488	36867218
chr1	36929525	36930518
chr1	37945056	37945593
chr1	37980198	37980713
chr1	38061048	38061769
chr1	38155935	38156781
chr1	38272822	38274218
chr1	38325051	38326116
chr1	38455516	38456080
chr1	38477915	38479163
chr1	39381061	39381553
chr1	39633515	39634008
chr1	40264828	40265221
chr1	40348369	40349345
chr1	40364490	40365191
chr1	40723132	40724302
chr1	41156860	41158454
chr1	41445036	41446357
chr1	41469293	41469905
chr1	41626198	41626627
chr1	42800566	42801244
chr1	43123555	43124714
chr1	43146616	43148149
chr1	43148433	43149153
chr1	43423808	43424913
chr1	43428606	43429709
chr1	43637337	43638584
chr1	44172723	44173740
chr1	44411956	44412815
chr1	44435318	44435998
chr1	44445361	44445901
chr1	44495358	44496122
chr1	44501498	44502704
chr1	44756111	44756893
chr1	45097223	45098020
chr1	45187156	45188104
chr1	45240648	45242429
chr1	45265297	45266285
chr1	45272952	45273815
chr1	45452016	45452677
chr1	45477614	45479115
chr1	45769054	45769979
chr1	45805265	45806786
chr1	45965556	45966266
chr1	45987079	45987897
chr1	46016079	46016921
chr1	46151962	46154506
chr1	46268395	46269407
chr1	46598136	46599195
chr1	46768796	46769917
chr1	46806037	46806844
chr1	46907902	46908775
chr1	46987905	46988695
chr1	51424874	51426397
chr1	51983370	51984590
chr1	52194713	52195819
chr1	52499022	52499678
chr1	52520462	52522583
chr1	53163532	53164450
chr1	53308234	53309116
chr1	53379182	53379623
chr1	53685787	53686799
chr1	53791357	53793079
chr1	54303376	54304490
chr1	54665464	54666109
chr1	54752876	54753282
chr1	55181205	55182087
chr1	55679769	55681330
chr1	59348904	59350006
chr1	61718630	61719375
chr1	65758523	65759191
chr1	65946586	65947083
chr1	67894457	67895550
chr1	67895834	67897068
chr1	67944757	67945363
chr1	70017294	70017775
chr1	76251343	76252625
chr1	78147787	78149268
chr1	78443888	78445385
chr1	85665958	85667353
chr1	86173821	86174817
chr1	87379144	87380284
chr1	89989450	89990660
chr1	90288450	90289659
chr1	91487354	91488064
chr1	92197841	92198835
chr1	93297316	93298537
chr1	93422563	93423122
chr1	93544425	93544959
chr1	93645166	93647050
chr1	93811111	93811643
chr1	94032722	94033544
chr1	94311668	94313282
chr1	94344057	94344995
chr1	100314922	100315884
chr1	100598209	100599085
chr1	100828301	100828965
chr1	101360118	101361755
chr1	101490962	101491925
chr1	109234443	109236137
chr1	109633071	109634214
chr1	109642501	109643510
chr1	109968477	109969606
chr1	110026503	110027413
chr1	110161922	110163164
chr1	110460726	110461168
chr1	110880422	110882788
chr1	110950062	110950797
chr1	111991549	111992395
chr1	112297622	112298750
chr1	113008630	113009117
chr1	113497810	113500415
chr1	114446833	114448587
chr1	115259182	115259945
chr1	115299559	115300954
chr1	117369694	117370272
chr1	117602018	117603509
chr1	118472055	118473109
chr1	119682392	119684022
chr1	144994065	144995873
chr1	145502178	145502644
chr1	146713790	146714953
chr1	150265996	150266707
chr1	150293723	150294167
chr1	150898467	150899097
chr1	151042825	151043838
chr1	151319199	151319987
chr1	153438271	153438661
chr1	153483396	153483824
chr1	153606283	153607157
chr1	153643199	153643915
chr1	153939511	153940594
chr1	153962975	153963645
chr1	154192542	154194190
chr1	154293293	154293712
chr1	154531209	154532330
chr1	154600322	154600704
chr1	154908853	154910192
chr1	154946065	154948197
chr1	154955395	154956073
chr1	154972159	154972997
chr1	155063883	155064262
chr1	155164100	155164801
chr1	155196412	155197996
chr1	155231660	155232529
chr1	155243193	155243798
chr1	155579410	155580122
chr1	155715068	155715672
chr1	156023829	156025054
chr1	156226948	156227442
chr1	156307657	156308763
chr1	156470819	156471380
chr1	156474942	156475428
chr1	156570976	156571537
chr1	156629812	156630754
chr1	156695549	156695951
chr1	156697706	156698963
chr1	156710555	156711421
chr1	156721310	156721852
chr1	156783537	156784207
chr1	158985218	158985597
chr1	159750351	159750933
chr1	159894085	159895574
chr1	159915378	159915797
chr1	161086947	161088047
chr1	161123495	161124086
chr1	161146956	161147827
chr1	161696150	161697155
chr1	163291233	163292124
chr1	165737892	165738801
chr1	165796746	165798472
chr1	166458810	166460004
chr1	166808170	166808856
chr1	167189096	167190103
chr1	167596943	167598113
chr1	167598607	167599719
chr1	167683562	167684966
chr1	167954231	167954666
chr1	168194658	168195378
chr1	171750060	171751262
chr1	173445961	173447727
chr1	173639681	173640732
chr1	173793048	173794536
chr1	173836394	173838046
chr1	174967670	174969832
chr1	176848892	176849603
chr1	178062671	178062986
chr1	178994751	178996317
chr1	180471391	180472295
chr1	182573210	182573918
chr1	182758258	182759203
chr1	182808022	182809431
chr1	183440010	183441439
chr1	184740320	184740759
chr1	185284911	185287438
chr1	186051384	186051797
chr1	186344103	186345442
chr1	193027015	193029241
chr1	193073676	193075004
chr1	193090584	193091725
chr1	200638468	200640065
chr1	201528798	201529259
chr1	201924250	201925171
chr1	202128089	202129455
chr1	202976117	202976618
chr1	203695480	203696055
chr1	203830459	203831294
chr1	204380554	204381458
chr1	204485108	204486029
chr1	204488093	204488489
chr1	205600082	205600594
chr1	206807669	206808993
chr1	207197480	207198775
chr1	207494150	207495224
chr1	207693033	207693912
chr1	207799592	207800052
chr1	210000492	210001768
chr1	211431657	211432943
chr1	211848910	211849536
chr1	212208258	212209550
chr1	214454193	214455608
chr1	214776082	214776714
chr1	218458407	218459306
chr1	220080140	220081291
chr1	220219367	220220274
chr1	221887588	221888073
chr1	222638206	222639392
chr1	223406578	223407409
chr1	224622386	224623392
chr1	225117025	225117738
chr1	226111438	226112426
chr1	226186266	226188044
chr1	226496670	226497959
chr1	226595043	226595995
chr1	227126599	227128578
chr1	227922408	227923208
chr1	228352944	228353977
chr1	228556744	228557223
chr1	228644961	228645884
chr1	229406244	229407000
chr1	229694284	229695137
chr1	229761717	229762210
chr1	230279125	230280291
chr1	230777942	230778822
chr1	231114415	231115208
chr1	231295767	231296259
chr1	231335863	231336772
chr1	231663998	231664629
chr1	233771523	233772259
chr1	233809740	233810144
chr1	234108644	234109443
chr1	234508753	234509875
chr1	234613937	234615231
chr1	234735229	234736241
chr1	234743680	234744442
chr1	235001914	235002556
chr1	235291615	235292580
chr1	235530330	235531226
chr1	235667634	235668659
chr1	236767498	236768347
chr1	236958173	236959411
chr1	244614951	244615808
chr1	244997306	244999687
chr1	245025835	245026806
chr1	245081795	245082748
chr1	246038166	246038785
chr1	246151450	246152327
chr1	246729080	246730926
chr10	1033830	1034984
chr10	1205367	1206033
chr10	4909479	4910325
chr10	5488384	5488865
chr10	5521500	5522753
chr10	5726108	5727789
chr10	5855238	5856524
chr10	6205602	6206076
chr10	11220531	11221104
chr10	11916602	11917364
chr10	11936112	11937189
chr10	12084321	12085588
chr10	12237482	12238523
chr10	14919880	14921063
chr10	17242912	17243826
chr10	17245356	17245836
chr10	17467800	17468408
chr10	18940143	18940904
chr10	21784629	21785091
chr10	21814214	21815717
chr10	22604986	22605598
chr10	22904897	22905435
chr10	22912552	22912988
chr10	22972089	22972823
chr10	25304968	25306332
chr10	26985880	26987548
chr10	27442718	27443558
chr10	28791066	28791409
chr10	30637539	30638484
chr10	30702938	30703335
chr10	30841042	30841625
chr10	32634919	32636396
chr10	35080916	35081274
chr10	43133220	43134348
chr10	43277822	43278830
chr10	43891979	43893092
chr10	43902604	43903939
chr10	43904195	43905046
chr10	43913363	43913963
chr10	43915723	43916774
chr10	43931717	43932642
chr10	43950726	43951860
chr10	44068997	44070302
chr10	44101640	44102755
chr10	45496098	45496778
chr10	49514134	49514721
chr10	49714520	49714979
chr10	50391627	50392132
chr10	50506958	50509161
chr10	50746434	50747772
chr10	51593975	51595293
chr10	52352359	52353082
chr10	52384093	52385908
chr10	52419547	52420225
chr10	60028506	60029626
chr10	60144519	60145604
chr10	61666238	61667188
chr10	61889829	61890274
chr10	69644048	69644616
chr10	70091032	70092836
chr10	70231446	70232034
chr10	70660419	70661511
chr10	70715236	70717263
chr10	70939145	70940396
chr10	70982129	70982836
chr10	71093948	71095493
chr10	71992927	71993762
chr10	72431525	72433690
chr10	73083187	73083585
chr10	73397707	73399199
chr10	73571723	73572142
chr10	73642602	73643056
chr10	73975519	73976178
chr10	74057105	74058420
chr10	74114259	74115137
chr10	75006449	75007702
chr10	75011902	75013167
chr10	75503322	75504346
chr10	75531890	75532898
chr10	75910135	75911787
chr10	75935823	75937219
chr10	76969606	76971488
chr10	76995051	76996103
chr10	79730943	79731463
chr10	79789009	79790063
chr10	79793306	79794703
chr10	81106768	81108154
chr10	81918309	81918749
chr10	81971520	81971956
chr10	82256973	82257865
chr10	88534755	88535285
chr10	88720132	88720620
chr10	88726198	88726682
chr10	89621354	89622327
chr10	91460972	91462202
chr10	94513639	94513986
chr10	94588737	94589361
chr10	96122285	96123087
chr10	96892692	96893090
chr10	97253162	97253608
chr10	97416211	97416802
chr10	97889307	97890573
chr10	98561189	98561702
chr10	99160737	99161266
chr10	101945416	101946468
chr10	102106074	102107175
chr10	102747041	102747533
chr10	103892286	103893962
chr10	103911755	103913366
chr10	104182384	104182778
chr10	104209958	104210614
chr10	104474023	104474894
chr10	105155962	105156803
chr10	105428003	105428877
chr10	111970562	111971427
chr10	112326820	112327883
chr10	119135882	119136295
chr10	120839682	120840691
chr10	120924456	120925469
chr10	121356187	121357052
chr10	121651828	121652463
chr10	124638826	124639747
chr10	124739722	124740816
chr10	124767170	124767819
chr10	131908141	131909646
chr10	134036588	134036957
chr11	422096	422609
chr11	447876	448622
chr11	450941	451290
chr11	460381	460980
chr11	506065	507239
chr11	809058	810168
chr11	838428	838891
chr11	875706	876408
chr11	2324751	2325268
chr11	3013367	3014202
chr11	3078457	3079197
chr11	3190410	3190981
chr11	3399772	3400632
chr11	3425467	3426092
chr11	3818734	3819501
chr11	5153010	5153614
chr11	5264145	5265297
chr11	6291196	6291603
chr11	6624440	6625058
chr11	6703863	6704987
chr11	6947374	6948452
chr11	8703624	8705281
chr11	8985730	8986813
chr11	9405849	9407373
chr11	9481942	9482946
chr11	9594410	9595561
chr11	10920295	10922135
chr11	12222495	12223171
chr11	12836175	12836704
chr11	13010727	13011780
chr11	14541362	14542667
chr11	14664101	14665988
chr11	14912921	14913448
chr11	17098430	17099828
chr11	17374230	17375499
chr11	18343335	18344983
chr11	18415516	18416830
chr11	18655611	18656697
chr11	20384792	20385975
chr11	20408618	20410146
chr11	22646414	22647854
chr11	32605004	32605781
chr11	33182623	33183474
chr11	34126697	34127762
chr11	34624734	34625598
chr11	35684130	35684965
chr11	44087491	44088406
chr11	44354723	44355290
chr11	44552659	44553122
chr11	46258648	46260040
chr11	46579337	46579747
chr11	46721939	46722550
chr11	46867028	46868140
chr11	47429276	47430135
chr11	47788676	47789430
chr11	57191869	57194941
chr11	57297996	57299049
chr11	57424958	57425467
chr11	57434528	57435711
chr11	57479249	57480641
chr11	57508552	57509199
chr11	58346947	58347446
chr11	59317836	59318961
chr11	59323673	59325104
chr11	59327656	59328967
chr11	59383200	59384268
chr11	60609238	60609840
chr11	61100403	61101478
chr11	61109542	61110246
chr11	61129150	61130401
chr11	61334678	61335021
chr11	61559472	61560813
chr11	61584182	61584881
chr11	61792966	61793520
chr11	61809456	61809847
chr11	61891056	61891686
chr11	62340907	62341850
chr11	62358748	62359445
chr11	62389387	62390036
chr11	62438627	62440114
chr11	62494645	62496248
chr11	62554579	62555483
chr11	62606625	62607319
chr11	62622461	62623926
chr11	62648158	62649602
chr11	63438762	63439482
chr11	63933031	63933899
chr11	63952532	63953869
chr11	64014148	64015195
chr11	64037102	64038536
chr11	64071834	64073148
chr11	64073353	64074076
chr11	64084508	64085868
chr11	64102444	64103032
chr11	64645605	64646704
chr11	64652832	64653689
chr11	64764107	64764830
chr11	64884932	64885581
chr11	65082945	65083386
chr11	65189478	65190573
chr11	65337349	65338154
chr11	65479238	65479757
chr11	65657924	65658479
chr11	65666711	65667131
chr11	65769392	65770507
chr11	66095677	66096403
chr11	66138406	66139398
chr11	66247358	66248292
chr11	66383624	66384577
chr11	66405513	66406386
chr11	66725618	66726541
chr11	67006822	67007925
chr11	67159032	67159576
chr11	67350033	67350513
chr11	67373129	67373596
chr11	67810731	67811265
chr11	68039305	68040063
chr11	68670970	68671506
chr11	69257571	69258573
chr11	70243596	70244753
chr11	71159254	71160212
chr11	72144995	72145897
chr11	73104581	73104960
chr11	73490260	73491062
chr11	73498696	73499469
chr11	73587432	73588320
chr11	73693684	73695237
chr11	73722481	73723138
chr11	74742314	74743600
chr11	75110289	75111048
chr11	77348525	77349173
chr11	77850278	77851333
chr11	78285576	78286489
chr11	82868653	82869572
chr11	82903020	82903519
chr11	82904289	82904909
chr11	82996595	82997688
chr11	85779999	85781090
chr11	85893993	85895149
chr11	88070681	88071733
chr11	93473877	93475232
chr11	93517105	93518235
chr11	93861825	93862849
chr11	107729085	107730017
chr11	108092990	108094712
chr11	108535301	108536140
chr11	111749069	111750620
chr11	111894917	111896532
chr11	111956833	111957848
chr11	113561310	113562010
chr11	114309737	114310758
chr11	116643180	116644656
chr11	117014347	117015188
chr11	117051863	117052279
chr11	118850808	118851422
chr11	118888509	118889673
chr11	118955264	118956615
chr11	118965636	118966595
chr11	118972106	118973236
chr11	118979038	118979652
chr11	118991753	118992579
chr11	119252087	119252945
chr11	122932079	122933593
chr11	123611966	123612601
chr11	123940089	123940691
chr11	125423701	125424333
chr11	125462242	125463559
chr11	126080710	126081818
chr11	129872151	129873942
chr11	134093704	134094621
chr12	685172	685691
chr12	2921570	2922345
chr12	3861148	3862462
chr12	4381245	4382412
chr12	6444841	6446020
chr12	6643035	6643880
chr12	6655223	6655576
chr12	6677057	6677722
chr12	6832884	6833810
chr12	7046947	7047541
chr12	7073521	7074717
chr12	7079427	7080338
chr12	9102006	9102971
chr12	10765969	10766524
chr12	10874251	10875417
chr12	12939541	12940396
chr12	14413394	14413846
chr12	21809783	21811089
chr12	25101436	25102335
chr12	28343077	28344555
chr12	31226530	31227544
chr12	31477008	31479578
chr12	31868114	31868810
chr12	44151692	44152917
chr12	46383469	46385033
chr12	46650174	46650607
chr12	46661397	46663039
chr12	49075459	49076468
chr12	49110137	49110972
chr12	49454392	49455089
chr12	49523518	49525662
chr12	49658581	49659604
chr12	49961446	49962471
chr12	50262742	50263216
chr12	50419061	50419736
chr12	50640962	50641379
chr12	50794325	50795453
chr12	51157251	51158158
chr12	51419464	51420539
chr12	51611798	51612960
chr12	53399774	53401256
chr12	53574151	53574986
chr12	53894407	53895557
chr12	54069461	54070208
chr12	54673088	54675318
chr12	54718322	54719835
chr12	54752854	54753731
chr12	56013397	56013794
chr12	56122772	56123668
chr12	56435352	56436135
chr12	56497927	56498491
chr12	56510093	56510805
chr12	56511617	56512185
chr12	56513149	56513578
chr12	56545490	56546423
chr12	56693330	56694599
chr12	56709675	56710337
chr12	56831428	56831802
chr12	56862030	56862723
chr12	57039016	57040270
chr12	57080966	57082648
chr12	57118514	57119481
chr12	57420957	57421344
chr12	57505076	57506504
chr12	57824717	57825227
chr12	57848329	57849064
chr12	57881522	57882078
chr12	58145422	58146580
chr12	58165319	58166835
chr12	62653385	62655090
chr12	62996069	62997654
chr12	64173304	64174426
chr12	64615475	64616461
chr12	64797791	64799183
chr12	64845371	64847066
chr12	66524277	66524834
chr12	67662350	67663489
chr12	69080282	69081011
chr12	69979031	69979875
chr12	72233228	72234403
chr12	82751897	82752711
chr12	88428964	88429882
chr12	93322819	93323777
chr12	93835545	93836297
chr12	93861016	93861745
chr12	93964532	93965543
chr12	94178134	94178595
chr12	94852958	94854503
chr12	95466627	95467737
chr12	95867464	95868153
chr12	96252465	96253380
chr12	98909052	98909605
chr12	101801358	101802110
chr12	104229452	104230097
chr12	104234783	104235804
chr12	104322591	104324497
chr12	104359302	104360154
chr12	104680296	104681670
chr12	104682374	104683007
chr12	106751326	106752553
chr12	107378413	107379533
chr12	108078777	108080189
chr12	109531014	109531527
chr12	109535134	109536051
chr12	110010780	110011589
chr12	110840960	110842149
chr12	110905866	110907344
chr12	111842164	111843620
chr12	112074103	112074772
chr12	112279483	112280107
chr12	112450530	112452300
chr12	112545719	112546874
chr12	112846809	112847672
chr12	113622369	113623694
chr12	114086896	114087684
chr12	114370602	114371531
chr12	114403893	114404498
chr12	117125730	117126102
chr12	117348478	117349002
chr12	117480027	117481168
chr12	118573583	118574131
chr12	118795042	118795725
chr12	120554534	120555132
chr12	120632272	120633349
chr12	120638429	120639301
chr12	120680021	120680482
chr12	120754925	120755797
chr12	120763231	120763660
chr12	120883886	120884765
chr12	121733791	121734544
chr12	121789680	121790562
chr12	122150305	122151608
chr12	122231805	122232502
chr12	122236034	122236665
chr12	122326234	122327338
chr12	122371238	122372271
chr12	122501811	122503179
chr12	122516041	122516728
chr12	122710377	122711254
chr12	122750808	122751321
chr12	123011063	123012034
chr12	123236985	123237606
chr12	123458903	123460111
chr12	123717357	123718610
chr12	123847911	123848533
chr12	124086144	124087031
chr12	124117955	124118619
chr12	125389110	125389665
chr12	125406036	125406794
chr12	125423822	125424906
chr12	125473446	125473831
chr12	127392463	127393053
chr12	131310363	131311275
chr12	131323664	131324757
chr12	131355133	131357566
chr12	132093488	132093923
chr12	132195143	132195772
chr12	132413435	132414221
chr12	132433993	132434671
chr12	132568357	132569062
chr12	132569376	132570183
chr12	132628666	132629177
chr13	21476047	21477142
chr13	21749967	21750992
chr13	24463383	24463799
chr13	26821742	26822172
chr13	27825240	27826150
chr13	27998393	27999217
chr13	30168396	30169471
chr13	31190957	31192313
chr13	31247674	31248701
chr13	31735866	31736706
chr13	32889436	32890420
chr13	36871559	36872319
chr13	39612089	39612890
chr13	41634292	41635942
chr13	42845787	42846189
chr13	45491701	45492776
chr13	45563263	45563846
chr13	45914552	45916083
chr13	47370243	47371679
chr13	48611482	48612515
chr13	50265401	50265943
chr13	50366733	50367453
chr13	50655986	50657126
chr13	51483699	51484935
chr13	52165161	52165620
chr13	52377613	52378903
chr13	53226146	53227256
chr13	73301654	73302393
chr13	73355746	73356578
chr13	76123341	76124117
chr13	79980022	79980986
chr13	91998856	92003697
chr13	95925623	95926975
chr13	95953622	95954669
chr13	99449030	99449398
chr13	99852649	99853110
chr13	100258586	100259367
chr13	101240540	101241322
chr13	101253199	101253908
chr13	108592465	108595326
chr13	111159220	111159949
chr13	111522345	111523037
chr13	113365938	113366597
chr13	114769950	114770686
chr13	114830254	114831455
chr14	20801015	20801520
chr14	20922730	20923820
chr14	20929524	20930275
chr14	21736543	21738317
chr14	21776564	21777354
chr14	21851391	21852786
chr14	21979006	21979839
chr14	23184256	23184952
chr14	23298864	23299244
chr14	23398200	23399062
chr14	23475822	23476711
chr14	23503813	23504809
chr14	23623301	23624034
chr14	23633427	23633843
chr14	23770561	23772257
chr14	24564457	24565117
chr14	24583014	24584577
chr14	24630123	24630590
chr14	24657392	24658294
chr14	31676759	31677717
chr14	35342561	35343419
chr14	35591037	35592194
chr14	50052596	50053425
chr14	50100307	50102043
chr14	50359005	50360082
chr14	50862982	50863669
chr14	58710601	58712163
chr14	58893383	58894742
chr14	59950221	59951331
chr14	60714709	60715879
chr14	64107951	64109319
chr14	64805196	64805957
chr14	64854459	64855349
chr14	65569095	65570374
chr14	66974118	66974968
chr14	67826425	67827448
chr14	69259554	69260330
chr14	69864725	69865513
chr14	73392648	73394056
chr14	73524838	73525723
chr14	74224971	74226262
chr14	74238200	74239021
chr14	74319235	74319696
chr14	77278487	77279458
chr14	77525757	77526298
chr14	77563857	77564766
chr14	77923740	77925150
chr14	78266225	78267135
chr14	78292215	78292834
chr14	81687303	81688346
chr14	90849339	90850061
chr14	91579908	91581138
chr14	91884223	91884751
chr14	91976616	91977391
chr14	93260119	93260753
chr14	93418256	93418605
chr14	96000589	96001388
chr14	96967735	96968859
chr14	102414216	102415071
chr14	102424020	102424374
chr14	102780454	102780909
chr14	103995277	103995887
chr14	104028813	104029539
chr14	105195560	105196273
chr14	105282275	105282751
chr14	105487406	105488354
chr14	105633664	105634384
chr15	23810537	23811380
chr15	27372780	27373392
chr15	31657967	31658359
chr15	34393930	34394740
chr15	34635059	34635728
chr15	34729900	34730364
chr15	35837604	35838781
chr15	38543602	38544682
chr15	40452699	40453876
chr15	40719339	40719837
chr15	40861276	40861962
chr15	41407334	41408155
chr15	41575745	41576459
chr15	41708535	41709317
chr15	41952425	41953336
chr15	41953640	41954374
chr15	42565220	42566789
chr15	43622254	43623104
chr15	43663275	43664049
chr15	44084023	44084933
chr15	44116669	44117230
chr15	44828668	44830324
chr15	44955167	44956231
chr15	45016478	45017070
chr15	45840884	45841508
chr15	45879088	45879743
chr15	48623305	48624632
chr15	49461971	49462919
chr15	49912850	49913418
chr15	50646897	50648082
chr15	50978216	50979433
chr15	55488655	55489530
chr15	57614095	57614815
chr15	58722105	58722551
chr15	59062686	59063603
chr15	60690209	60691287
chr15	60770897	60771931
chr15	63795324	63797031
chr15	64126132	64127269
chr15	64454913	64455746
chr15	64538949	64539374
chr15	65281693	65282571
chr15	65504428	65504811
chr15	65902859	65903763
chr15	66154977	66155379
chr15	66789313	66790683
chr15	66796752	66798100
chr15	66874317	66874835
chr15	67813035	67814179
chr15	68521524	68522674
chr15	69706307	69706890
chr15	69744285	69745971
chr15	70389876	70390501
chr15	70752254	70752889
chr15	74681736	74682496
chr15	75135431	75135943
chr15	75248472	75249020
chr15	75315327	75316728
chr15	75335300	75336428
chr15	75493690	75495374
chr15	75497008	75497460
chr15	75660098	75661174
chr15	75931702	75932982
chr15	76031027	76031618
chr15	76134974	76136095
chr15	78729717	78730640
chr15	78799344	78800100
chr15	79165199	79166362
chr15	79271949	79272404
chr15	80452778	80453365
chr15	81558172	81559114
chr15	83315791	83316521
chr15	83418709	83420055
chr15	83680284	83680852
chr15	83735413	83736260
chr15	85114155	85114529
chr15	85523435	85524768
chr15	89164173	89165731
chr15	89181961	89182390
chr15	89528725	89529663
chr15	89769798	89770206
chr15	89878024	89878835
chr15	90118034	90118930
chr15	90418258	90418572
chr15	90808601	90809634
chr15	91084066	91084402
chr15	91474460	91476055
chr15	91497874	91498787
chr15	93352035	93353429
chr15	93447122	93447919
chr15	96472469	96472988
chr15	96816723	96817373
chr15	99408593	99409056
chr15	101834882	101835724
chr16	102864	104052
chr16	231027	232020
chr16	374333	374785
chr16	455650	456112
chr16	629096	629455
chr16	686050	687035
chr16	691650	692575
chr16	731575	732153
chr16	769875	772291
chr16	778145	778918
chr16	1470546	1471100
chr16	1524761	1525584
chr16	1542743	1543599
chr16	1660567	1661235
chr16	1661816	1662503
chr16	1821451	1823668
chr16	2014570	2015336
chr16	2021733	2022251
chr16	2042105	2042900
chr16	2059603	2060708
chr16	2202672	2204428
chr16	2204719	2205873
chr16	2255101	2256132
chr16	2264912	2265620
chr16	2317817	2318590
chr16	2389394	2390035
chr16	2390654	2391237
chr16	2523939	2524520
chr16	2529358	2529843
chr16	2653131	2653924
chr16	2732145	2732656
chr16	2801576	2803348
chr16	2867228	2868245
chr16	3073895	3074560
chr16	3314172	3315109
chr16	3332765	3333641
chr16	3355165	3356004
chr16	3550733	3551096
chr16	3766521	3768048
chr16	4033038	4033437
chr16	4294310	4294744
chr16	4321089	4322597
chr16	4400751	4401697
chr16	4475307	4476830
chr16	4524111	4524933
chr16	4664608	4665123
chr16	4700493	4700810
chr16	4784064	4784866
chr16	5121619	5122509
chr16	8159189	8160309
chr16	8232737	8233436
chr16	8891084	8892354
chr16	9162104	9162636
chr16	11406434	11407094
chr16	11944919	11946109
chr16	14580224	14581137
chr16	15670703	15671462
chr16	15871685	15872042
chr16	16082046	16082772
chr16	17107028	17108013
chr16	18800730	18801946
chr16	19729131	19729739
chr16	20929957	20930532
chr16	21311820	21313052
chr16	21531333	21532103
chr16	22217187	22218223
chr16	22308194	22309993
chr16	22960010	22960503
chr16	23567891	23569457
chr16	23607269	23607883
chr16	23652066	23652959
chr16	23963476	23964341
chr16	25268749	25270204
chr16	27210053	27210645
chr16	27246358	27247019
chr16	27279838	27280402
chr16	28223166	28223861
chr16	28503212	28503811
chr16	28833438	28834537
chr16	28856625	28858346
chr16	28985698	28986266
chr16	29624623	29625322
chr16	29721662	29722057
chr16	29816553	29817189
chr16	29818824	29819601
chr16	29827115	29827836
chr16	30006740	30007616
chr16	30076358	30077343
chr16	30103792	30104249
chr16	30418354	30418852
chr16	30440931	30442151
chr16	30546196	30547552
chr16	30596844	30597496
chr16	30709260	30710833
chr16	30786573	30787537
chr16	30886133	30886869
chr16	30905514	30905891
chr16	31044059	31044942
chr16	31117057	31117449
chr16	31153113	31154106
chr16	31191203	31192241
chr16	31470239	31471596
chr16	50186272	50187067
chr16	50297055	50298579
chr16	53088238	53089938
chr16	53583865	53584238
chr16	56965438	56966133
chr16	57836354	57837444
chr16	58548798	58549831
chr16	58767780	58768467
chr16	66550610	66551107
chr16	66914067	66914957
chr16	67279812	67280985
chr16	67312641	67313578
chr16	67514871	67515764
chr16	67595946	67596670
chr16	67880402	67881233
chr16	67969226	67970161
chr16	68056333	68057656
chr16	68344448	68345464
chr16	69165921	69166966
chr16	69373260	69373927
chr16	69759991	69761162
chr16	69788099	69789053
chr16	70380529	70381079
chr16	70461848	70463046
chr16	70557247	70558335
chr16	70834926	70835416
chr16	72042314	72043092
chr16	74700342	74700992
chr16	75144992	75145478
chr16	75267755	75268192
chr16	75466870	75468285
chr16	75681115	75681892
chr16	81527158	81527657
chr16	81538494	81539123
chr16	83986327	83986960
chr16	84149733	84151335
chr16	84220350	84220953
chr16	84627495	84628345
chr16	84733424	84733998
chr16	85415511	85416482
chr16	85449936	85450325
chr16	85586953	85588220
chr16	85590434	85591353
chr16	85604242	85605192
chr16	87755150	87755771
chr16	87799041	87799865
chr16	87811273	87811917
chr16	87902688	87903400
chr16	88518840	88519349
chr16	88772581	88773156
chr16	88803757	88804236
chr16	88847452	88848602
chr16	88877509	88879061
chr16	88923347	88923700
chr16	89043396	89043970
chr16	89044870	89045749
chr16	89058201	89060098
chr16	89070473	89071085
chr16	89307189	89307879
chr16	89574263	89575020
chr16	89626671	89627575
chr16	89753006	89754015
chr16	89778108	89778512
chr16	89787212	89787766
chr16	89882927	89883378
chr17	654405	655814
chr17	685070	685820
chr17	899677	900760
chr17	1302846	1303704
chr17	1627797	1628434
chr17	1633560	1633943
chr17	1666181	1666823
chr17	1933227	1934217
chr17	2239051	2240180
chr17	2295628	2296352
chr17	2296657	2297340
chr17	2302855	2304101
chr17	2304336	2305461
chr17	2414667	2415487
chr17	2614165	2615470
chr17	3543315	3543901
chr17	3791713	3792406
chr17	4458039	4459016
chr17	4606984	4607782
chr17	4634574	4635335
chr17	4890570	4891208
chr17	5322742	5323715
chr17	5342065	5342752
chr17	5372010	5372559
chr17	7184572	7185050
chr17	7211188	7212390
chr17	7475596	7476364
chr17	7476797	7477414
chr17	7486699	7487604
chr17	7590629	7591075
chr17	7739870	7740403
chr17	7760355	7761480
chr17	7960897	7961327
chr17	8055694	8056126
chr17	8089500	8091389
chr17	8125367	8127282
chr17	8152297	8153083
chr17	8286137	8287235
chr17	12920591	12921794
chr17	13972583	13973250
chr17	16341597	16342592
chr17	17109202	17110269
chr17	17207651	17209170
chr17	17494531	17495396
chr17	17743066	17743836
chr17	21219856	21220322
chr17	25659721	25660631
chr17	25925371	25925733
chr17	26295155	26295678
chr17	26644800	26646492
chr17	26903772	26904441
chr17	27046290	27047730
chr17	27052060	27053542
chr17	27054984	27056108
chr17	27229318	27230554
chr17	27438836	27439180
chr17	30227977	30229070
chr17	32201518	32202147
chr17	33307206	33308410
chr17	33469105	33469539
chr17	33896456	33896819
chr17	33904754	33905982
chr17	34838421	34839137
chr17	34889914	34891729
chr17	34956793	34958637
chr17	34965211	34965586
chr17	35305480	35306899
chr17	35851138	35851743
chr17	36452796	36453204
chr17	36630898	36631309
chr17	36831158	36831680
chr17	36907911	36909442
chr17	36981330	36981971
chr17	37009062	37010381
chr17	37355992	37357541
chr17	37806267	37806742
chr17	38225076	38225456
chr17	38254979	38256077
chr17	38256521	38257668
chr17	38264403	38264896
chr17	38267521	38268316
chr17	38269371	38270110
chr17	39844352	39846455
chr17	39894245	39894669
chr17	40074886	40075978
chr17	40264639	40265009
chr17	40273209	40273690
chr17	40333177	40333694
chr17	40463517	40465188
chr17	40469371	40469794
chr17	40687901	40688908
chr17	40984759	40985696
chr17	41116169	41116736
chr17	41150007	41150944
chr17	41481244	41481656
chr17	42147571	42148582
chr17	42401997	42402464
chr17	42404197	42404574
chr17	42976329	42977224
chr17	43137846	43139238
chr17	44054297	44054957
chr17	44270697	44271818
chr17	45569709	45570244
chr17	45726403	45727428
chr17	45727806	45728386
chr17	46018386	46019279
chr17	46124880	46126034
chr17	46969501	46970565
chr17	47072137	47074045
chr17	47269067	47270549
chr17	47491840	47492800
chr17	47831404	47831793
chr17	48439256	48439746
chr17	48450085	48450801
chr17	48555940	48557177
chr17	48718097	48718746
chr17	48796458	48797386
chr17	49230516	49231729
chr17	49243249	49244854
chr17	49337381	49338634
chr17	53315546	53316009
chr17	55162228	55163175
chr17	55926963	55927722
chr17	56083691	56085558
chr17	56327037	56327588
chr17	57367515	57368306
chr17	57642581	57643097
chr17	57696426	57697369
chr17	57784363	57785243
chr17	58469283	58470776
chr17	61850568	61851828
chr17	61904198	61905154
chr17	61926106	61927415
chr17	62083958	62084449
chr17	62222932	62225754
chr17	62492714	62493617
chr17	62502168	62503298
chr17	64341972	64342459
chr17	65713597	65714633
chr17	66031351	66032466
chr17	66287223	66287859
chr17	72199574	72200146
chr17	72772240	72772646
chr17	72956801	72957250
chr17	73008585	73009029
chr17	73029793	73031687
chr17	73256966	73258072
chr17	73284875	73286434
chr17	73780312	73781668
chr17	73892465	73893087
chr17	74068533	74068933
chr17	74178221	74178677
chr17	74381825	74382938
chr17	74502445	74502850
chr17	74553095	74554964
chr17	74722514	74723473
chr17	74732486	74734488
chr17	75084516	75085069
chr17	75118585	75119034
chr17	75316696	75317376
chr17	76025819	76026137
chr17	76182946	76183675
chr17	76210025	76210489
chr17	76836707	76837559
chr17	77290662	77290975
chr17	78518421	78519060
chr17	78549146	78549560
chr17	79197067	79197397
chr17	79367665	79368180
chr17	79438874	79439563
chr17	79448337	79448643
chr17	79519221	79520413
chr17	79670190	79671451
chr17	79678779	79679324
chr17	79779635	79780103
chr17	79818253	79819186
chr17	79829168	79830157
chr17	79849319	79850000
chr17	79894962	79895529
chr17	79935141	79935722
chr17	79989910	79990435
chr17	80055906	80057275
chr17	80245786	80246359
chr17	80302963	80303616
chr17	80415771	80416751
chr17	80452073	80452944
chr17	80476888	80477625
chr18	158106	158924
chr18	267823	268312
chr18	657304	657781
chr18	711533	712009
chr18	2654877	2656362
chr18	3246661	3248075
chr18	3447680	3448627
chr18	3596529	3597139
chr18	3623730	3625373
chr18	3652672	3653357
chr18	9016947	9018140
chr18	9073594	9074045
chr18	9135740	9136968
chr18	9803360	9804199
chr18	9876995	9877700
chr18	9914973	9915406
chr18	12376165	12378030
chr18	12407693	12408165
chr18	12883595	12884291
chr18	12946836	12948845
chr18	12990123	12991940
chr18	13726066	13726887
chr18	19180203	19181109
chr18	19192026	19192832
chr18	20512747	20514250
chr18	21017504	21018223
chr18	23806041	23808141
chr18	28256007	28256476
chr18	29522908	29523848
chr18	29671622	29673802
chr18	33076962	33078254
chr18	33647204	33647883
chr18	33708848	33710333
chr18	43677828	43678760
chr18	46307634	46308216
chr18	46986870	46987413
chr18	47018215	47019030
chr18	47951521	47951991
chr18	51795553	51796398
chr18	55250486	55250948
chr18	55297337	55297753
chr18	60193556	60194330
chr18	71814944	71816150
chr18	72163043	72164099
chr18	72166436	72167287
chr18	77747685	77748789
chr18	77794332	77794970
chr19	574703	575214
chr19	796781	797967
chr19	924176	925755
chr19	984085	984572
chr19	1042182	1042718
chr19	1044413	1045551
chr19	1268888	1270034
chr19	1275374	1276355
chr19	1383264	1384006
chr19	1406958	1407616
chr19	1438029	1438761
chr19	1479096	1479747
chr19	1503384	1503806
chr19	1592050	1592569
chr19	1604823	1606143
chr19	1672298	1672698
chr19	1864044	1865065
chr19	1897525	1898019
chr19	2059442	2060169
chr19	2151272	2152112
chr19	2236176	2237061
chr19	2328316	2328749
chr19	2426761	2428097
chr19	2739054	2739553
chr19	2749181	2749507
chr19	2783245	2783832
chr19	2977188	2978099
chr19	3108697	3109099
chr19	3360476	3361327
chr19	3520205	3521276
chr19	3557644	3558368
chr19	3984750	3985641
chr19	3990217	3990583
chr19	4246694	4247231
chr19	4326969	4327561
chr19	4328411	4328964
chr19	4374529	4376166
chr19	4638915	4639280
chr19	4809615	4809961
chr19	4815572	4816076
chr19	5090858	5091593
chr19	5679988	5680966
chr19	5689872	5690836
chr19	5719973	5720952
chr19	5773694	5774074
chr19	5790449	5791519
chr19	5803596	5804240
chr19	5903359	5904741
chr19	6280002	6280485
chr19	6429500	6430228
chr19	6753302	6753942
chr19	7967786	7969850
chr19	8008357	8009345
chr19	8115257	8116106
chr19	8372352	8373611
chr19	8386075	8386865
chr19	8482834	8483461
chr19	8570707	8571310
chr19	8942882	8943539
chr19	9694773	9695403
chr19	10138389	10138767
chr19	10206612	10207498
chr19	10216765	10217406
chr19	10304788	10305998
chr19	10362414	10363293
chr19	10381561	10382070
chr19	10397517	10398734
chr19	10399363	10401083
chr19	10445002	10445816
chr19	10530108	10531109
chr19	10613046	10614306
chr19	10675920	10676839
chr19	10679653	10680540
chr19	10764275	10765764
chr19	10811859	10812792
chr19	10946162	10947570
chr19	10949815	10950200
chr19	10989797	10990295
chr19	11593267	11593752
chr19	12655186	12655617
chr19	12791853	12792891
chr19	12833365	12833889
chr19	12834102	12835057
chr19	12995554	12996465
chr19	13001392	13002374
chr19	13044160	13044874
chr19	13056317	13057378
chr19	13096027	13096494
chr19	13180434	13180876
chr19	13227256	13227955
chr19	13262318	13264111
chr19	14528956	14529347
chr19	14529726	14530649
chr19	14887263	14887958
chr19	15488714	15491372
chr19	15529379	15530866
chr19	15543388	15543798
chr19	16695084	16695761
chr19	17000851	17001647
chr19	17185827	17186566
chr19	17325735	17326797
chr19	17346352	17346845
chr19	17447354	17449066
chr19	17530432	17530905
chr19	17665928	17666931
chr19	17716777	17717522
chr19	17970270	17971457
chr19	18043257	18044085
chr19	18111763	18112204
chr19	18267925	18268287
chr19	18429042	18429400
chr19	18433120	18434378
chr19	18484589	18485667
chr19	18526996	18528550
chr19	18682252	18682798
chr19	18699453	18701010
chr19	19029589	19030946
chr19	19144286	19145456
chr19	19170608	19171337
chr19	19216237	19216580
chr19	19471883	19472286
chr19	19773982	19774904
chr19	28284019	28285092
chr19	29036958	29037737
chr19	29097313	29098343
chr19	30096657	30097382
chr19	30384523	30384962
chr19	30432676	30433968
chr19	32896169	32897046
chr19	33071870	33072883
chr19	33162712	33163150
chr19	33182066	33182895
chr19	34286395	34287221
chr19	34662580	34663618
chr19	34894986	34895879
chr19	35203547	35203917
chr19	35224362	35225665
chr19	35657396	35658308
chr19	35738410	35739942
chr19	36036013	36037052
chr19	36605051	36606216
chr19	36705253	36706429
chr19	37063816	37064439
chr19	38613229	38613773
chr19	39109337	39110057
chr19	39339456	39340328
chr19	39340557	39342779
chr19	39353194	39353588
chr19	39420827	39422019
chr19	39926338	39927009
chr19	39997535	39998249
chr19	40336360	40337904
chr19	40476386	40477248
chr19	40970283	40972459
chr19	41107971	41108734
chr19	41168634	41169192
chr19	41255411	41257890
chr19	41328573	41329136
chr19	41769439	41770487
chr19	41902869	41903897
chr19	42363393	42364820
chr19	42579280	42580363
chr19	42733549	42734341
chr19	42746722	42747743
chr19	42748521	42749298
chr19	42756818	42757804
chr19	42806083	42807201
chr19	44258502	44259943
chr19	44278477	44279198
chr19	45393545	45395145
chr19	45582156	45582736
chr19	45681336	45682337
chr19	45908586	45910284
chr19	45926697	45927842
chr19	45953285	45953774
chr19	46087315	46088531
chr19	46194795	46196160
chr19	46242692	46243170
chr19	46498138	46499054
chr19	47049814	47050162
chr19	47289450	47290794
chr19	47291519	47292247
chr19	47362998	47364151
chr19	47612970	47613559
chr19	47633680	47634268
chr19	47852092	47853106
chr19	48829147	48829620
chr19	48837187	48837588
chr19	48948592	48949811
chr19	49122039	49123065
chr19	49136587	49137114
chr19	49140599	49141752
chr19	49468000	49469529
chr19	49496501	49497334
chr19	49588186	49589204
chr19	49654463	49655314
chr19	49990396	49991128
chr19	49999108	49999908
chr19	50036562	50037674
chr19	50179551	50181443
chr19	50379158	50381474
chr19	50393072	50393817
chr19	50432495	50433456
chr19	50877828	50878309
chr19	50886628	50888215
chr19	50917999	50918349
chr19	51014422	51014888
chr19	51227558	51228650
chr19	51231526	51231962
chr19	51307006	51308521
chr19	51610992	51612163
chr19	52050908	52051885
chr19	53228308	53229181
chr19	54618603	54619323
chr19	54704328	54705379
chr19	54711874	54712512
chr19	54959509	54960756
chr19	55727492	55728833
chr19	55919075	55920022
chr19	55972394	55973956
chr19	55987277	55988028
chr19	56151312	56152400
chr19	56166356	56167362
chr19	56320798	56321178
chr19	56631628	56632142
chr19	57790881	57792683
chr19	57946271	57947038
chr19	58193097	58193784
chr19	58330771	58331363
chr19	58838109	58839058
chr19	58873424	58874483
chr19	58897578	58899424
chr2	677175	677840
chr2	3381274	3382103
chr2	3605693	3606749
chr2	3622587	3623171
chr2	3652714	3653333
chr2	8665597	8666696
chr2	9034200	9034817
chr2	9695536	9696266
chr2	10183347	10184566
chr2	10260291	10261362
chr2	10587967	10589454
chr2	10829444	10830311
chr2	11919201	11919670
chr2	12417165	12418103
chr2	15731119	15732142
chr2	20549862	20551544
chr2	21022534	21023094
chr2	25015637	25016506
chr2	25445503	25446044
chr2	26991851	26992297
chr2	27304025	27304538
chr2	27309294	27309814
chr2	27315420	27315930
chr2	27439960	27440872
chr2	27545714	27546244
chr2	27578922	27580359
chr2	27593091	27594595
chr2	27632163	27632808
chr2	27805475	27806672
chr2	28113907	28114329
chr2	28582129	28582643
chr2	29092964	29093823
chr2	29117230	29118864
chr2	32235849	32236449
chr2	32390535	32391591
chr2	32581575	32582380
chr2	32852660	32853636
chr2	33823673	33825097
chr2	37458035	37459102
chr2	38603454	38604514
chr2	38977415	38979420
chr2	39351051	39351932
chr2	40005928	40006591
chr2	43452243	43453548
chr2	43453799	43454621
chr2	43822492	43823773
chr2	44222509	44223702
chr2	44588179	44589180
chr2	46566968	46567596
chr2	47099074	47099472
chr2	47402922	47404412
chr2	48542370	48543435
chr2	54784763	54785694
chr2	54801516	54802422
chr2	55275695	55276802
chr2	55367602	55368172
chr2	55458882	55460461
chr2	55495663	55496663
chr2	55844611	55845389
chr2	55920599	55921263
chr2	61035341	61035986
chr2	61763560	61764452
chr2	61765205	61766711
chr2	62115297	62116055
chr2	62531606	62532379
chr2	63651888	63652320
chr2	65454089	65455120
chr2	68384265	68385453
chr2	68452334	68452716
chr2	68479544	68480201
chr2	68589123	68589519
chr2	70056237	70057011
chr2	70141186	70142201
chr2	70202431	70203623
chr2	70313157	70315592
chr2	70362906	70363602
chr2	70368998	70370260
chr2	70520398	70521073
chr2	71356762	71358080
chr2	73441121	73441956
chr2	73459685	73461959
chr2	73487450	73487808
chr2	74153726	74154281
chr2	74211610	74212180
chr2	74425303	74426512
chr2	74692273	74692756
chr2	74756152	74757281
chr2	75061819	75062804
chr2	75185266	75186353
chr2	75937433	75938380
chr2	85645355	85645868
chr2	85764917	85767971
chr2	86332376	86333807
chr2	86416536	86417500
chr2	86421824	86423232
chr2	86667531	86668405
chr2	88990544	88991855
chr2	95830845	95832069
chr2	96873862	96874927
chr2	96931669	96932409
chr2	96971016	96972469
chr2	97001467	97002154
chr2	97589650	97590448
chr2	99770962	99772134
chr2	99952390	99954847
chr2	101179038	101179737
chr2	101618325	101619328
chr2	101924636	101925688
chr2	102680674	102681441
chr2	103251208	103252017
chr2	109335511	109336199
chr2	110969745	110970370
chr2	111877995	111879262
chr2	112456353	112457080
chr2	112641105	112642442
chr2	113032874	113034207
chr2	113299480	113300701
chr2	113357487	113358025
chr2	113402722	113403591
chr2	113463648	113464207
chr2	118571934	118572865
chr2	119981028	119981761
chr2	120980447	120981257
chr2	122353826	122354633
chr2	122494045	122494890
chr2	122512793	122513675
chr2	122893005	122893461
chr2	127065612	127066526
chr2	127414565	127415732
chr2	128283825	128285112
chr2	128458039	128459154
chr2	128848443	128849159
chr2	130938890	130939937
chr2	131099551	131100902
chr2	131862033	131863076
chr2	132249827	132250858
chr2	133021802	133031934
chr2	135675545	135676890
chr2	136287874	136289675
chr2	136742286	136743673
chr2	138786071	138786677
chr2	145340078	145341199
chr2	152117708	152118871
chr2	152266090	152267412
chr2	153573492	153575760
chr2	157197375	157198593
chr2	158117034	158118452
chr2	162164681	162165434
chr2	168797317	168798038
chr2	169312320	169313203
chr2	169630001	169631032
chr2	169708157	169708934
chr2	169868673	169869091
chr2	170429642	170430629
chr2	170440555	170441619
chr2	170654967	170656448
chr2	170680798	170681760
chr2	170696426	170697043
chr2	171508237	171508558
chr2	171785308	171785973
chr2	171829792	171830395
chr2	172289550	172291459
chr2	172750315	172751350
chr2	172864443	172866003
chr2	174218882	174220329
chr2	175112693	175113984
chr2	176032005	176033520
chr2	178076008	178078404
chr2	178128075	178128993
chr2	178129280	178130403
chr2	178257002	178257742
chr2	179138380	179139018
chr2	179343012	179344134
chr2	183988641	183989978
chr2	187350175	187352065
chr2	190305581	190306648
chr2	190648795	190649776
chr2	191746174	191747030
chr2	191884900	191885895
chr2	192543262	192544026
chr2	196522754	196523537
chr2	198363722	198365618
chr2	198569628	198570399
chr2	200715413	200716193
chr2	201728777	201729671
chr2	203130283	203131069
chr2	203776006	203777095
chr2	203815339	203815700
chr2	203830487	203830967
chr2	207024026	207025082
chr2	208489938	208490956
chr2	216176507	216177348
chr2	216658409	216658808
chr2	216973643	216974344
chr2	217363090	217364166
chr2	217957520	217957923
chr2	219524155	219524721
chr2	220159418	220160140
chr2	220378827	220379534
chr2	223519731	223521424
chr2	224588610	224589138
chr2	225266429	225267054
chr2	227700055	227701359
chr2	228189650	228190113
chr2	228315543	228316477
chr2	232328087	232329884
chr2	232378801	232380050
chr2	232571555	232572309
chr2	232574836	232575274
chr2	233956204	233956745
chr2	236981892	236982242
chr2	239147615	239147965
chr2	239197073	239198219
chr2	240007932	240008575
chr2	240323019	240323934
chr2	241499148	241499858
chr2	241500156	241500805
chr2	241523862	241524481
chr2	242448014	242448486
chr2	242626122	242627022
chr2	242640670	242641528
chr2	242823280	242824862
chr20	304902	305424
chr20	307708	308144
chr20	632592	633431
chr20	2450785	2451691
chr20	2632367	2633868
chr20	2853232	2854369
chr20	3190024	3190981
chr20	5930931	5931576
chr20	13765348	13766393
chr20	17517613	17517993
chr20	17949049	17950778
chr20	21283589	21284593
chr20	23330638	23332159
chr20	23342015	23342773
chr20	25603735	25605001
chr20	30102052	30102504
chr20	30134923	30135717
chr20	30192826	30193485
chr20	30194910	30195665
chr20	30697128	30697769
chr20	31219558	31220942
chr20	31352061	31352916
chr20	32503454	32503854
chr20	32673302	32673908
chr20	32699634	32700464
chr20	32890275	32891502
chr20	33264459	33265251
chr20	33680494	33681161
chr20	33871841	33872866
chr20	34252371	34253160
chr20	34329386	34330756
chr20	34542182	34542766
chr20	35917847	35918550
chr20	36034778	36035258
chr20	36479121	36479567
chr20	36661220	36662443
chr20	37062831	37064317
chr20	37518479	37518932
chr20	37590383	37591545
chr20	39656340	39657607
chr20	42085933	42087176
chr20	42839212	42839814
chr20	43588851	43589564
chr20	43594756	43595229
chr20	45312482	45313371
chr20	45984680	45986704
chr20	47662594	47663691
chr20	47894511	47895980
chr20	48595471	48596008
chr20	48598703	48599695
chr20	48808787	48809172
chr20	49115961	49116416
chr20	49547929	49548722
chr20	50211328	50211946
chr20	51791929	51792333
chr20	54967079	54968004
chr20	54986790	54987974
chr20	55964312	55965315
chr20	56099568	56100300
chr20	57555988	57556804
chr20	60100924	60101304
chr20	60696478	60697491
chr20	60721097	60721586
chr20	60757541	60758251
chr20	60961737	60962995
chr20	61273371	61273978
chr20	61568607	61569449
chr20	62258459	62258987
chr20	62259560	62260054
chr20	62496221	62496833
chr20	62587139	62588191
chr20	62612145	62612630
chr21	11098499	11099220
chr21	22519062	22519691
chr21	27107075	27108004
chr21	30256831	30257940
chr21	30374815	30375421
chr21	30391296	30391895
chr21	30396687	30397856
chr21	30445275	30446450
chr21	33031558	33032282
chr21	33104216	33105541
chr21	33764507	33766152
chr21	33984571	33985429
chr21	34143817	34144656
chr21	34696649	34697571
chr21	34913597	34915986
chr21	35402416	35402836
chr21	35747408	35748316
chr21	36260182	36262709
chr21	36478404	36479051
chr21	37432230	37433090
chr21	38361856	38362898
chr21	38444983	38446435
chr21	38593435	38593952
chr21	38639578	38640676
chr21	38935359	38937750
chr21	40177086	40177997
chr21	40555091	40556479
chr21	40685432	40685971
chr21	43297951	43298915
chr21	43374084	43374893
chr21	43967204	43967807
chr21	44298672	44299990
chr21	44312715	44313839
chr21	44393657	44394882
chr21	44494765	44496004
chr21	44496396	44497398
chr21	44526865	44527960
chr21	45079080	45079981
chr21	45138624	45139216
chr21	45148153	45148844
chr21	45187971	45188671
chr21	45209042	45210198
chr21	45341784	45342550
chr21	45431617	45432322
chr21	45526976	45527703
chr21	45553015	45553791
chr21	45759028	45759583
chr21	45937210	45937615
chr21	46220984	46222714
chr21	46359561	46360798
chr21	46558501	46558864
chr21	46961447	46961943
chr21	46962197	46962554
chr21	47648097	47649376
chr21	47705629	47706747
chr21	47877768	47879006
chr22	17081825	17082974
chr22	17639340	17640312
chr22	18560410	18561060
chr22	19158659	19159444
chr22	19165999	19167261
chr22	19417682	19418912
chr22	19419166	19420409
chr22	19466665	19467681
chr22	19705316	19706197
chr22	19710555	19711190
chr22	19718058	19718766
chr22	19802791	19803381
chr22	19841566	19843741
chr22	19879068	19879537
chr22	19928289	19930657
chr22	20004133	20004768
chr22	20012782	20013440
chr22	20067218	20069104
chr22	20072195	20073044
chr22	20104377	20105890
chr22	20747982	20748901
chr22	20850175	20851139
chr22	20911515	20911989
chr22	21211247	21214065
chr22	21221499	21222453
chr22	21271088	21272555
chr22	21335951	21336876
chr22	21355058	21357241
chr22	21392095	21392519
chr22	21982327	21984629
chr22	21995601	21997877
chr22	22005251	22006788
chr22	22020020	22020828
chr22	22067162	22067860
chr22	22108691	22109724
chr22	22221956	22222683
chr22	22292306	22293281
chr22	22862704	22863598
chr22	22901290	22901978
chr22	23008931	23009366
chr22	23565269	23566694
chr22	23592902	23594553
chr22	24109729	24110727
chr22	24180976	24181561
chr22	24236018	24237935
chr22	24407405	24408240
chr22	25843669	25844140
chr22	26879622	26880635
chr22	27054826	27055243
chr22	29137551	29138161
chr22	29197921	29198578
chr22	29876657	29877375
chr22	29949617	29950086
chr22	30604609	30605273
chr22	30987662	30988352
chr22	31364301	31365565
chr22	31459936	31460486
chr22	31480599	31481409
chr22	32026386	32027281
chr22	32339791	32340782
chr22	32928570	32928947
chr22	35608022	35608417
chr22	35767854	35768332
chr22	35772656	35773302
chr22	36902828	36903761
chr22	36924641	36925699
chr22	37595017	37595962
chr22	37957712	37958208
chr22	38004231	38004844
chr22	38082190	38082986
chr22	38245200	38245961
chr22	38662052	38662472
chr22	38714212	38714694
chr22	39715070	39716324
chr22	39868865	39869718
chr22	39886184	39886720
chr22	39898123	39898532
chr22	39915704	39917221
chr22	40742043	40743190
chr22	41347125	41348009
chr22	41681429	41682911
chr22	41864310	41865536
chr22	41939789	41940767
chr22	42342219	42343457
chr22	42665564	42665980
chr22	44350942	44351411
chr22	44419577	44420084
chr22	45659621	45660034
chr22	45709862	45710536
chr22	46518318	46518689
chr22	47157964	47158754
chr22	50353453	50354526
chr22	50364217	50364849
chr22	50541429	50541791
chr22	50657778	50658155
chr22	50683204	50683717
chr22	50963558	50965083
chr3	3168250	3169690
chr3	4344819	4345684
chr3	4508473	4509185
chr3	4534709	4535276
chr3	4855884	4857130
chr3	4909835	4910863
chr3	5018969	5021346
chr3	5036199	5037049
chr3	5058187	5058807
chr3	9404406	9405234
chr3	9437727	9438982
chr3	9932158	9932914
chr3	9975119	9975683
chr3	10028127	10029332
chr3	10157012	10157617
chr3	10289746	10291390
chr3	11887623	11888578
chr3	12525554	12526789
chr3	12598273	12599096
chr3	12704950	12706015
chr3	12882324	12883550
chr3	12909509	12910168
chr3	13025593	13026298
chr3	13036243	13037407
chr3	13460345	13461990
chr3	14165513	14166640
chr3	14273890	14274640
chr3	14443720	14445132
chr3	14473447	14474133
chr3	15106432	15107085
chr3	15346788	15347448
chr3	15901312	15902292
chr3	16305679	16307123
chr3	16360834	16361258
chr3	17734601	17735270
chr3	23958182	23959582
chr3	23987223	23988055
chr3	24227246	24227723
chr3	25831091	25832066
chr3	28282717	28283683
chr3	31573097	31574612
chr3	33481107	33482805
chr3	33942215	33942961
chr3	37033987	37035578
chr3	37284446	37284891
chr3	38034956	38036147
chr3	38038216	38038730
chr3	38039858	38040482
chr3	38206032	38207398
chr3	38388024	38388840
chr3	38691221	38691991
chr3	38765426	38765910
chr3	39424613	39425994
chr3	39447715	39448992
chr3	40494123	40495084
chr3	40498496	40499813
chr3	42623230	42624252
chr3	43731912	43732656
chr3	44379479	44380526
chr3	44802968	44803860
chr3	45017612	45018380
chr3	45079220	45079623
chr3	45634605	45635801
chr3	47017732	47018740
chr3	47028760	47029655
chr3	47323798	47324859
chr3	47421953	47422880
chr3	47516786	47517685
chr3	47554666	47555534
chr3	47563616	47564192
chr3	47822588	47823736
chr3	47912870	47913290
chr3	48130220	48131107
chr3	48281593	48282846
chr3	48342654	48343190
chr3	48487664	48488517
chr3	48700314	48701781
chr3	49058689	49060115
chr3	49066585	49067049
chr3	49377357	49378371
chr3	49711036	49711990
chr3	49966839	49967701
chr3	49977194	49978110
chr3	50329076	50330221
chr3	50563397	50563811
chr3	50577024	50577720
chr3	50627976	50628693
chr3	51533228	51534437
chr3	51703200	51703590
chr3	51975687	51976527
chr3	52007728	52008185
chr3	52016669	52017715
chr3	52029360	52030148
chr3	52188627	52189110
chr3	52719832	52720756
chr3	57541568	57542257
chr3	57582970	57583991
chr3	58147406	58147938
chr3	60262974	60264012
chr3	61235598	61236729
chr3	65485978	65486640
chr3	67048015	67048790
chr3	97690608	97691278
chr3	99535948	99537141
chr3	100119409	100120634
chr3	101280452	101281117
chr3	101395821	101396413
chr3	101405027	101405821
chr3	101546342	101547067
chr3	112737890	112738873
chr3	113464873	113466107
chr3	113775291	113775867
chr3	115502725	115503069
chr3	119187312	119188202
chr3	119217062	119217729
chr3	122101777	122102327
chr3	122134672	122135582
chr3	122282919	122283751
chr3	122512274	122512960
chr3	122785536	122786220
chr3	123303801	123304798
chr3	124269267	124269621
chr3	124449045	124449825
chr3	126704855	126705240
chr3	127309639	127310468
chr3	127316975	127317696
chr3	127842192	127843095
chr3	128131682	128132614
chr3	128399405	128400304
chr3	128597744	128598643
chr3	128901964	128903005
chr3	129166983	129167580
chr3	129612583	129613113
chr3	131221348	131221972
chr3	133524474	133525235
chr3	134203823	134205683
chr3	135914839	135916133
chr3	135968985	135970356
chr3	139238909	139239323
chr3	140660277	140660903
chr3	141030205	141031059
chr3	141088885	141089396
chr3	141456737	141457525
chr3	141998751	141999212
chr3	142297149	142298011
chr3	142719881	142721446
chr3	148803415	148804769
chr3	150264130	150265156
chr3	155052572	155053037
chr3	155572016	155573060
chr3	156271536	156272169
chr3	156391721	156392599
chr3	156825434	156825912
chr3	156877770	156878818
chr3	156892366	156893287
chr3	158362135	158362726
chr3	158508809	158509456
chr3	160167093	160168316
chr3	160283363	160284140
chr3	167813459	167814563
chr3	169489772	169491586
chr3	170587188	170588480
chr3	176915103	176916092
chr3	177076118	177078077
chr3	179040291	179041320
chr3	183602469	183602932
chr3	183735413	183736312
chr3	183851541	183853697
chr3	183903261	183904210
chr3	183966026	183968365
chr3	184032063	184033035
chr3	184080617	184081510
chr3	185531391	185532095
chr3	185654755	185656183
chr3	186500779	186502390
chr3	186524084	186525108
chr3	186648832	186649221
chr3	193310664	193311509
chr3	193720893	193721930
chr3	193852677	193853098
chr3	193854905	193856113
chr3	193973039	193974221
chr3	194030630	194031055
chr3	194990662	194992817
chr3	195283219	195283588
chr3	195681223	195681597
chr3	195807896	195809242
chr3	195835047	195835698
chr3	196064259	196065675
chr3	196245962	196246408
chr3	196295268	196295704
chr3	196668638	196669803
chr3	197676594	197677668
chr3	197686405	197688107
chr4	50522	52490
chr4	52751	56305
chr4	775362	776223
chr4	1037386	1038094
chr4	1713842	1715023
chr4	1857571	1858646
chr4	1872124	1872715
chr4	2964502	2965411
chr4	4291552	4292124
chr4	6988235	6989452
chr4	7069120	7070951
chr4	17578431	17579497
chr4	17812010	17812753
chr4	18023113	18024216
chr4	20701602	20702256
chr4	22998978	22999400
chr4	24585058	24586623
chr4	25915776	25916351
chr4	37827750	37828413
chr4	38321455	38321962
chr4	38530708	38531191
chr4	38622648	38623275
chr4	39459879	39461195
chr4	39699282	39700351
chr4	39979327	39979957
chr4	41936962	41938108
chr4	44680122	44680972
chr4	47915876	47917088
chr4	52710738	52711368
chr4	53578175	53579455
chr4	53580794	53581654
chr4	54231879	54232544
chr4	56212050	56213052
chr4	57253215	57254192
chr4	57300927	57302845
chr4	68566848	68567267
chr4	71553512	71554818
chr4	71570907	71571618
chr4	71705003	71705741
chr4	73433577	73436048
chr4	73934279	73936095
chr4	73969893	73970245
chr4	75023345	75024393
chr4	76597685	76599058
chr4	76649090	76650592
chr4	76911723	76912356
chr4	77008238	77008637
chr4	77068798	77070043
chr4	77869430	77871133
chr4	78783637	78784430
chr4	83293728	83294640
chr4	83294890	83295814
chr4	83349899	83352385
chr4	83812020	83812740
chr4	83821250	83822502
chr4	88343414	88344206
chr4	89977901	89978627
chr4	95128614	95129442
chr4	99849162	99851041
chr4	99916322	99917449
chr4	100484126	100485343
chr4	100870184	100872534
chr4	103266505	103266955
chr4	103748007	103749858
chr4	103789746	103791308
chr4	103997284	103998036
chr4	107236766	107238006
chr4	109541362	109542281
chr4	109571354	109571992
chr4	110095316	110095792
chr4	110106812	110107509
chr4	110736330	110737381
chr4	111118797	111120463
chr4	119199539	119200822
chr4	119757231	119757983
chr4	120987316	120988855
chr4	123843276	123844667
chr4	128981885	128982632
chr4	129209000	129209696
chr4	129731676	129732709
chr4	135248422	135248869
chr4	139162742	139163915
chr4	139935848	139937349
chr4	140003893	140005553
chr4	140098739	140099725
chr4	140216774	140217160
chr4	140221800	140223102
chr4	140374147	140375611
chr4	146018880	146020352
chr4	146539832	146541041
chr4	151935304	151937892
chr4	152020303	152021488
chr4	154386628	154388127
chr4	154439793	154440267
chr4	159643374	159645101
chr4	164087803	164088660
chr4	164415414	164416406
chr4	173920173	173920671
chr4	174089012	174089981
chr4	185654424	185655792
chr4	186124516	186125539
chr4	186280913	186281429
chr4	186316957	186318179
chr4	187421739	187422610
chr4	187679964	187680763
chr4	187761809	187762478
chr5	271336	272002
chr5	472886	473315
chr5	891268	893250
chr5	1199943	1200535
chr5	1800616	1801789
chr5	5421323	5422740
chr5	6632772	6633903
chr5	6712700	6713448
chr5	7868590	7869499
chr5	10249425	10251180
chr5	10353118	10354044
chr5	10504114	10504626
chr5	10627767	10628356
chr5	16418510	16419024
chr5	33440482	33442209
chr5	34914692	34916940
chr5	36241684	36242645
chr5	37370807	37371983
chr5	40755874	40756490
chr5	40797407	40799166
chr5	40834218	40836523
chr5	41925044	41926128
chr5	43042538	43043559
chr5	43064804	43065338
chr5	43120620	43121919
chr5	43483390	43484757
chr5	44808717	44810345
chr5	54603453	54604598
chr5	56205115	56206587
chr5	60240702	60242106
chr5	61557321	61557875
chr5	61601155	61602496
chr5	61699149	61700125
chr5	61708216	61709104
chr5	65017901	65019231
chr5	65439427	65441049
chr5	67718947	67719427
chr5	67723951	67724571
chr5	68462541	68463192
chr5	68484821	68486018
chr5	68665101	68665848
chr5	70882130	70883321
chr5	71603827	71604666
chr5	71615649	71616636
chr5	72793766	72794797
chr5	72861183	72862007
chr5	74062700	74063610
chr5	75012814	75013559
chr5	75700019	75700665
chr5	76145389	76146091
chr5	77655703	77656808
chr5	77779293	77780299
chr5	78642245	78642633
chr5	81573629	81574653
chr5	82769385	82769962
chr5	86707723	86708258
chr5	89769159	89771095
chr5	90628007	90628549
chr5	94890173	94891506
chr5	94982288	94983126
chr5	96518686	96519782
chr5	102454978	102457038
chr5	102594090	102595908
chr5	103514754	103515180
chr5	108062881	108064658
chr5	110427660	110428770
chr5	111496305	111497202
chr5	112196541	112197292
chr5	114961511	114962162
chr5	115176849	115177879
chr5	115420627	115421346
chr5	118405903	118407293
chr5	118665447	118666894
chr5	121297375	121297997
chr5	123272957	123273316
chr5	126199771	126200289
chr5	127418372	127419635
chr5	130500118	130501296
chr5	131332269	131332932
chr5	131628841	131630297
chr5	131651083	131651725
chr5	131654418	131654807
chr5	131892129	131893378
chr5	132201906	132203033
chr5	132369089	132369485
chr5	132386962	132388751
chr5	132576194	132576574
chr5	133339161	133340218
chr5	133861694	133862612
chr5	134073875	134074362
chr5	134094115	134094706
chr5	134181427	134181841
chr5	134240122	134241623
chr5	134469226	134470245
chr5	137514159	137515155
chr5	137877723	137879639
chr5	137910720	137911835
chr5	138609191	138610501
chr5	138629062	138630357
chr5	138677107	138678150
chr5	138940268	138941093
chr5	139040548	139041204
chr5	139780221	139781547
chr5	139927050	139927466
chr5	139943738	139944630
chr5	140043891	140044702
chr5	140998320	140999236
chr5	141349889	141350346
chr5	141392439	141392905
chr5	142598550	142599980
chr5	145561801	145562604
chr5	145582507	145583284
chr5	145826399	145827895
chr5	148724471	148725525
chr5	148736958	148737852
chr5	149109539	149110876
chr5	149737039	149737986
chr5	149828591	149829793
chr5	149861547	149861999
chr5	151088690	151089095
chr5	151150205	151152250
chr5	154061993	154062633
chr5	154133912	154134955
chr5	154136279	154136969
chr5	154236755	154238235
chr5	154316576	154318031
chr5	157158143	157159211
chr5	158636484	158637170
chr5	159687934	159688887
chr5	162886323	162888958
chr5	168005765	168007102
chr5	170814310	170816173
chr5	172197541	172198525
chr5	172447031	172447591
chr5	172758877	172759356
chr5	175814873	175816558
chr5	175963176	175963881
chr5	176543831	176544304
chr5	176739014	176739583
chr5	176793540	176794746
chr5	176797757	176798090
chr5	176817390	176817854
chr5	176830841	176831789
chr5	176852572	176855416
chr5	176882044	176882753
chr5	176943678	176944529
chr5	177019003	177019630
chr5	177580618	177581155
chr5	177631076	177632714
chr5	177981917	177982515
chr5	179050424	179051180
chr5	179105259	179105865
chr5	179125092	179126392
chr5	179245926	179246758
chr5	179285642	179286377
chr6	1524248	1524657
chr6	2765003	2765952
chr6	2856987	2858633
chr6	2988159	2991491
chr6	3023070	3024528
chr6	3259030	3260252
chr6	4021238	4022252
chr6	5003687	5004512
chr6	5030880	5031330
chr6	5260426	5261966
chr6	6886590	6887516
chr6	7119348	7120049
chr6	7150819	7151341
chr6	7201905	7202945
chr6	7239024	7239456
chr6	7313192	7313777
chr6	7389564	7390795
chr6	7909976	7910395
chr6	8101891	8103289
chr6	10347882	10348375
chr6	10694555	10695667
chr6	10722628	10723655
chr6	10726947	10727328
chr6	10771383	10772163
chr6	13574478	13575704
chr6	13614750	13615970
chr6	13814238	13815197
chr6	15088986	15091034
chr6	15245017	15246474
chr6	15264189	15264733
chr6	16031350	16031977
chr6	16157854	16158526
chr6	17705871	17707515
chr6	17820183	17820685
chr6	24720903	24722256
chr6	26216529	26217639
chr6	26285322	26286764
chr6	26296111	26296847
chr6	26520626	26521036
chr6	26537444	26538744
chr6	26596841	26597515
chr6	26987405	26988339
chr6	27113565	27114271
chr6	27265656	27266320
chr6	27598639	27599433
chr6	27804587	27806840
chr6	27870563	27871112
chr6	28510271	28511087
chr6	28583550	28584619
chr6	28677719	28678827
chr6	28725487	28726493
chr6	28831201	28832188
chr6	28891002	28892030
chr6	29595633	29596761
chr6	30028337	30029566
chr6	30034431	30035158
chr6	30293518	30295002
chr6	30523903	30525672
chr6	30538717	30539812
chr6	30584557	30586421
chr6	30684634	30685652
chr6	30687264	30689535
chr6	30875528	30876013
chr6	30881870	30882831
chr6	31458210	31458713
chr6	31508868	31510386
chr6	31619717	31621191
chr6	31632573	31634356
chr6	31707388	31708260
chr6	31762919	31763993
chr6	31774269	31774985
chr6	31802152	31803309
chr6	31869748	31870361
chr6	31916649	31917184
chr6	31926571	31927170
chr6	31939600	31941110
chr6	32120853	32122854
chr6	32935820	32938615
chr6	32938956	32940584
chr6	33091510	33091845
chr6	33167479	33169260
chr6	33238842	33240651
chr6	33256517	33257773
chr6	33358751	33360000
chr6	33385653	33386798
chr6	33392886	33393962
chr6	33396097	33396637
chr6	33421958	33422607
chr6	33678648	33679746
chr6	34191772	34192477
chr6	34203879	34204975
chr6	34205690	34206554
chr6	34359411	34359890
chr6	34393156	34394115
chr6	34724791	34725619
chr6	34832897	34833278
chr6	34949714	34950544
chr6	35226651	35227641
chr6	35419960	35421404
chr6	35435841	35437129
chr6	35465783	35466595
chr6	35656318	35657140
chr6	35695457	35696484
chr6	35699342	35700349
chr6	36066533	36067483
chr6	36410331	36410954
chr6	36561396	36562446
chr6	36628569	36629009
chr6	36816320	36816839
chr6	36841855	36843000
chr6	36953747	36954306
chr6	37017653	37018851
chr6	37019081	37019732
chr6	37070157	37071528
chr6	37394286	37395070
chr6	39082150	39083282
chr6	39196845	39197561
chr6	40683395	40683924
chr6	41513665	41514093
chr6	41743651	41743990
chr6	41754337	41755871
chr6	41863126	41863956
chr6	41888489	41889962
chr6	41907201	41908723
chr6	42167053	42167679
chr6	42847021	42848096
chr6	42896672	42897713
chr6	42946733	42947282
chr6	42981185	42982497
chr6	43026940	43027598
chr6	43196696	43197442
chr6	43235430	43235915
chr6	43484463	43485449
chr6	43543001	43544234
chr6	43596999	43598241
chr6	43598695	43599342
chr6	43608136	43608570
chr6	43739441	43740571
chr6	44191298	44192070
chr6	44214066	44215873
chr6	44224401	44225682
chr6	45344809	45346434
chr6	45413423	45414134
chr6	47277458	47277921
chr6	49604033	49604782
chr6	52148947	52150018
chr6	53275454	53275810
chr6	53409504	53410065
chr6	71104245	71105085
chr6	73332183	73333044
chr6	74229779	74231604
chr6	74233073	74233881
chr6	82648027	82648478
chr6	84684016	84684786
chr6	86303070	86304128
chr6	86351314	86353953
chr6	86387895	86389636
chr6	87864464	87865841
chr6	90528548	90529875
chr6	97345285	97346574
chr6	99872669	99874158
chr6	101328574	101329574
chr6	105404617	105406291
chr6	106773256	106773943
chr6	107349230	107349716
chr6	108615655	108616830
chr6	109103463	109103883
chr6	109624868	109626229
chr6	109629228	109629654
chr6	109702779	109704726
chr6	109803844	109804598
chr6	111279331	111280237
chr6	111303023	111303955
chr6	111804383	111805716
chr6	114292151	114292848
chr6	117922948	117924240
chr6	117995723	117996763
chr6	119030304	119031537
chr6	126101293	126102453
chr6	126307304	126308615
chr6	127663841	127665216
chr6	133135161	133136669
chr6	134022594	134023165
chr6	135502943	135504494
chr6	136570614	136572003
chr6	136610307	136611715
chr6	138186971	138188506
chr6	138276370	138276823
chr6	139695270	139697255
chr6	139969438	139970104
chr6	142468017	142468749
chr6	143770908	143772272
chr6	143832070	143833226
chr6	144164055	144165081
chr6	144416041	144417170
chr6	146055793	146057298
chr6	147197391	147198214
chr6	149866752	149867758
chr6	149969596	149970152
chr6	150284640	150285248
chr6	151187265	151187757
chr6	151711137	151711957
chr6	151772801	151773820
chr6	153303965	153305536
chr6	155054106	155055694
chr6	155634866	155636598
chr6	157040722	157041874
chr6	157801895	157802617
chr6	158034012	158034367
chr6	158246328	158246987
chr6	158401936	158402969
chr6	158980826	158982123
chr6	159125248	159125868
chr6	159183856	159184452
chr6	159274101	159274803
chr6	159420739	159421445
chr6	160147439	160148717
chr6	160210436	160211809
chr6	163834091	163835306
chr6	165462830	165463243
chr6	166796230	166797411
chr6	170101495	170103017
chr6	170124912	170125777
chr6	170151422	170152078
chr6	170893144	170894007
chr7	220505	220861
chr7	372595	372935
chr7	511442	511922
chr7	644042	644462
chr7	765019	766486
chr7	912909	913995
chr7	915734	916390
chr7	1452338	1452749
chr7	1496458	1497235
chr7	1500349	1501667
chr7	1513647	1514075
chr7	1543767	1544371
chr7	1687779	1688169
chr7	1781475	1783008
chr7	1894209	1895101
chr7	1895458	1896588
chr7	1922537	1923056
chr7	2059049	2060194
chr7	2143806	2144389
chr7	2281619	2282150
chr7	2353948	2354524
chr7	2393413	2394742
chr7	2756991	2757802
chr7	4681195	4682158
chr7	4721585	4722003
chr7	5594447	5595803
chr7	5613765	5614772
chr7	5634870	5636361
chr7	5637715	5639114
chr7	5862405	5862890
chr7	6048407	6049305
chr7	10819151	10820284
chr7	12442974	12444192
chr7	12726026	12726641
chr7	16684081	16686602
chr7	16779829	16780306
chr7	20259060	20260199
chr7	22162759	22163082
chr7	22893713	22894909
chr7	23221233	23222128
chr7	23509915	23511009
chr7	23513689	23514807
chr7	23571104	23572050
chr7	23636696	23637153
chr7	25164040	25165558
chr7	25534858	25535494
chr7	26239148	26242431
chr7	27702284	27702985
chr7	30544007	30544919
chr7	30633891	30635049
chr7	33101667	33102871
chr7	35734536	35735307
chr7	35839637	35841034
chr7	36428968	36430449
chr7	38377062	38377538
chr7	38380733	38381324
chr7	39619997	39620452
chr7	39988811	39990086
chr7	43768661	43769489
chr7	43965482	43966565
chr7	44120761	44121141
chr7	44162400	44163537
chr7	44529884	44530806
chr7	44613140	44613798
chr7	44645929	44646930
chr7	44801206	44801782
chr7	44835570	44837317
chr7	44886923	44888276
chr7	44925030	44925581
chr7	45025505	45026827
chr7	45150849	45151809
chr7	50427225	50428618
chr7	50535700	50536096
chr7	50859962	50860392
chr7	54826708	54827585
chr7	56019395	56020079
chr7	56118839	56119999
chr7	56173848	56174540
chr7	65215456	65216429
chr7	65540656	65541636
chr7	65579607	65580785
chr7	66119067	66119749
chr7	66309632	66310347
chr7	66385688	66386329
chr7	66460263	66460837
chr7	66843203	66843587
chr7	72722648	72723096
chr7	72936091	72937333
chr7	72970936	72972504
chr7	73002082	73002578
chr7	73097458	73098147
chr7	73265808	73266138
chr7	73588088	73588851
chr7	74070269	74073138
chr7	75363894	75364417
chr7	75677161	75678154
chr7	75932797	75933256
chr7	75987130	75988965
chr7	76022211	76023370
chr7	76026623	76027148
chr7	76178383	76179065
chr7	86769622	86770075
chr7	86781262	86782214
chr7	87505522	87506587
chr7	88176090	88176470
chr7	89975364	89976512
chr7	91763023	91764338
chr7	91874550	91875626
chr7	92464851	92466227
chr7	92533577	92534234
chr7	95950662	95951761
chr7	96746508	96747496
chr7	97501063	97502089
chr7	97600801	97601904
chr7	99006246	99006945
chr7	99036240	99036841
chr7	99063062	99064102
chr7	99097471	99098144
chr7	99679208	99679908
chr7	99686208	99687004
chr7	99698804	99699578
chr7	99933229	99933968
chr7	100025710	100027523
chr7	100042051	100042782
chr7	100165831	100166156
chr7	100238988	100240523
chr7	100302957	100303972
chr7	100449649	100450467
chr7	100464581	100465119
chr7	100472298	100472987
chr7	100486423	100488254
chr7	100743428	100743962
chr7	100781471	100782119
chr7	100806199	100806505
chr7	100887457	100888720
chr7	101499623	101500668
chr7	101546154	101547141
chr7	101723795	101724733
chr7	102105145	102105664
chr7	102714755	102715796
chr7	102789228	102790953
chr7	102984150	102985489
chr7	102987567	102988574
chr7	103636310	103637013
chr7	103848026	103848731
chr7	104524069	104524926
chr7	104652662	104655061
chr7	105161758	105162986
chr7	105924296	105924768
chr7	105925255	105926176
chr7	106209040	106210365
chr7	106750322	106750757
chr7	107204133	107205314
chr7	107220233	107221172
chr7	107383374	107384954
chr7	108209506	108210668
chr7	111200773	111202867
chr7	112429781	112430869
chr7	116151539	116152213
chr7	116654268	116655124
chr7	116656925	116657464
chr7	120590409	120591632
chr7	121035727	121036910
chr7	123388798	123389925
chr7	127291387	127292661
chr7	127449466	127449823
chr7	127775653	127776129
chr7	127983541	127984175
chr7	128116474	128116994
chr7	128471367	128473043
chr7	128500252	128501350
chr7	128864093	128864764
chr7	130581724	130582171
chr7	135194596	135195455
chr7	135242295	135243536
chr7	137942178	137942715
chr7	138037290	138037984
chr7	138775601	138776238
chr7	138793581	138794842
chr7	139024762	139027097
chr7	139043931	139045560
chr7	139762348	139762945
chr7	140396299	140397525
chr7	140714042	140715091
chr7	141437726	141438586
chr7	148269090	148269475
chr7	148581296	148582053
chr7	148637530	148639232
chr7	148725334	148726482
chr7	149569506	149570267
chr7	150019358	150021028
chr7	150065061	150066776
chr7	150097298	150097914
chr7	150102208	150102774
chr7	150652644	150653402
chr7	150656814	150657875
chr7	150705116	150706561
chr7	150707429	150708265
chr7	150723529	150724752
chr7	150725056	150726155
chr7	150758452	150760236
chr7	150782579	150783488
chr7	150923882	150924770
chr7	151722442	151722918
chr7	152160979	152162288
chr7	152371919	152373488
chr7	153109743	153111394
chr7	154996707	154998671
chr7	155088386	155090332
chr7	155436657	155437558
chr7	156432271	156434178
chr7	156741472	156742685
chr7	157179728	157180256
chr7	157190394	157191396
chr7	157195746	157196214
chr7	157197602	157198106
chr7	157355373	157355939
chr7	158621847	158622974
chr7	158648949	158649511
chr7	158658224	158658765
chr7	158799416	158799888
chr7	158989922	158990597
chr8	580819	581287
chr8	6565282	6566981
chr8	6603328	6603934
chr8	8860046	8860707
chr8	8932292	8932878
chr8	10697135	10697822
chr8	11719910	11720553
chr8	17103610	17104557
chr8	17779902	17780668
chr8	17940645	17942026
chr8	17979973	17980694
chr8	19674341	19675964
chr8	22101989	22103614
chr8	22224367	22224878
chr8	22757417	22757864
chr8	23081179	23081578
chr8	23082289	23082961
chr8	23366103	23366942
chr8	27221004	27221815
chr8	27950370	27951123
chr8	30585248	30585786
chr8	30600917	30602551
chr8	33342283	33343453
chr8	37593931	37594349
chr8	37887599	37889516
chr8	38011225	38011872
chr8	38688198	38688608
chr8	41685214	41686621
chr8	42396034	42397229
chr8	42910966	42912008
chr8	43135986	43136311
chr8	48091717	48092125
chr8	48872480	48873743
chr8	48920545	48921490
chr8	55013755	55014904
chr8	55047204	55048554
chr8	56685133	56686478
chr8	56851794	56852927
chr8	56853670	56854150
chr8	59555832	59556338
chr8	61988797	61989535
chr8	62626923	62627644
chr8	66545900	66546842
chr8	67341028	67341735
chr8	67836850	67838822
chr8	67976327	67977104
chr8	68167813	68168218
chr8	74205121	74206626
chr8	74268519	74269304
chr8	74883501	74885312
chr8	86089795	86090347
chr8	91658047	91658920
chr8	92081737	92083098
chr8	93889599	93890032
chr8	95731622	95732782
chr8	95907226	95909395
chr8	96036795	96037790
chr8	96281180	96282587
chr8	97273527	97275476
chr8	99057026	99058094
chr8	99129124	99130067
chr8	99318329	99319064
chr8	101732932	101733369
chr8	101734240	101735203
chr8	102165889	102166380
chr8	102169781	102170190
chr8	102386233	102386600
chr8	103251488	103252532
chr8	103424912	103425462
chr8	103818423	103818839
chr8	103876263	103877249
chr8	104426498	104428081
chr8	109260392	109261335
chr8	109455556	109456300
chr8	110345626	110346959
chr8	110552119	110552887
chr8	117778165	117779566
chr8	124179222	124180062
chr8	124193836	124195142
chr8	124285717	124287700
chr8	125550565	125551807
chr8	125663347	125664027
chr8	126010042	126010974
chr8	126441313	126443096
chr8	128806628	128807803
chr8	129060561	129061710
chr8	130586399	130587421
chr8	130701539	130702065
chr8	135724105	135726011
chr8	135732061	135733044
chr8	135844470	135845185
chr8	141473795	141475493
chr8	141520688	141522635
chr8	142274170	142274756
chr8	142402210	142403123
chr8	142411716	142412110
chr8	143719641	143720170
chr8	143820714	143821164
chr8	144025061	144025385
chr8	144363615	144364106
chr8	144366773	144367197
chr8	144373274	144374003
chr8	144416030	144417041
chr8	144467377	144467771
chr8	144679040	144680579
chr8	144691186	144692395
chr8	144815000	144815931
chr8	144910888	144912176
chr8	145023738	145024296
chr8	145026124	145027086
chr8	145133073	145134321
chr8	145514821	145515517
chr8	145550310	145550941
chr8	145596334	145597832
chr8	145638509	145638977
chr8	145733523	145735322
chr8	145747269	145748808
chr8	145754208	145754784
chr8	145800779	145801174
chr9	2843839	2844546
chr9	3525992	3527572
chr9	4792075	4793477
chr9	6680798	6681933
chr9	6756963	6758188
chr9	7799045	7799940
chr9	19154040	19154646
chr9	19379700	19380593
chr9	27414375	27414778
chr9	33024186	33025527
chr9	33290080	33291349
chr9	33473495	33474307
chr9	34048355	34050240
chr9	35193798	35194149
chr9	35657486	35658187
chr9	37079306	37080160
chr9	37119788	37121076
chr9	37422104	37423052
chr9	37464819	37466724
chr9	37485566	37486242
chr9	37591893	37592830
chr9	37747188	37747542
chr9	37784707	37785413
chr9	37903863	37904577
chr9	37936989	37937392
chr9	38392317	38393622
chr9	71650491	71651173
chr9	73033249	73035251
chr9	74525944	74526768
chr9	77567235	77568065
chr9	77642458	77643687
chr9	86594111	86595874
chr9	88896615	88897642
chr9	90124880	90125301
chr9	90407690	90408194
chr9	91925505	91926290
chr9	91932943	91934064
chr9	93926973	93927490
chr9	93959494	93960455
chr9	94660705	94663070
chr9	95055710	95056468
chr9	95087241	95088644
chr9	96927823	96929432
chr9	98173813	98174279
chr9	98188492	98189525
chr9	98273034	98274612
chr9	99539957	99540716
chr9	100000336	100000936
chr9	100394899	100396316
chr9	100684284	100685285
chr9	100745158	100745687
chr9	100746902	100747956
chr9	100807545	100808172
chr9	100881072	100881820
chr9	101018026	101018527
chr9	101103389	101104249
chr9	101136629	101137336
chr9	101337668	101338312
chr9	101595308	101596096
chr9	101836261	101838079
chr9	101838471	101839524
chr9	102581521	102582763
chr9	103114990	103115592
chr9	106855388	106856804
chr9	110045063	110046506
chr9	113017812	113019825
chr9	114935882	114937826
chr9	115248457	115249151
chr9	116037506	116038236
chr9	116172420	116173499
chr9	117247134	117247624
chr9	117372915	117373732
chr9	123555178	123556513
chr9	123630554	123632079
chr9	123637367	123641749
chr9	123659214	123659929
chr9	123836678	123837704
chr9	124041013	124041603
chr9	124975427	124976347
chr9	125026721	125027945
chr9	126066947	126067619
chr9	127150572	127151361
chr9	127274557	127275252
chr9	127533330	127534479
chr9	127623426	127624632
chr9	127630630	127631517
chr9	127962526	127963482
chr9	128002923	128004387
chr9	128046852	128047643
chr9	129467564	129467912
chr9	129921494	129921892
chr9	130213319	130214584
chr9	130564892	130565597
chr9	130797477	130797829
chr9	130889881	130890788
chr9	131084252	131085547
chr9	131101974	131102926
chr9	131190872	131191462
chr9	131418851	131419611
chr9	131831617	131832071
chr9	132020721	132021150
chr9	132175901	132176403
chr9	132250892	132251716
chr9	132388330	132388913
chr9	132446748	132447250
chr9	132586260	132586752
chr9	132625290	132625939
chr9	132672827	132673227
chr9	133412864	133413372
chr9	133568829	133569584
chr9	134000041	134002190
chr9	134145610	134146385
chr9	134148406	134152982
chr9	134206569	134207030
chr9	135544877	135546210
chr9	135674359	135675223
chr9	135879397	135880010
chr9	135897605	135898068
chr9	136024555	136025239
chr9	136202783	136203624
chr9	136214480	136215530
chr9	136282920	136283571
chr9	137029568	137030860
chr9	137230210	137230743
chr9	138392878	138393275
chr9	138842057	138842553
chr9	138853131	138854188
chr9	139001476	139002644
chr9	139010078	139010972
chr9	139137042	139137728
chr9	139257643	139258569
chr9	139267069	139268282
chr9	139293860	139294973
chr9	139304929	139305640
chr9	139406168	139406598
chr9	139568909	139569731
chr9	139622474	139623099
chr9	139742182	139742884
chr9	139743476	139744098
chr9	139980589	139981529
chr9	140023976	140024534
chr9	140094982	140095746
chr9	140134660	140135861
chr9	140171359	140172383
chr9	140181445	140181806
chr9	140429288	140429688
chr9	140563701	140564167
chr9	140565201	140565610
chrX	347537	348141
chrX	1510227	1511641
chrX	2171075	2171632
chrX	2369710	2370878
chrX	2375174	2376263
chrX	2381867	2383331
chrX	2392245	2393716
chrX	3732495	3733259
chrX	9430959	9431520
chrX	10133664	10134955
chrX	13665738	13666221
chrX	14047630	14048256
chrX	15692371	15694083
chrX	16804115	16805222
chrX	20159748	20160541
chrX	23685269	23686147
chrX	24072238	24073318
chrX	38662465	38663708
chrX	38664209	38665443
chrX	40034751	40036810
chrX	40943486	40944279
chrX	41192229	41194039
chrX	46907361	46907770
chrX	47049865	47050341
chrX	48326455	48326999
chrX	48328636	48329575
chrX	48333890	48334968
chrX	48432205	48433569
chrX	48652630	48653945
chrX	48797655	48798439
chrX	48957778	48958493
chrX	49042673	49043117
chrX	53401001	53402114
chrX	53710520	53711600
chrX	54556035	54557170
chrX	57021862	57022287
chrX	64754271	64755006
chrX	65145509	65146466
chrX	70287755	70288562
chrX	70351327	70351832
chrX	70752509	70753563
chrX	73070765	73071586
chrX	76782671	76783512
chrX	100603469	100604270
chrX	100645397	100646540
chrX	102379221	102379610
chrX	102488007	102488696
chrX	102941505	102943202
chrX	106919893	106920536
chrX	110924166	110924899
chrX	118616535	118616975
chrX	118924855	118926230
chrX	119619545	119620287
chrX	122918708	122919082
chrX	129039664	129040533
chrX	129194091	129195095
chrX	129216197	129216782
chrX	129728358	129728761
chrX	130964286	130965505
chrX	134124742	134125394
chrX	134975329	134976029
chrX	135578742	135579693
chrX	135962135	135963142
chrX	152735258	152736058
chrX	153059670	153060478
chrX	153236583	153238393
chrX	153285216	153285614
chrX	153625871	153627618
chrX	153707082	153708108
chrX	153946046	153946588
chrX	153990660	153992186
chrX	154254993	154256312
chrX	154563770	154564289
