chr1	1071914	1072335
chr1	1624120	1624417
chr1	1677405	1677993
chr1	1714356	1714794
chr1	1935110	1935450
chr1	2718188	2718411
chr1	3297066	3297359
chr1	3541184	3541452
chr1	5127391	5127600
chr1	6259706	6260114
chr1	8021373	8021796
chr1	8080152	8080512
chr1	8121363	8121595
chr1	8319678	8320095
chr1	8762234	8762633
chr1	8950226	8950582
chr1	9582065	9582303
chr1	9836234	9836594
chr1	10568615	10568976
chr1	10764610	10765012
chr1	11072354	11072749
chr1	11538875	11539273
chr1	11968106	11968690
chr1	11969610	11970033
chr1	12100671	12101048
chr1	12538077	12538613
chr1	12609797	12610260
chr1	12655852	12656074
chr1	12675934	12676276
chr1	15678913	15679224
chr1	16447473	16447866
chr1	16470344	16470672
chr1	16840399	16840790
chr1	17222567	17222850
chr1	19229018	19229346
chr1	19693985	19694388
chr1	19945001	19945367
chr1	20126681	20126994
chr1	21223303	21223615
chr1	21348764	21349099
chr1	21635306	21635616
chr1	21665226	21665544
chr1	21960936	21961353
chr1	22127688	22127907
chr1	22257572	22257828
chr1	22761238	22761513
chr1	23115808	23116306
chr1	23426418	23426691
chr1	23703915	23704220
chr1	23738434	23738656
chr1	24345204	24345706
chr1	24542971	24543301
chr1	24885521	24885886
chr1	27032174	27032624
chr1	27816606	27817151
chr1	28201761	28202030
chr1	29432475	29432764
chr1	29598203	29598669
chr1	31643463	31643913
chr1	32757290	32757638
chr1	33224924	33225426
chr1	35941906	35942208
chr1	38000055	38000442
chr1	39452363	39452654
chr1	39456712	39457017
chr1	40265585	40265934
chr1	40317832	40318241
chr1	40771924	40772312
chr1	44793554	44794007
chr1	45187093	45187485
chr1	45196391	45196896
chr1	45991928	45992160
chr1	46598272	46598660
chr1	46768874	46769363
chr1	46799278	46799524
chr1	46990948	46991273
chr1	47108940	47109421
chr1	51535710	51536094
chr1	51983697	51984009
chr1	54547312	54547645
chr1	55938574	55938816
chr1	57015813	57016052
chr1	57103937	57104284
chr1	57276993	57277282
chr1	59012385	59012630
chr1	59245655	59246020
chr1	59280677	59281226
chr1	59336015	59336423
chr1	59579702	59580076
chr1	60358491	60358855
chr1	61314091	61314439
chr1	61617722	61617970
chr1	61649770	61650157
chr1	62751172	62751417
chr1	63873528	63873804
chr1	64446532	64447022
chr1	65363872	65364284
chr1	65883461	65883698
chr1	67446418	67446732
chr1	75155422	75155892
chr1	78703243	78703567
chr1	82147315	82147669
chr1	82257604	82257836
chr1	82377971	82378435
chr1	83906348	83906558
chr1	84464686	84465023
chr1	85048892	85049341
chr1	85312855	85313316
chr1	85763464	85764005
chr1	86010345	86010644
chr1	86049854	86050219
chr1	86088754	86089187
chr1	89720685	89721048
chr1	91852556	91853201
chr1	92076927	92077339
chr1	94245064	94245576
chr1	94533312	94534146
chr1	94534464	94534928
chr1	94534956	94535615
chr1	94789599	94790004
chr1	94791098	94791868
chr1	95018976	95019265
chr1	95028367	95028796
chr1	95249142	95249352
chr1	98552281	98552672
chr1	99368848	99369106
chr1	100967931	100968376
chr1	103713171	103713461
chr1	103715935	103716307
chr1	106207120	106207551
chr1	107164438	107164843
chr1	107289163	107289721
chr1	109817410	109817742
chr1	110502493	110502897
chr1	112282031	112282309
chr1	115857386	115857695
chr1	116872825	116873383
chr1	117396277	117396576
chr1	118690119	118690491
chr1	144941187	144941687
chr1	145542572	145542975
chr1	145543582	145543911
chr1	147013122	147013405
chr1	147189030	147189413
chr1	148241377	148241767
chr1	149223389	149224213
chr1	150540534	150540920
chr1	151345064	151345439
chr1	151960765	151961271
chr1	153095319	153095707
chr1	154909051	154909848
chr1	155658528	155658899
chr1	156186115	156186707
chr1	156547215	156547548
chr1	159927852	159928150
chr1	160187510	160187904
chr1	162327461	162327843
chr1	164571270	164571612
chr1	164581045	164581389
chr1	172291548	172292194
chr1	172320806	172321408
chr1	172328185	172328477
chr1	172328627	172329195
chr1	172329660	172330027
chr1	172368584	172368921
chr1	172386621	172387044
chr1	172939430	172939693
chr1	173476247	173476684
chr1	175124014	175124283
chr1	176042604	176042991
chr1	178207861	178208270
chr1	178816791	178817144
chr1	179801081	179801392
chr1	180120638	180121023
chr1	181081608	181081953
chr1	181360380	181360669
chr1	182155391	182155865
chr1	182360258	182360627
chr1	183203913	183204375
chr1	183517302	183517599
chr1	184899029	184899407
chr1	185615350	185615744
chr1	186547505	186547725
chr1	187595212	187595622
chr1	187846354	187846756
chr1	189790949	189791245
chr1	190991963	190992397
chr1	198055258	198055551
chr1	198125967	198126337
chr1	198626706	198627210
chr1	198723776	198724017
chr1	200305632	200305831
chr1	200504745	200505125
chr1	201095967	201096288
chr1	201354513	201354786
chr1	201472631	201472895
chr1	202026050	202026350
chr1	202076437	202077011
chr1	202257299	202257683
chr1	204053424	204053789
chr1	204367528	204367948
chr1	205270135	205270507
chr1	207489836	207490232
chr1	207833211	207833520
chr1	208125908	208126237
chr1	212261611	212262027
chr1	212392268	212392621
chr1	212464866	212465239
chr1	212686435	212686897
chr1	213154454	213154706
chr1	214489859	214490151
chr1	214612851	214613243
chr1	214693973	214694346
chr1	216356346	216356730
chr1	216360218	216360497
chr1	217804327	217804730
chr1	218518273	218518646
chr1	218550038	218550338
chr1	218616614	218617296
chr1	218658915	218659175
chr1	218662419	218662760
chr1	224641934	224642320
chr1	225566641	225567013
chr1	225887820	225888338
chr1	226001184	226001478
chr1	226096504	226096882
chr1	227949968	227950291
chr1	229283919	229284285
chr1	229357178	229357605
chr1	229707984	229708304
chr1	229851943	229852276
chr1	230266311	230266598
chr1	231820127	231820458
chr1	233378909	233379359
chr1	233600649	233600870
chr1	234445372	234445793
chr1	234669828	234670316
chr1	234748129	234748620
chr1	234859910	234860343
chr1	235459270	235459658
chr1	236666324	236666670
chr1	238161938	238162214
chr1	244532841	244533204
chr1	245208791	245209088
chr1	245421598	245421996
chr1	245425202	245425564
chr1	246229783	246230154
chr1	246383128	246383363
chr10	384337	384758
chr10	659158	659609
chr10	4768174	4768632
chr10	7738580	7738991
chr10	11873692	11873927
chr10	12110461	12110779
chr10	12647652	12647944
chr10	12762363	12762854
chr10	13023530	13023838
chr10	15126553	15126866
chr10	21483300	21483616
chr10	22375570	22375961
chr10	22802788	22803082
chr10	23201106	23201463
chr10	24268938	24269365
chr10	24386557	24386891
chr10	24758820	24759201
chr10	28179927	28180272
chr10	29785359	29785652
chr10	29919098	29919344
chr10	30000980	30001240
chr10	30246851	30247246
chr10	30530036	30530337
chr10	32384060	32384450
chr10	33084562	33084931
chr10	33553101	33553571
chr10	34608444	34608782
chr10	34987937	34988258
chr10	35020794	35021035
chr10	35047703	35047996
chr10	35296730	35297004
chr10	45132165	45132402
chr10	45248198	45248784
chr10	48548654	48549050
chr10	49459748	49460163
chr10	50088296	50088659
chr10	52134826	52135255
chr10	52991562	52991928
chr10	54643607	54644030
chr10	54688882	54689110
chr10	57272123	57272783
chr10	58775600	58775991
chr10	60616338	60616756
chr10	61553699	61554038
chr10	61725101	61725574
chr10	61731706	61732074
chr10	61900277	61900640
chr10	62895992	62896266
chr10	63381513	63381844
chr10	63388627	63388932
chr10	63596907	63597377
chr10	63803509	63803839
chr10	64214408	64214757
chr10	65471841	65472357
chr10	67936702	67936959
chr10	71698317	71698615
chr10	71698680	71698998
chr10	72013471	72013810
chr10	72563474	72563705
chr10	72626759	72627111
chr10	73099943	73100156
chr10	73867125	73867508
chr10	74420043	74420283
chr10	74447880	74448185
chr10	75351613	75351975
chr10	75571244	75571730
chr10	75759029	75759530
chr10	75949650	75950105
chr10	76053444	76053854
chr10	76464417	76464739
chr10	78084031	78084249
chr10	78645677	78646049
chr10	80671395	80671788
chr10	80733280	80733651
chr10	80830076	80830395
chr10	80901618	80902124
chr10	80917223	80917726
chr10	81096354	81096753
chr10	81208843	81209283
chr10	86189644	86190053
chr10	91236444	91236897
chr10	92680821	92681441
chr10	93185884	93186180
chr10	93252989	93253302
chr10	93350226	93350568
chr10	93363655	93364151
chr10	93882699	93883204
chr10	94652081	94652570
chr10	95196763	95197243
chr10	95205240	95205789
chr10	95766921	95767290
chr10	95795948	95796467
chr10	95883073	95883468
chr10	97048394	97049086
chr10	97068573	97068958
chr10	97119935	97120389
chr10	97435446	97435846
chr10	97502246	97502676
chr10	97578343	97578754
chr10	98824816	98825230
chr10	99078604	99079167
chr10	99094360	99094833
chr10	100006751	100007125
chr10	101154454	101154925
chr10	101155623	101155985
chr10	101441632	101442177
chr10	102791545	102791945
chr10	103578100	103578677
chr10	103721661	103722112
chr10	103916937	103917388
chr10	104990891	104991300
chr10	105314613	105314913
chr10	105358533	105358999
chr10	112327037	112327493
chr10	112389297	112389841
chr10	114323163	114323548
chr10	114847053	114847469
chr10	114853197	114853523
chr10	116131870	116132273
chr10	116134769	116135166
chr10	116264778	116265436
chr10	116383524	116384083
chr10	116395470	116395886
chr10	116474137	116474596
chr10	116486664	116487031
chr10	116539494	116539980
chr10	116582586	116582932
chr10	119104615	119105069
chr10	120522957	120523644
chr10	120604383	120604844
chr10	120760153	120760468
chr10	122949488	122949784
chr10	123084310	123084801
chr10	123260318	123260851
chr10	123271515	123271897
chr10	123284629	123285579
chr10	123287043	123287590
chr10	123312821	123313777
chr10	123591322	123591647
chr10	123754096	123754429
chr10	123822690	123823151
chr10	124264100	124264491
chr10	125795054	125795429
chr10	126846078	126846515
chr10	126952223	126952500
chr10	127379806	127380177
chr10	127511757	127512223
chr10	134221420	134221702
chr10	134491036	134491346
chr11	576122	576453
chr11	704908	705242
chr11	707690	708132
chr11	842531	842969
chr11	844080	844514
chr11	2311739	2312076
chr11	2828536	2828843
chr11	2951405	2951755
chr11	5642404	5642707
chr11	6303286	6303557
chr11	6479691	6479972
chr11	9160394	9160825
chr11	9594288	9594580
chr11	9634486	9634978
chr11	11200643	11201128
chr11	11207724	11208029
chr11	12269938	12270360
chr11	12387887	12388127
chr11	12675294	12675562
chr11	12745290	12745697
chr11	13141434	13141826
chr11	13148080	13148396
chr11	13456061	13456366
chr11	13945164	13945925
chr11	15684907	15685817
chr11	15716622	15717030
chr11	16120464	16120761
chr11	16217360	16217727
chr11	16915165	16915604
chr11	16918931	16919344
chr11	17008759	17009142
chr11	17791611	17791894
chr11	20043647	20044144
chr11	20052594	20053011
chr11	26050079	26050378
chr11	26717875	26718169
chr11	27222977	27223381
chr11	27223433	27223936
chr11	29303655	29304042
chr11	30510024	30510570
chr11	31741677	31742097
chr11	34652060	34652340
chr11	34653592	34653903
chr11	34661821	34662163
chr11	35030988	35031521
chr11	35033053	35033345
chr11	35837389	35837736
chr11	37927582	37927771
chr11	38379870	38380199
chr11	38482372	38482856
chr11	40350770	40351104
chr11	44855342	44855647
chr11	45921355	45921600
chr11	46721935	46722328
chr11	47995691	47996258
chr11	48077283	48077784
chr11	57062065	57062409
chr11	59554487	59554842
chr11	59936830	59937146
chr11	61300921	61301107
chr11	62194080	62194584
chr11	62608734	62609427
chr11	63933404	63933730
chr11	64901943	64902539
chr11	65186155	65186410
chr11	65259187	65259543
chr11	65463133	65463643
chr11	66335977	66336234
chr11	66671557	66671800
chr11	68110122	68110497
chr11	68530664	68531028
chr11	68890040	68890600
chr11	69042036	69042407
chr11	69045505	69045993
chr11	69312005	69312381
chr11	69682484	69682860
chr11	69974495	69974835
chr11	71656351	71656609
chr11	71894535	71894874
chr11	72108923	72109542
chr11	72525066	72525427
chr11	72853424	72853757
chr11	73780080	73780497
chr11	75479416	75479787
chr11	76003160	76003555
chr11	77490955	77491296
chr11	85194863	85195281
chr11	85955482	85955850
chr11	86112223	86112647
chr11	86175562	86175917
chr11	86199622	86200081
chr11	86446760	86447504
chr11	86627296	86627648
chr11	89290560	89290821
chr11	92949848	92950260
chr11	93013056	93013471
chr11	93719833	93720123
chr11	94470318	94470840
chr11	95829057	95829452
chr11	96044101	96044548
chr11	96220534	96220830
chr11	100698922	100699405
chr11	104222767	104223162
chr11	106577171	106577382
chr11	108464222	108464846
chr11	110233927	110234315
chr11	111306174	111306483
chr11	112192387	112192821
chr11	113552328	113552656
chr11	117800105	117800399
chr11	118787562	118787825
chr11	119204858	119205247
chr11	119231889	119232186
chr11	120678221	120678542
chr11	121347042	121347448
chr11	121349010	121349380
chr11	122106409	122106717
chr11	122364998	122365316
chr11	122513024	122513389
chr11	122754107	122754346
chr11	124633442	124633763
chr11	125932904	125933231
chr11	127931219	127931671
chr11	128041402	128041653
chr11	128376960	128377367
chr11	129872166	129872725
chr11	130259970	130260321
chr11	130400894	130401316
chr11	130403075	130403358
chr11	130506859	130507292
chr12	572416	572811
chr12	716529	716928
chr12	4140502	4140838
chr12	6344667	6345112
chr12	6480162	6480683
chr12	6876098	6876426
chr12	8809988	8810197
chr12	10365017	10365452
chr12	12425663	12426144
chr12	12550954	12551491
chr12	12932490	12932922
chr12	13024963	13025793
chr12	13301130	13301580
chr12	13880883	13881207
chr12	14416728	14417035
chr12	18081896	18082305
chr12	19369947	19370470
chr12	19897500	19897925
chr12	20704280	20704561
chr12	20754599	20755011
chr12	22563399	22563709
chr12	22568602	22569337
chr12	25992439	25992668
chr12	26287941	26288398
chr12	27763203	27763834
chr12	27793702	27794158
chr12	30162983	30163589
chr12	31256710	31257010
chr12	31522550	31522876
chr12	31902020	31902648
chr12	34323834	34324314
chr12	38591038	38591339
chr12	38902062	38902284
chr12	41379614	41380211
chr12	41915677	41916104
chr12	42337299	42337763
chr12	42877927	42878353
chr12	43138303	43138697
chr12	44919650	44919991
chr12	45628139	45628540
chr12	45662874	45663307
chr12	46081942	46082418
chr12	46748494	46748914
chr12	46886233	46886729
chr12	47377637	47378123
chr12	47479524	47480047
chr12	47499688	47499989
chr12	47503849	47504360
chr12	48152727	48153108
chr12	48162040	48162564
chr12	48613387	48613759
chr12	48682122	48682560
chr12	48947539	48947766
chr12	50595969	50596379
chr12	51418575	51418996
chr12	52355359	52355926
chr12	52463374	52463872
chr12	52524466	52524922
chr12	52614767	52615144
chr12	52641059	52641552
chr12	52674049	52674675
chr12	53194528	53194970
chr12	53264911	53265300
chr12	53343486	53343960
chr12	53363487	53364327
chr12	53455102	53455578
chr12	53931938	53932307
chr12	54052740	54053218
chr12	54145199	54145381
chr12	54943018	54943214
chr12	56013548	56013797
chr12	56892337	56892647
chr12	56912309	56912777
chr12	56920412	56921082
chr12	57030652	57031122
chr12	57908832	57909213
chr12	58704546	58704776
chr12	58758562	58758944
chr12	58819144	58819607
chr12	59424155	59424485
chr12	59457165	59457570
chr12	62653799	62654232
chr12	63110600	63110949
chr12	63794510	63794775
chr12	64474336	64474771
chr12	65076394	65076804
chr12	65859948	65860388
chr12	65996431	65997021
chr12	66001150	66001636
chr12	66088827	66089696
chr12	66273549	66274036
chr12	66342516	66342998
chr12	66455431	66455764
chr12	66460006	66460432
chr12	68110583	68111163
chr12	68313219	68313529
chr12	69201446	69201833
chr12	69479598	69480035
chr12	69495345	69495740
chr12	69498807	69499324
chr12	69501746	69502362
chr12	69544899	69545226
chr12	71849084	71849541
chr12	72341377	72341728
chr12	72418223	72419049
chr12	72600857	72601326
chr12	74436961	74437425
chr12	74902765	74902983
chr12	75555062	75555310
chr12	79926661	79926966
chr12	84560617	84560967
chr12	85451073	85451414
chr12	88098136	88098591
chr12	89641251	89641577
chr12	89746196	89746656
chr12	89785716	89785996
chr12	92539601	92539927
chr12	93538954	93539290
chr12	95496835	95497230
chr12	96588136	96588420
chr12	96651998	96652332
chr12	97300522	97300921
chr12	97967646	97968059
chr12	98812520	98812969
chr12	99038866	99039086
chr12	99222671	99222857
chr12	99231166	99231482
chr12	100535639	100535935
chr12	104198749	104199004
chr12	104670373	104670624
chr12	105392469	105393182
chr12	105711742	105712085
chr12	106015986	106016345
chr12	106070410	106070784
chr12	106696189	106696583
chr12	107234075	107234355
chr12	109046962	109047451
chr12	110059802	110060176
chr12	110436702	110437260
chr12	110476781	110477266
chr12	112555535	112555787
chr12	113660802	113661170
chr12	113683541	113683982
chr12	117135882	117136323
chr12	118709604	118709864
chr12	120412121	120412319
chr12	120730468	120730940
chr12	120739970	120740542
chr12	120755451	120755813
chr12	120763222	120763548
chr12	122124714	122124983
chr12	122884934	122885453
chr12	123163659	123164044
chr12	124997288	124997623
chr12	125391200	125391624
chr12	127650394	127650705
chr12	132380600	132380851
chr12	133100962	133101450
chr13	22688969	22689249
chr13	23025500	23025733
chr13	23896063	23896299
chr13	24923294	24923561
chr13	25268229	25268533
chr13	25558352	25558594
chr13	25827839	25828205
chr13	26308206	26308434
chr13	29267833	29268155
chr13	29327602	29327939
chr13	31458751	31458959
chr13	31746694	31747025
chr13	33420395	33420618
chr13	34185049	34185614
chr13	34271222	34271509
chr13	36346039	36346336
chr13	37283646	37284042
chr13	38838733	38839090
chr13	40084289	40084727
chr13	42184515	42184934
chr13	42222315	42222853
chr13	42274972	42275304
chr13	42591372	42591683
chr13	43480430	43480797
chr13	44885030	44885413
chr13	45427680	45428111
chr13	45474111	45474463
chr13	45524693	45525003
chr13	45805843	45806164
chr13	50931775	50932280
chr13	51251739	51252026
chr13	61703013	61703363
chr13	63056530	63056855
chr13	63980859	63981230
chr13	65585627	65585897
chr13	66071336	66071754
chr13	67409277	67409614
chr13	68631268	68631616
chr13	69013959	69014236
chr13	70139398	70139854
chr13	72332963	72333320
chr13	73640141	73640480
chr13	73656644	73656899
chr13	73712800	73713124
chr13	73899716	73900222
chr13	76111902	76112328
chr13	76278717	76279072
chr13	76298892	76299234
chr13	76455284	76455613
chr13	77572564	77572900
chr13	77880654	77880935
chr13	78095995	78096551
chr13	78111715	78112176
chr13	78137313	78137696
chr13	80660390	80660667
chr13	80850601	80850938
chr13	83622642	83622889
chr13	84413328	84413630
chr13	85851935	85852209
chr13	86102568	86102879
chr13	87776114	87776639
chr13	88472533	88472859
chr13	88861400	88861723
chr13	90166692	90167312
chr13	91099648	91099998
chr13	92173262	92173556
chr13	93912895	93913159
chr13	94128585	94128876
chr13	96146388	96146685
chr13	96157450	96157713
chr13	96163280	96163591
chr13	96182354	96182755
chr13	96187540	96187922
chr13	97793841	97794200
chr13	98252969	98253299
chr13	98530651	98531060
chr13	98757631	98757883
chr13	99068524	99069115
chr13	99156052	99156303
chr13	100056288	100056579
chr13	100523700	100524050
chr13	100560307	100560737
chr13	104535573	104535869
chr13	106469334	106469716
chr13	106631731	106632140
chr13	106796402	106796835
chr13	111217724	111218075
chr13	113503737	113504205
chr13	113504659	113505078
chr13	114812729	114813133
chr13	114843955	114844181
chr14	22515420	22515663
chr14	22764484	22764931
chr14	22802374	22802800
chr14	22901582	22901976
chr14	23122276	23122578
chr14	23340300	23340917
chr14	23707049	23707318
chr14	24835973	24836200
chr14	25100003	25100334
chr14	25504415	25504802
chr14	25510890	25511525
chr14	25550755	25551279
chr14	26091906	26092318
chr14	26128184	26128577
chr14	26272590	26273102
chr14	27336460	27336791
chr14	30106576	30106873
chr14	30194229	30194623
chr14	30692611	30692865
chr14	31079898	31080281
chr14	31560667	31560975
chr14	32777368	32777703
chr14	32978869	32979159
chr14	33138559	33138964
chr14	33149149	33149679
chr14	33522097	33522403
chr14	34551021	34551436
chr14	34608953	34609302
chr14	35008651	35009008
chr14	36738147	36738585
chr14	37240501	37240851
chr14	38019710	38019963
chr14	39433845	39434228
chr14	39644120	39644441
chr14	39736292	39736623
chr14	39901291	39901733
chr14	42662311	42662694
chr14	43100865	43101215
chr14	44786058	44786412
chr14	45056007	45056441
chr14	45082309	45082710
chr14	45104715	45105043
chr14	45169419	45169864
chr14	45169875	45170297
chr14	45251975	45252419
chr14	46020473	46020797
chr14	46958049	46958291
chr14	47639027	47639337
chr14	47908004	47908338
chr14	50316154	50316618
chr14	50413538	50413856
chr14	50469786	50470027
chr14	52031726	52032072
chr14	53167474	53167916
chr14	53822280	53822763
chr14	53924922	53925421
chr14	54339364	54339730
chr14	54575956	54576178
chr14	54810236	54810698
chr14	55568733	55569149
chr14	56072472	56072891
chr14	56219748	56220136
chr14	56443063	56443409
chr14	56584653	56584935
chr14	56793617	56793927
chr14	57046203	57046604
chr14	57322509	57322925
chr14	57524595	57524835
chr14	59742538	59742836
chr14	61678225	61678490
chr14	61896990	61897329
chr14	61905495	61906165
chr14	62004312	62004632
chr14	62082645	62083108
chr14	64362925	64363354
chr14	64389825	64390234
chr14	64559680	64560031
chr14	64971040	64971250
chr14	65186998	65187236
chr14	65486717	65486983
chr14	65601357	65601555
chr14	65693582	65694066
chr14	66834916	66835104
chr14	68606906	68607370
chr14	68666438	68666929
chr14	68716465	68716921
chr14	68722352	68722829
chr14	68773634	68774500
chr14	68925575	68926264
chr14	68939640	68940043
chr14	69017031	69017518
chr14	69044627	69044864
chr14	69480761	69481079
chr14	74551263	74551585
chr14	75348316	75348660
chr14	75648271	75648651
chr14	75649685	75650033
chr14	75745140	75745575
chr14	76177949	76178418
chr14	76278225	76278551
chr14	77050603	77051035
chr14	77500545	77500879
chr14	77505656	77506022
chr14	81769476	81769890
chr14	84316400	84316788
chr14	85707311	85707661
chr14	90421963	90422378
chr14	90557658	90558075
chr14	90979810	90980170
chr14	91631061	91631332
chr14	92587954	92588321
chr14	93160319	93160675
chr14	93315437	93315647
chr14	93644370	93644599
chr14	94346350	94346851
chr14	94407733	94407996
chr14	95716457	95716849
chr14	97354775	97355311
chr14	99285850	99286165
chr14	99297811	99298096
chr14	100037807	100038246
chr14	100070576	100070862
chr14	100597512	100597800
chr14	100939631	100939865
chr14	102651771	102652201
chr14	103995146	103995449
chr14	105240801	105241052
chr14	105267214	105267525
chr15	29963234	29963549
chr15	31375625	31375930
chr15	31588778	31589089
chr15	31652840	31653164
chr15	32951662	32952139
chr15	33360692	33361283
chr15	33403070	33403551
chr15	35798522	35798881
chr15	40361209	40361629
chr15	41198457	41198753
chr15	42883732	42884129
chr15	42894645	42895016
chr15	43419843	43420216
chr15	43609797	43610208
chr15	44449908	44450377
chr15	44872332	44872653
chr15	44975519	44975748
chr15	48116463	48116714
chr15	48354689	48355107
chr15	48624003	48624413
chr15	49938086	49938339
chr15	50238991	50239253
chr15	50295857	50296149
chr15	52580458	52580839
chr15	55996231	55996598
chr15	57798000	57798454
chr15	57814416	57814759
chr15	58024974	58025273
chr15	58330795	58331302
chr15	58439379	58439740
chr15	58521674	58521976
chr15	58622286	58622638
chr15	58759211	58759547
chr15	58779565	58779975
chr15	59457932	59458238
chr15	59605976	59606385
chr15	60666848	60667233
chr15	62042498	62043225
chr15	62072541	62072996
chr15	63766184	63766563
chr15	65476536	65476765
chr15	65588273	65588754
chr15	65596919	65597489
chr15	65707403	65707739
chr15	65735844	65736154
chr15	66059338	66059632
chr15	66124868	66125414
chr15	66775476	66775781
chr15	66994403	66994635
chr15	67095511	67095929
chr15	67546831	67547216
chr15	69849549	69849991
chr15	70329705	70330039
chr15	70488885	70489421
chr15	70583672	70584028
chr15	70616435	70616822
chr15	70767110	70767605
chr15	71006187	71006641
chr15	71104472	71104690
chr15	71117337	71117780
chr15	71126141	71126512
chr15	72428457	72428809
chr15	74689288	74689634
chr15	74943505	74944015
chr15	74944086	74944530
chr15	75396988	75397448
chr15	75682119	75682538
chr15	76509419	76509777
chr15	78799627	78799886
chr15	80693875	80694221
chr15	81198703	81199101
chr15	83974698	83975059
chr15	84824578	84824888
chr15	89010586	89011006
chr15	89475721	89476136
chr15	89524762	89525210
chr15	89878042	89878323
chr15	90388710	90389116
chr15	90708964	90709536
chr15	90944020	90944426
chr15	93347192	93347548
chr15	93461061	93461380
chr15	99846224	99846658
chr15	99864107	99864476
chr16	1739197	1739562
chr16	1862688	1863165
chr16	1963410	1963689
chr16	2043918	2044202
chr16	2085571	2085943
chr16	2563688	2564022
chr16	3237692	3238009
chr16	3696231	3696546
chr16	3822352	3822665
chr16	3870092	3870479
chr16	4071025	4071325
chr16	4294439	4294859
chr16	4322939	4323183
chr16	4664753	4665045
chr16	4674311	4674732
chr16	4994619	4994883
chr16	5155077	5155450
chr16	11438916	11439322
chr16	11706132	11706512
chr16	14458282	14458698
chr16	16242515	16242944
chr16	20911758	20912138
chr16	21526801	21527151
chr16	21964279	21964633
chr16	22900122	22900433
chr16	29816635	29816965
chr16	29874501	29874863
chr16	31191123	31191472
chr16	33962846	33964306
chr16	34541345	34541643
chr16	34794355	34794657
chr16	35032183	35032415
chr16	46791328	46791597
chr16	48229068	48229362
chr16	49735760	49736351
chr16	50004671	50005052
chr16	53079761	53080229
chr16	56406860	56407207
chr16	56683679	56684131
chr16	56966859	56967224
chr16	57375395	57375950
chr16	57852572	57852813
chr16	66546906	66547357
chr16	66550654	66551081
chr16	67926742	67926956
chr16	68268055	68268540
chr16	68482491	68482787
chr16	68692618	68693001
chr16	68778643	68778972
chr16	69092022	69092349
chr16	70780619	70781004
chr16	73054339	73054569
chr16	74330184	74330624
chr16	74514014	74514284
chr16	75063885	75064108
chr16	75099442	75099734
chr16	77370658	77371004
chr16	77391727	77392033
chr16	81040503	81040870
chr16	82363443	82363755
chr16	83859832	83860174
chr16	84770124	84770397
chr16	84884876	84885218
chr16	85028305	85028814
chr16	85222469	85222798
chr16	85222985	85223270
chr16	85363136	85363477
chr16	85548511	85548892
chr16	85591861	85592224
chr16	87887786	87888195
chr16	88454745	88455046
chr16	88829912	88830375
chr16	89396493	89396911
chr16	89411881	89412375
chr16	89508988	89509357
chr17	991064	991431
chr17	1040918	1041234
chr17	1673367	1673693
chr17	2388778	2389187
chr17	3881888	3882205
chr17	3985862	3986088
chr17	4613337	4613671
chr17	5258845	5259101
chr17	6915582	6915954
chr17	6947049	6947466
chr17	7589394	7590004
chr17	8059912	8060249
chr17	8076383	8076919
chr17	8657164	8657487
chr17	15796286	15796624
chr17	16301638	16301955
chr17	16342106	16342474
chr17	17140389	17140983
chr17	17349514	17349907
chr17	17437307	17437662
chr17	17441880	17442317
chr17	17566575	17566932
chr17	17614157	17614578
chr17	19651737	19652094
chr17	21189801	21190142
chr17	25568610	25568997
chr17	26662277	26662700
chr17	26824939	26825230
chr17	27316044	27316415
chr17	27411792	27412251
chr17	27485681	27486010
chr17	28703658	28703953
chr17	29517359	29517803
chr17	31149348	31149928
chr17	33478042	33478529
chr17	33584228	33584678
chr17	34135932	34136515
chr17	35194712	35195137
chr17	35208568	35208936
chr17	36603894	36604283
chr17	36638301	36638607
chr17	36899805	36900148
chr17	36956038	36956352
chr17	37139275	37139638
chr17	37356231	37356609
chr17	37617342	37617715
chr17	37968683	37969047
chr17	38228493	38228858
chr17	38269890	38270248
chr17	38270761	38271314
chr17	38332515	38332967
chr17	38645998	38646395
chr17	39088742	39089244
chr17	39113038	39113501
chr17	39114299	39114760
chr17	39169735	39170029
chr17	39210235	39210732
chr17	39662558	39663058
chr17	39684509	39684767
chr17	39933859	39934226
chr17	39957621	39958129
chr17	40896796	40897134
chr17	41323995	41324420
chr17	41747306	41747877
chr17	41748267	41748785
chr17	42452049	42452359
chr17	42620482	42620752
chr17	42705796	42706132
chr17	43225054	43225628
chr17	43782775	43783141
chr17	44849787	44850078
chr17	45382790	45383335
chr17	45406441	45406705
chr17	46035103	46035537
chr17	46237900	46238406
chr17	46570052	46570322
chr17	46652368	46652677
chr17	46664914	46665251
chr17	48177879	48178150
chr17	48883632	48883961
chr17	49337381	49337823
chr17	53788242	53788585
chr17	53852150	53852491
chr17	54620738	54620955
chr17	56004691	56005034
chr17	56468759	56469235
chr17	56708772	56709253
chr17	59434035	59434312
chr17	60729751	60730102
chr17	61926264	61926577
chr17	62804553	62804963
chr17	63018993	63019269
chr17	63179782	63180146
chr17	63630134	63630441
chr17	63781173	63781661
chr17	64383053	64383317
chr17	64567065	64567298
chr17	64726606	64726923
chr17	64948140	64948567
chr17	67758073	67758430
chr17	68070481	68070778
chr17	68654303	68654709
chr17	68735262	68735692
chr17	70178644	70179039
chr17	70339316	70339684
chr17	70456905	70457164
chr17	70515013	70515564
chr17	70631417	70631753
chr17	70657505	70657989
chr17	70712256	70712687
chr17	71423421	71423678
chr17	74025541	74025848
chr17	74128644	74129075
chr17	74261913	74262231
chr17	74390217	74390596
chr17	74637433	74638008
chr17	75156472	75156729
chr17	77809796	77810280
chr17	78228430	78228857
chr17	78235197	78235466
chr17	79367701	79368151
chr17	79533801	79534203
chr17	81122221	81122551
chr18	845217	845507
chr18	3217945	3218254
chr18	3247400	3247914
chr18	3447868	3448274
chr18	3448952	3449394
chr18	3595716	3596094
chr18	3625611	3626011
chr18	9073688	9073979
chr18	18515479	18520398
chr18	19612251	19612781
chr18	19749308	19749624
chr18	20046414	20046868
chr18	20284293	20284656
chr18	20427549	20427787
chr18	21578707	21579077
chr18	21795284	21795805
chr18	22082586	22083011
chr18	24059576	24060037
chr18	24060717	24061279
chr18	25291964	25292234
chr18	25645422	25645771
chr18	26740037	26740494
chr18	28824866	28825310
chr18	28854800	28855285
chr18	29952445	29952753
chr18	30192495	30192954
chr18	30315709	30316167
chr18	30383546	30383931
chr18	30459388	30459805
chr18	30631412	30631760
chr18	30764224	30764488
chr18	31331543	31331816
chr18	31382853	31383282
chr18	31919056	31919324
chr18	33087507	33087993
chr18	34756619	34756843
chr18	37035418	37035727
chr18	39692658	39692944
chr18	41449374	41450021
chr18	42523339	42523758
chr18	43169280	43169782
chr18	43207061	43207490
chr18	43647405	43647684
chr18	45660146	45660485
chr18	45664906	45665320
chr18	45705379	45705689
chr18	46428369	46428628
chr18	46472849	46473192
chr18	46520296	46520685
chr18	47074590	47074967
chr18	47685305	47685586
chr18	48362959	48363315
chr18	52668956	52669242
chr18	52762784	52763069
chr18	55416010	55416287
chr18	55710633	55711077
chr18	56692185	56692448
chr18	57566568	57566883
chr18	59319080	59319580
chr18	60467789	60468209
chr18	60905082	60905383
chr18	63602170	63602470
chr18	63983935	63984158
chr18	65542205	65542555
chr18	65845411	65845671
chr18	67425015	67425304
chr18	69774856	69775213
chr18	71983915	71984323
chr18	72782733	72783088
chr18	74237286	74237571
chr18	74844610	74844928
chr19	617136	617351
chr19	752632	753031
chr19	782451	782932
chr19	934841	935223
chr19	962337	962571
chr19	1657811	1658181
chr19	2270612	2270899
chr19	2491465	2491901
chr19	2532845	2533148
chr19	2953164	2953553
chr19	3176110	3176369
chr19	3404039	3404423
chr19	3500547	3500969
chr19	3516870	3517221
chr19	3710372	3710732
chr19	3968555	3968981
chr19	4131063	4131361
chr19	4723740	4724160
chr19	5046483	5046917
chr19	6022283	6022556
chr19	7463666	7463950
chr19	8499252	8499503
chr19	8524711	8525076
chr19	8740974	8741221
chr19	9142733	9143156
chr19	10305494	10305929
chr19	10399823	10400165
chr19	10443634	10444041
chr19	11205672	11206065
chr19	11454863	11455441
chr19	11669947	11670424
chr19	12847978	12848414
chr19	12894734	12895198
chr19	12912545	12912971
chr19	13905616	13906092
chr19	15529076	15529346
chr19	17186167	17186487
chr19	17219013	17219237
chr19	17501643	17502078
chr19	17540172	17540519
chr19	18111734	18112021
chr19	18809471	18810024
chr19	24183566	24183893
chr19	28448658	28448949
chr19	28780387	28780955
chr19	28782113	28782467
chr19	30302298	30302552
chr19	33278270	33278637
chr19	33784273	33784607
chr19	34709230	34709572
chr19	35739254	35739942
chr19	36066424	36066905
chr19	36089752	36090090
chr19	36134334	36134682
chr19	38570669	38571014
chr19	39149200	39149634
chr19	39290313	39290632
chr19	40168612	40168903
chr19	41109599	41109899
chr19	41224618	41224952
chr19	42303324	42303731
chr19	42408610	42408890
chr19	42536461	42536927
chr19	42772374	42772641
chr19	42806490	42807154
chr19	43846253	43846596
chr19	44820140	44820451
chr19	45909595	45909951
chr19	45996409	45996779
chr19	46172253	46172613
chr19	46854857	46855116
chr19	47103901	47104254
chr19	47370044	47370281
chr19	47753990	47754209
chr19	48281584	48282012
chr19	48722297	48722556
chr19	49077925	49078330
chr19	49141386	49141894
chr19	49376152	49376536
chr19	49653538	49653852
chr19	49954856	49955281
chr19	50179640	50180013
chr19	50268662	50269104
chr19	50354227	50354513
chr19	50380552	50381027
chr19	50737636	50737938
chr19	54713791	54714091
chr19	55185544	55185855
chr19	55678100	55678513
chr19	56060656	56061089
chr19	56616628	56617008
chr2	1629073	1629526
chr2	1635576	1635988
chr2	7171789	7172212
chr2	11488543	11488758
chr2	11514369	11514611
chr2	11803557	11803856
chr2	15870500	15870919
chr2	16606974	16607310
chr2	19172849	19173485
chr2	20133017	20133445
chr2	20611162	20611529
chr2	25744933	25745217
chr2	26785317	26785590
chr2	26943121	26943504
chr2	26985971	26986258
chr2	27579526	27579922
chr2	28138884	28139120
chr2	28884492	28884958
chr2	30440620	30441265
chr2	30457101	30457340
chr2	30497579	30498039
chr2	30523462	30523952
chr2	32502720	32503094
chr2	33023841	33024153
chr2	33516433	33516744
chr2	36008805	36009070
chr2	36565995	36566329
chr2	36600325	36600553
chr2	36709636	36709963
chr2	36713793	36714182
chr2	36877223	36877549
chr2	37993158	37993526
chr2	38013899	38014267
chr2	38147743	38148153
chr2	38663354	38663668
chr2	42360135	42360482
chr2	42369001	42369398
chr2	42722074	42722288
chr2	43454288	43454626
chr2	43538449	43538806
chr2	43861644	43862341
chr2	43986234	43986630
chr2	44223076	44223460
chr2	44314409	44314698
chr2	45445955	45446459
chr2	45486304	45486628
chr2	45527157	45527449
chr2	46636213	46636532
chr2	47460203	47460490
chr2	47629809	47630160
chr2	48934673	48934983
chr2	53331410	53331732
chr2	54196458	54196760
chr2	56572962	56573255
chr2	61243096	61243396
chr2	62520859	62521303
chr2	63021891	63022282
chr2	64873463	64873745
chr2	65839697	65840205
chr2	65887352	65887796
chr2	66428307	66428752
chr2	66532939	66533331
chr2	66927443	66927751
chr2	67264785	67265161
chr2	67664319	67664653
chr2	68122151	68122665
chr2	68126280	68126795
chr2	68258659	68258975
chr2	68272421	68272834
chr2	70784370	70784642
chr2	70787127	70787454
chr2	70854614	70854971
chr2	71146902	71147219
chr2	71454363	71454783
chr2	72594941	72595193
chr2	72946676	72946977
chr2	74007106	74007458
chr2	74134862	74135265
chr2	75093196	75093531
chr2	75819102	75819529
chr2	85185103	85185884
chr2	85186775	85187241
chr2	85969593	85969829
chr2	86789997	86790372
chr2	97489780	97490191
chr2	98552671	98553046
chr2	99391696	99392387
chr2	101485655	101485917
chr2	101653095	101653301
chr2	102599865	102600338
chr2	102731464	102731913
chr2	102734095	102734369
chr2	102747912	102748362
chr2	103548949	103549283
chr2	104283737	104284254
chr2	104440206	104440697
chr2	105699364	105699673
chr2	106234286	106234518
chr2	107929735	107930144
chr2	110861736	110862249
chr2	110863524	110863882
chr2	111829896	111830225
chr2	113626953	113627369
chr2	114469439	114469854
chr2	114575941	114576376
chr2	118870567	118870821
chr2	120109774	120110268
chr2	120301635	120302002
chr2	120865669	120865900
chr2	120891895	120892151
chr2	121041310	121041576
chr2	121156766	121157051
chr2	121199497	121199824
chr2	121297846	121298175
chr2	121561505	121561887
chr2	122246811	122247235
chr2	122288376	122288825
chr2	122535178	122535466
chr2	122549440	122549784
chr2	128168671	128169136
chr2	128171410	128171738
chr2	128212464	128212662
chr2	129352667	129353056
chr2	129544301	129544539
chr2	131887335	131887644
chr2	133011830	133013339
chr2	134262665	134263095
chr2	137205989	137206372
chr2	139535603	139535842
chr2	139571744	139572049
chr2	144187438	144187843
chr2	144502580	144503010
chr2	147382008	147382616
chr2	150845880	150846406
chr2	151044606	151045104
chr2	151267332	151267626
chr2	151334577	151334967
chr2	151335582	151335895
chr2	151383424	151383718
chr2	151773266	151773948
chr2	153916152	153916499
chr2	156602249	156602523
chr2	156672336	156672636
chr2	157287482	157287812
chr2	157792164	157792593
chr2	158722770	158723081
chr2	159830075	159830478
chr2	159922984	159923421
chr2	160067929	160068322
chr2	160817649	160818027
chr2	161037706	161037970
chr2	161110932	161111272
chr2	161593083	161593395
chr2	161991782	161992189
chr2	164555347	164555717
chr2	164922623	164923013
chr2	165545269	165545817
chr2	166661276	166661596
chr2	166914276	166914598
chr2	167873372	167873567
chr2	168244957	168245314
chr2	168360636	168360891
chr2	168365270	168365546
chr2	168366108	168366574
chr2	170199614	170200179
chr2	170979701	170979962
chr2	171516988	171517226
chr2	172128483	172128864
chr2	173033903	173034250
chr2	173574245	173574688
chr2	175816523	175816848
chr2	177392012	177392317
chr2	177400257	177400513
chr2	178261480	178261781
chr2	181595668	181596030
chr2	182171604	182171834
chr2	186994597	186995045
chr2	187383697	187384148
chr2	187636435	187636992
chr2	188061663	188061970
chr2	189279606	189279837
chr2	190365323	190365808
chr2	190701312	190701715
chr2	191001136	191001369
chr2	191333885	191334237
chr2	192030882	192031213
chr2	192788270	192788611
chr2	192952127	192952434
chr2	194952446	194952633
chr2	201184598	201184990
chr2	201186893	201187505
chr2	201270684	201270969
chr2	205204829	205205105
chr2	205348335	205348837
chr2	205357035	205357494
chr2	205509759	205510079
chr2	206550116	206550355
chr2	208661564	208661994
chr2	208712429	208712967
chr2	210233227	210233533
chr2	210244892	210245300
chr2	210360664	210361156
chr2	210892798	210893226
chr2	212273289	212273550
chr2	213359143	213359545
chr2	214103942	214104308
chr2	215595633	215595872
chr2	218196384	218196688
chr2	219224014	219224303
chr2	220572663	220572943
chr2	223478487	223478873
chr2	224425487	224425827
chr2	225349976	225350386
chr2	225867411	225867647
chr2	227024512	227024781
chr2	227050648	227051015
chr2	227514908	227515269
chr2	227552331	227552821
chr2	227605019	227605305
chr2	231602506	231602814
chr2	232660129	232660549
chr2	232755635	232755879
chr2	233853107	233853433
chr2	233979962	233980179
chr2	235271484	235272124
chr2	235732426	235732742
chr2	235889967	235890493
chr2	236177199	236177512
chr2	238200043	238200515
chr2	238522917	238523297
chr2	239194325	239194757
chr2	239334736	239335052
chr2	239772882	239773160
chr20	305933	306203
chr20	350928	351280
chr20	524449	524811
chr20	814215	814519
chr20	2082785	2083319
chr20	2633002	2633380
chr20	3022727	3023221
chr20	3203390	3203856
chr20	4918227	4918448
chr20	5825091	5825331
chr20	6039230	6039519
chr20	8315320	8315745
chr20	9049703	9050036
chr20	9274796	9275048
chr20	9282454	9282721
chr20	10635148	10635515
chr20	10842237	10842742
chr20	10905240	10905736
chr20	11134284	11134796
chr20	14303999	14304209
chr20	14745382	14745765
chr20	14810639	14810954
chr20	17511890	17512195
chr20	19957404	19957793
chr20	24998009	24998419
chr20	25488705	25489007
chr20	26188654	26189522
chr20	26189701	26190662
chr20	30196267	30196546
chr20	30292289	30292777
chr20	30307277	30308261
chr20	30828020	30828406
chr20	31465290	31465651
chr20	31766515	31766943
chr20	32149837	32150285
chr20	32526903	32527187
chr20	32768678	32768965
chr20	36753924	36754290
chr20	44600203	44600620
chr20	44992482	44992747
chr20	45191166	45191473
chr20	47612077	47612360
chr20	48345040	48345355
chr20	48384875	48385353
chr20	48782384	48782879
chr20	48983125	48983598
chr20	49378236	49378598
chr20	49575026	49575408
chr20	50366803	50367029
chr20	52354933	52355403
chr20	52684059	52684489
chr20	52740331	52740597
chr20	57220654	57220965
chr20	61880552	61880891
chr20	62152379	62152628
chr20	62606404	62606650
chr21	9825354	9827755
chr21	16113561	16114026
chr21	16655012	16655300
chr21	16665518	16665866
chr21	17078980	17079357
chr21	17792438	17792848
chr21	18264146	18264533
chr21	18868015	18868411
chr21	18873771	18874117
chr21	19191600	19191995
chr21	20693988	20694347
chr21	20913863	20914253
chr21	26088608	26088892
chr21	28313781	28314025
chr21	28419982	28420417
chr21	28483141	28483943
chr21	28491946	28492172
chr21	29765609	29766076
chr21	33606233	33606637
chr21	34659459	34659784
chr21	35173889	35174304
chr21	36217253	36217587
chr21	37560349	37560676
chr21	38937086	38937454
chr21	39858202	39858534
chr21	39860062	39860583
chr21	39895910	39896325
chr21	40317526	40317776
chr21	40351076	40351442
chr21	41234987	41235527
chr21	41426322	41426656
chr21	42613303	42613698
chr21	42849900	42850259
chr21	42955103	42955504
chr21	43025741	43026103
chr21	43098518	43098837
chr21	43203607	43204074
chr21	43758112	43758485
chr21	43982011	43982234
chr21	44153188	44153613
chr21	44394008	44394404
chr21	44763028	44763365
chr21	44821104	44821330
chr21	45029545	45029868
chr21	45132001	45132517
chr21	45436110	45436386
chr21	45663857	45664231
chr21	46193531	46193891
chr21	46749966	46750334
chr21	47743874	47744264
chr22	18484261	18484589
chr22	19466653	19467007
chr22	21213001	21213310
chr22	23317511	23317693
chr22	23560973	23561254
chr22	24372743	24373083
chr22	25123134	25123450
chr22	25290369	25290813
chr22	25796793	25797341
chr22	25884104	25884591
chr22	27054940	27055173
chr22	28282264	28282678
chr22	28423371	28423666
chr22	28425087	28425500
chr22	28577269	28577802
chr22	29319874	29320345
chr22	29663946	29664376
chr22	30017935	30018439
chr22	30021529	30021817
chr22	30592391	30593122
chr22	30608440	30608865
chr22	30694284	30694679
chr22	30707418	30707775
chr22	31051471	31051897
chr22	31451620	31451972
chr22	31527655	31528083
chr22	31575322	31575604
chr22	32042558	32042957
chr22	35872184	35872594
chr22	35873961	35874212
chr22	36018555	36018947
chr22	36231857	36232279
chr22	36310602	36311045
chr22	36424732	36425039
chr22	37945735	37946100
chr22	39052281	39052740
chr22	39114466	39114867
chr22	39320298	39320862
chr22	39541704	39542019
chr22	39570779	39571115
chr22	39635582	39635890
chr22	39688716	39689086
chr22	39824792	39825265
chr22	40552015	40552399
chr22	41684253	41684688
chr22	42068139	42068397
chr22	43336248	43336538
chr22	45809358	45809703
chr22	46839629	46840059
chr22	46846900	46847219
chr22	48324409	48324759
chr22	50769538	50769794
chr3	5028436	5028836
chr3	8486100	8486458
chr3	8540908	8541317
chr3	8978731	8978978
chr3	9236171	9236507
chr3	9391044	9391369
chr3	9656907	9657346
chr3	9690759	9691202
chr3	9834382	9834772
chr3	11522246	11522603
chr3	14377926	14378255
chr3	14494284	14494717
chr3	15642971	15643265
chr3	16978873	16979112
chr3	17771931	17772269
chr3	20090940	20091379
chr3	23121505	23121875
chr3	23136572	23136923
chr3	23137482	23137855
chr3	23329774	23330053
chr3	23782576	23782939
chr3	25957681	25958103
chr3	27401978	27402260
chr3	27575446	27575743
chr3	27648824	27649263
chr3	29274607	29274966
chr3	29526143	29526412
chr3	29527409	29527905
chr3	30374422	30374649
chr3	30396520	30396893
chr3	30398699	30399049
chr3	30518228	30518642
chr3	30647671	30647986
chr3	30700783	30701290
chr3	32010419	32010898
chr3	32321760	32322154
chr3	32463699	32464044
chr3	32511292	32511651
chr3	32599192	32599519
chr3	33467556	33467891
chr3	36529661	36529999
chr3	39093246	39093629
chr3	41309478	41309920
chr3	42003439	42003866
chr3	42121946	42122379
chr3	42217247	42217624
chr3	42306175	42306422
chr3	42417833	42418131
chr3	42531806	42532171
chr3	42787984	42788387
chr3	42861418	42861744
chr3	43920788	43921073
chr3	46972474	46972925
chr3	47323832	47324235
chr3	48700181	48700496
chr3	49783394	49783716
chr3	50243483	50243668
chr3	50358890	50359215
chr3	53179311	53179679
chr3	53309514	53309903
chr3	57143830	57144193
chr3	58149805	58150178
chr3	58456877	58457506
chr3	59646497	59646906
chr3	60188152	60188455
chr3	60191929	60192321
chr3	60693726	60694233
chr3	60729609	60729889
chr3	61185408	61185851
chr3	61630822	61631108
chr3	64172712	64173224
chr3	64407699	64408214
chr3	65939040	65939494
chr3	66653655	66654032
chr3	66692486	66692842
chr3	67362523	67363017
chr3	67375714	67375984
chr3	68968209	68968448
chr3	70776245	70776582
chr3	71244599	71245036
chr3	71633154	71633345
chr3	72202005	72202271
chr3	73140111	73140409
chr3	73626864	73627246
chr3	77874693	77874920
chr3	79068671	79069051
chr3	79700488	79701293
chr3	79786745	79787203
chr3	79986744	79987181
chr3	80089151	80089433
chr3	80146773	80147214
chr3	86925991	86926243
chr3	87382409	87382871
chr3	87417018	87417228
chr3	90080443	90080873
chr3	93707162	93707449
chr3	94506560	94506888
chr3	97298200	97298617
chr3	98671270	98671642
chr3	98696347	98696684
chr3	99392938	99393252
chr3	99725446	99725795
chr3	101292434	101292855
chr3	102452720	102453031
chr3	103925708	103926108
chr3	104107513	104107761
chr3	107688846	107689220
chr3	107718221	107718582
chr3	110752558	110752908
chr3	111623522	111623896
chr3	111780059	111780509
chr3	111828259	111828473
chr3	112470969	112471327
chr3	112541469	112541793
chr3	112950603	112951231
chr3	113616059	113616382
chr3	114081721	114081965
chr3	114548528	114548887
chr3	116778011	116778286
chr3	117117443	117117684
chr3	119866337	119866633
chr3	120151300	120151720
chr3	120176610	120177055
chr3	121662361	121662705
chr3	123128543	123128912
chr3	123351120	123351352
chr3	123985355	123985788
chr3	124271079	124271440
chr3	124605391	124605615
chr3	124722175	124722521
chr3	128038681	128038970
chr3	129513820	129514113
chr3	129574114	129574320
chr3	129627153	129627543
chr3	130810669	130811108
chr3	130996959	130997307
chr3	131944535	131944753
chr3	133162979	133163302
chr3	134083393	134083860
chr3	138542581	138542906
chr3	139077719	139078339
chr3	141836018	141836319
chr3	142925999	142926572
chr3	143162884	143163284
chr3	143991493	143991892
chr3	148600101	148600484
chr3	155664034	155664295
chr3	158747900	158748200
chr3	159710407	159710779
chr3	161607930	161608196
chr3	166843775	166844252
chr3	168058797	168059210
chr3	169384915	169385331
chr3	169587717	169587985
chr3	169939669	169940322
chr3	170773385	170773706
chr3	170916948	170917256
chr3	171690889	171691276
chr3	172370889	172371365
chr3	172468102	172468468
chr3	174577666	174577913
chr3	174691308	174691608
chr3	174868542	174868987
chr3	175308439	175308879
chr3	175319372	175319694
chr3	175885027	175885500
chr3	176133421	176134030
chr3	176506853	176507502
chr3	176623079	176623512
chr3	176671393	176671789
chr3	176996969	176997341
chr3	176999712	177000316
chr3	177012995	177013375
chr3	177077613	177077992
chr3	177196177	177196777
chr3	177291939	177292310
chr3	177336764	177337161
chr3	177488573	177488981
chr3	178276352	178276782
chr3	181342075	181342469
chr3	183852230	183852703
chr3	184084709	184085068
chr3	184089435	184089775
chr3	185080651	185081046
chr3	185263096	185263445
chr3	185514352	185514786
chr3	185815414	185816034
chr3	185826767	185827230
chr3	185842392	185842901
chr3	186142669	186142989
chr3	186882808	186883232
chr3	187463097	187463614
chr3	187608210	187608551
chr3	187782562	187783304
chr3	188985862	188986308
chr3	189010676	189011282
chr3	189022012	189022915
chr3	189034081	189034541
chr3	189042191	189042987
chr3	189119979	189120411
chr3	189433379	189433733
chr3	189781969	189782317
chr3	190063008	190063641
chr3	190427184	190427703
chr3	190439200	190439502
chr3	190529548	190529949
chr3	191512996	191513256
chr3	191778067	191778569
chr3	192543398	192543869
chr3	193523243	193523538
chr3	193570017	193570439
chr3	193722972	193723263
chr3	193848682	193849318
chr3	193852480	193853045
chr3	193902245	193902612
chr3	194233468	194234000
chr3	194314096	194314503
chr3	194392846	194393299
chr3	194451081	194451450
chr3	194722777	194723272
chr3	194754062	194754607
chr3	195101630	195102096
chr3	195310722	195311045
chr3	197098803	197099253
chr4	1556652	1556934
chr4	3486416	3486708
chr4	4506897	4507199
chr4	4508816	4509076
chr4	6919383	6919642
chr4	7807157	7807668
chr4	7863050	7863478
chr4	7874010	7874373
chr4	7942878	7943261
chr4	11470634	11470885
chr4	13162493	13162794
chr4	13485931	13486358
chr4	13600727	13601058
chr4	16142431	16143042
chr4	16198007	16198425
chr4	16420469	16420926
chr4	18023685	18024089
chr4	18724383	18724759
chr4	19740946	19741444
chr4	19754209	19754622
chr4	21770004	21770263
chr4	22459847	22460087
chr4	24012045	24012503
chr4	25013164	25013409
chr4	27128547	27128850
chr4	30771942	30772434
chr4	30838758	30839124
chr4	31090610	31090856
chr4	31091396	31091817
chr4	32198531	32198947
chr4	37009839	37010119
chr4	37664659	37665092
chr4	38607425	38607827
chr4	39044882	39045108
chr4	40516514	40516856
chr4	40771312	40771668
chr4	42659217	42659557
chr4	43845505	43845874
chr4	48129075	48129661
chr4	48335636	48335932
chr4	48701543	48701877
chr4	52958045	52958360
chr4	54930478	54930847
chr4	57276373	57276727
chr4	58772159	58772372
chr4	61266273	61266576
chr4	61477615	61477874
chr4	62386617	62386900
chr4	62784735	62785123
chr4	63099212	63099501
chr4	64583121	64583518
chr4	66282590	66282927
chr4	66378657	66379018
chr4	69215661	69215929
chr4	71450198	71450625
chr4	71789620	71790036
chr4	74088693	74088983
chr4	74141045	74141402
chr4	74299998	74300454
chr4	74316367	74316702
chr4	74472149	74472523
chr4	74542678	74543223
chr4	74606220	74606464
chr4	75371337	75371608
chr4	77469872	77470284
chr4	77480565	77481057
chr4	78842927	78843266
chr4	79047061	79047307
chr4	79465022	79465392
chr4	79490424	79490857
chr4	79550478	79550732
chr4	81228448	81228965
chr4	82393142	82393614
chr4	82407627	82408028
chr4	82548750	82549163
chr4	82553004	82553620
chr4	82571858	82572371
chr4	83701910	83702327
chr4	83707191	83707483
chr4	83733236	83733596
chr4	83934151	83934436
chr4	84278328	84278675
chr4	84526844	84527337
chr4	84527971	84528357
chr4	85873224	85873541
chr4	86013709	86014107
chr4	86782542	86782777
chr4	87927906	87928199
chr4	88010502	88010883
chr4	88038506	88039007
chr4	88109300	88109620
chr4	88225785	88226143
chr4	90147894	90148208
chr4	90493501	90493808
chr4	93158157	93158407
chr4	93520152	93520513
chr4	93891134	93891499
chr4	95949394	95949712
chr4	96226063	96226545
chr4	96284007	96284296
chr4	97329007	97329435
chr4	98160489	98160827
chr4	99013962	99014257
chr4	99773011	99773322
chr4	102874222	102874600
chr4	103658337	103658682
chr4	103682454	103682832
chr4	104119486	104119768
chr4	106013448	106013942
chr4	106600371	106600617
chr4	108363960	108364253
chr4	111093988	111094491
chr4	111332958	111333222
chr4	111455152	111455598
chr4	113020869	113021208
chr4	113770046	113770389
chr4	114063018	114063352
chr4	114880217	114880716
chr4	115021577	115021877
chr4	115703866	115704282
chr4	118321196	118321573
chr4	119744481	119744935
chr4	121220682	121221155
chr4	122098774	122099124
chr4	124426833	124427133
chr4	124476537	124476946
chr4	124594124	124594471
chr4	124671242	124671678
chr4	124815449	124815778
chr4	124910785	124911176
chr4	125239417	125239825
chr4	127275921	127276297
chr4	128182655	128182971
chr4	128630065	128630510
chr4	129146265	129146546
chr4	129447090	129447416
chr4	129517323	129517681
chr4	134486460	134487047
chr4	138291321	138291794
chr4	138585286	138585666
chr4	139063398	139063695
chr4	139497881	139498231
chr4	139936549	139936981
chr4	140003929	140004306
chr4	140065660	140065865
chr4	141075223	141075460
chr4	141649218	141649564
chr4	142271173	142271656
chr4	142312908	142313326
chr4	142723489	142723867
chr4	142774276	142774900
chr4	143012692	143013173
chr4	143016958	143017416
chr4	143394901	143395342
chr4	144273179	144273608
chr4	148233560	148233887
chr4	148419164	148419399
chr4	148439972	148440382
chr4	149814222	149814697
chr4	150081504	150081869
chr4	150185139	150185562
chr4	151040606	151040985
chr4	151165721	151166118
chr4	151788252	151788616
chr4	151956431	151956737
chr4	152149757	152150031
chr4	152852661	152853127
chr4	152967581	152967964
chr4	153602287	153602695
chr4	153877812	153878132
chr4	154088341	154088744
chr4	154125189	154125718
chr4	156347933	156348566
chr4	156626812	156627220
chr4	156682897	156683345
chr4	157852454	157852878
chr4	157863107	157863550
chr4	160498383	160498768
chr4	160606620	160607127
chr4	161752652	161753076
chr4	163444301	163444578
chr4	165422253	165422653
chr4	165909991	165910309
chr4	166686239	166686531
chr4	167013974	167014263
chr4	168106632	168106981
chr4	168117624	168117898
chr4	169074953	169075234
chr4	169481331	169481808
chr4	169991158	169991602
chr4	169991926	169992307
chr4	170065193	170065547
chr4	173883660	173884043
chr4	174139750	174140182
chr4	174173364	174173784
chr4	174256246	174256487
chr4	176856155	176856425
chr4	179358278	179358658
chr4	180066955	180067204
chr4	180337019	180337264
chr4	180738965	180739312
chr4	180764347	180764751
chr4	182878182	182878648
chr4	183006026	183006688
chr4	183426835	183427082
chr4	184015385	184015658
chr4	184424584	184425031
chr4	184659072	184659613
chr4	184686308	184686647
chr4	185858201	185858942
chr4	186347037	186347433
chr4	186713827	186714208
chr4	187475619	187475892
chr4	187657021	187657439
chr4	189897799	189898051
chr5	149832	150265
chr5	1247003	1247471
chr5	1316222	1316703
chr5	1800147	1800442
chr5	10249922	10250412
chr5	10551308	10551769
chr5	12392313	12392776
chr5	17375614	17376020
chr5	17797065	17797462
chr5	17801702	17801989
chr5	17897827	17898211
chr5	17951946	17952188
chr5	18792342	18792572
chr5	19880881	19881272
chr5	20007267	20007884
chr5	20359505	20359852
chr5	20360333	20360728
chr5	21152736	21153134
chr5	21340310	21340645
chr5	21623924	21624215
chr5	24547224	24547639
chr5	26847427	26847766
chr5	27093345	27093739
chr5	27437907	27438240
chr5	30099684	30100074
chr5	30505682	30506096
chr5	30604635	30605204
chr5	30655044	30655351
chr5	31107079	31107740
chr5	31870556	31870815
chr5	32760204	32760439
chr5	32814751	32815016
chr5	32852446	32852907
chr5	34246135	34246299
chr5	34585746	34586095
chr5	34717844	34718422
chr5	36502616	36502951
chr5	37668450	37668941
chr5	38576511	38576872
chr5	38783073	38783531
chr5	39616276	39616632
chr5	42812030	42812360
chr5	43422174	43422645
chr5	43428091	43428418
chr5	43432565	43432999
chr5	49951685	49951948
chr5	50886054	50886296
chr5	52728857	52729361
chr5	54897005	54897328
chr5	54964243	54964606
chr5	55652399	55652713
chr5	55933912	55934363
chr5	57099698	57100156
chr5	58317041	58317385
chr5	58676776	58677069
chr5	59095188	59095528
chr5	63961146	63961444
chr5	64064443	64064843
chr5	64235528	64235876
chr5	64706487	64706725
chr5	66125612	66125930
chr5	67752624	67752995
chr5	71146569	71146992
chr5	71953986	71954286
chr5	72251650	72252071
chr5	72252636	72252897
chr5	72577250	72577567
chr5	72617533	72617820
chr5	73088540	73088932
chr5	73359650	73359978
chr5	75875068	75875523
chr5	76005577	76005891
chr5	77300918	77301146
chr5	85110485	85110767
chr5	89592800	89593221
chr5	89854216	89854630
chr5	92498710	92499102
chr5	92527732	92528119
chr5	92581916	92582508
chr5	93013018	93013428
chr5	93356952	93357354
chr5	93363733	93364027
chr5	93576308	93576798
chr5	94728296	94728620
chr5	97685466	97685798
chr5	97849114	97849434
chr5	100963110	100963393
chr5	101265323	101265669
chr5	101331273	101331668
chr5	102085167	102085432
chr5	102131663	102132040
chr5	102759665	102760037
chr5	105525084	105525398
chr5	107008145	107008427
chr5	107548672	107548906
chr5	107651496	107651747
chr5	108804404	108804729
chr5	109079668	109079993
chr5	111496218	111496589
chr5	111564463	111564834
chr5	111748010	111748330
chr5	115830781	115831173
chr5	117067125	117067515
chr5	119790082	119790394
chr5	123392573	123393084
chr5	123496946	123497370
chr5	123501406	123501765
chr5	123935294	123935736
chr5	123974645	123975012
chr5	123991584	123992010
chr5	123996337	123996706
chr5	123996946	123997549
chr5	123997933	123998476
chr5	124237755	124238133
chr5	124511575	124512222
chr5	124613129	124613537
chr5	124746341	124746794
chr5	124748555	124749011
chr5	124820814	124821232
chr5	124915857	124916254
chr5	127270508	127270944
chr5	127534817	127535151
chr5	127536792	127537139
chr5	127734888	127735277
chr5	127738181	127738667
chr5	127738983	127739360
chr5	130233493	130233797
chr5	130722414	130722865
chr5	133389766	133390041
chr5	133580990	133581336
chr5	133862468	133862787
chr5	134073374	134073719
chr5	137169168	137169533
chr5	137673364	137673980
chr5	138052471	138052886
chr5	142060495	142060761
chr5	142249512	142249840
chr5	142488356	142488830
chr5	143037412	143037784
chr5	145061186	145061551
chr5	145361368	145361852
chr5	145671036	145671275
chr5	148293684	148293956
chr5	149014503	149014764
chr5	149317115	149317586
chr5	149853731	149854109
chr5	149897398	149897683
chr5	150017115	150017429
chr5	150284485	150284937
chr5	150394466	150394837
chr5	150948904	150949238
chr5	151285879	151286249
chr5	153666721	153666988
chr5	154092022	154092389
chr5	157386324	157386664
chr5	158766474	158766838
chr5	159008886	159009232
chr5	159333865	159334278
chr5	162806597	162806869
chr5	168036723	168037188
chr5	169949356	169949812
chr5	169961037	169961422
chr5	169998503	169998892
chr5	169999440	169999844
chr5	170179315	170179709
chr5	173251263	173251551
chr5	173344905	173345252
chr5	175610818	175611073
chr5	176433635	176434020
chr5	176677041	176677485
chr5	179921081	179921566
chr5	180288296	180288645
chr5	180312948	180313303
chr6	908085	908453
chr6	1024833	1025263
chr6	1039308	1039734
chr6	1724291	1724724
chr6	1838842	1839290
chr6	3310968	3311366
chr6	4254132	4254407
chr6	4321128	4321551
chr6	4466480	4466821
chr6	6678472	6678838
chr6	6678964	6679471
chr6	6697057	6697330
chr6	6759331	6759748
chr6	6821253	6821603
chr6	6851264	6851629
chr6	7201389	7201732
chr6	11277347	11277773
chr6	11434892	11435337
chr6	11650420	11650965
chr6	13423154	13423657
chr6	13509333	13509639
chr6	18142116	18142349
chr6	18280414	18280775
chr6	18493546	18493868
chr6	18507279	18507516
chr6	20127518	20127817
chr6	21111642	21112068
chr6	21201800	21202284
chr6	21381759	21382076
chr6	22448510	22448943
chr6	22471343	22471685
chr6	24313665	24313976
chr6	24341447	24341766
chr6	24721047	24721497
chr6	26311935	26312313
chr6	26925660	26925836
chr6	27097219	27097542
chr6	28949946	28950258
chr6	30524242	30524485
chr6	30675061	30675386
chr6	30695986	30696290
chr6	30731849	30732317
chr6	32121602	32121894
chr6	33567227	33567671
chr6	33726655	33726978
chr6	33950856	33951195
chr6	34504400	34504803
chr6	34992479	34992833
chr6	35299987	35300285
chr6	35382915	35383317
chr6	37071074	37071520
chr6	37786808	37787325
chr6	37824205	37824462
chr6	39652977	39653373
chr6	41390073	41390370
chr6	42688631	42688949
chr6	42847353	42847796
chr6	42858445	42858788
chr6	43142373	43142572
chr6	43484486	43484764
chr6	43842043	43842374
chr6	43868845	43869076
chr6	44036464	44036765
chr6	44205240	44205665
chr6	45413586	45414005
chr6	45917011	45917334
chr6	45919404	45919891
chr6	46081098	46081505
chr6	47102481	47102811
chr6	47120894	47121268
chr6	47256051	47256364
chr6	47431833	47432123
chr6	48929740	48930007
chr6	49420888	49421112
chr6	49464977	49465460
chr6	49524219	49524639
chr6	52108064	52108392
chr6	52217161	52217548
chr6	52416188	52416683
chr6	52977329	52977612
chr6	54000725	54001125
chr6	54483283	54483729
chr6	54519921	54520337
chr6	56302235	56302691
chr6	56517652	56518119
chr6	56548772	56549081
chr6	56733499	56733809
chr6	57239541	57239832
chr6	58776000	58779404
chr6	64226052	64226403
chr6	64345563	64345869
chr6	68874614	68874901
chr6	69625539	69625836
chr6	69708263	69708553
chr6	72114406	72115040
chr6	74295305	74295622
chr6	75366695	75367136
chr6	75701702	75701942
chr6	76234016	76234628
chr6	77559277	77559546
chr6	79010690	79010927
chr6	80145934	80146301
chr6	80163187	80163750
chr6	80382497	80382834
chr6	83041101	83041312
chr6	83073131	83073509
chr6	83757144	83757419
chr6	84525310	84525632
chr6	85474190	85474494
chr6	86168493	86168793
chr6	86208534	86208961
chr6	86904581	86904977
chr6	88211883	88212343
chr6	88441629	88442084
chr6	89533683	89534036
chr6	90650179	90650492
chr6	90927694	90928045
chr6	91006443	91006780
chr6	92323923	92324341
chr6	95067286	95067684
chr6	99635179	99635665
chr6	99664060	99664309
chr6	100745036	100745494
chr6	105821736	105822233
chr6	107830615	107831160
chr6	108879067	108879273
chr6	108879548	108879959
chr6	109028598	109028810
chr6	109071783	109072046
chr6	109703692	109704079
chr6	111334300	111334641
chr6	112271788	112272108
chr6	112604803	112605140
chr6	112884586	112885007
chr6	113861775	113862090
chr6	113917105	113917465
chr6	113918096	113918481
chr6	114179699	114180062
chr6	114292286	114292621
chr6	116851704	116851989
chr6	117869986	117870335
chr6	122384291	122384669
chr6	122391121	122391474
chr6	122396168	122396514
chr6	124811220	124811673
chr6	125796176	125796520
chr6	126428415	126428927
chr6	126978729	126978986
chr6	127018226	127018496
chr6	127780446	127780747
chr6	128891804	128892141
chr6	129639469	129639852
chr6	132185084	132185312
chr6	133662720	133663193
chr6	133824544	133824935
chr6	134427040	134427313
chr6	135502291	135502577
chr6	136257184	136257515
chr6	137322489	137322735
chr6	137405128	137405399
chr6	138407700	138407947
chr6	139696486	139696807
chr6	139977158	139977492
chr6	140298944	140299409
chr6	140302890	140303230
chr6	140459410	140459683
chr6	141873709	141874073
chr6	142644476	142645031
chr6	143997111	143997451
chr6	144066570	144066961
chr6	144261170	144261476
chr6	144585375	144585672
chr6	146009737	146010081
chr6	147306233	147306652
chr6	148512959	148513350
chr6	148514093	148514443
chr6	148628643	148629000
chr6	150633608	150633878
chr6	150959964	150960215
chr6	150993957	150994335
chr6	151135192	151135472
chr6	151362171	151362668
chr6	151365657	151366508
chr6	151388954	151389367
chr6	151481968	151482468
chr6	151712929	151713233
chr6	151997531	151997864
chr6	152002095	152002583
chr6	152379073	152379315
chr6	154832441	154832806
chr6	154911879	154912245
chr6	155568741	155569069
chr6	156103656	156103897
chr6	156701339	156701690
chr6	157515009	157515333
chr6	158403300	158403589
chr6	158604472	158604723
chr6	159274365	159274768
chr6	159288265	159288710
chr6	162624313	162624794
chr6	164000902	164001252
chr6	164064913	164065272
chr6	166679887	166680126
chr6	168547962	168548279
chr6	168868614	168869053
chr6	170351341	170351649
chr7	1494813	1495086
chr7	1543927	1544240
chr7	1576748	1577109
chr7	2393658	2394493
chr7	2563672	2564166
chr7	2567327	2567813
chr7	4784452	4784865
chr7	5466271	5466614
chr7	5553753	5554032
chr7	6487986	6488285
chr7	7139163	7139572
chr7	7216757	7217052
chr7	7361339	7361804
chr7	7646648	7647098
chr7	7962389	7962752
chr7	8036042	8036518
chr7	11564000	11564522
chr7	11746764	11747131
chr7	11825724	11826251
chr7	11873165	11873494
chr7	12584191	12584522
chr7	12811265	12811568
chr7	12879424	12879801
chr7	12991154	12991445
chr7	15365740	15366015
chr7	16242649	16242996
chr7	16524385	16524777
chr7	16685406	16685811
chr7	16944846	16945236
chr7	17029475	17029837
chr7	17169971	17170259
chr7	19547740	19548063
chr7	19998013	19998375
chr7	20009761	20010024
chr7	20289513	20290090
chr7	20392578	20393015
chr7	20784464	20785068
chr7	21084056	21084398
chr7	21126373	21126719
chr7	21232254	21232625
chr7	21978858	21979265
chr7	21984309	21984607
chr7	22397332	22397735
chr7	23374215	23374651
chr7	24517292	24517730
chr7	26053275	26053674
chr7	26100940	26101198
chr7	26812135	26812484
chr7	27702635	27702908
chr7	28195627	28195933
chr7	28395511	28395862
chr7	28612766	28613113
chr7	29140105	29140538
chr7	29149363	29149692
chr7	30027660	30027996
chr7	30033656	30034056
chr7	30278484	30278872
chr7	30558723	30559044
chr7	30588458	30588762
chr7	30711413	30711734
chr7	34787846	34788346
chr7	34878111	34878353
chr7	36298094	36298460
chr7	36510749	36511103
chr7	38262093	38262479
chr7	41085277	41085510
chr7	43233359	43233801
chr7	43687523	43687952
chr7	43908935	43909267
chr7	44078751	44079071
chr7	46186429	46186716
chr7	46630888	46631106
chr7	47022366	47022801
chr7	47078681	47079364
chr7	47192691	47193069
chr7	47411389	47411806
chr7	47420362	47420794
chr7	47445486	47445863
chr7	47510265	47510565
chr7	47514858	47515279
chr7	47615959	47616336
chr7	47644490	47644988
chr7	47885728	47886086
chr7	50685869	50686301
chr7	55035098	55035454
chr7	61968851	61969758
chr7	65210665	65211028
chr7	72288314	72288604
chr7	73160912	73161151
chr7	73697141	73697393
chr7	73879267	73879541
chr7	73893575	73893892
chr7	73898003	73898438
chr7	74049810	74050282
chr7	75282101	75282409
chr7	75544152	75544537
chr7	75738329	75738675
chr7	77308935	77309323
chr7	80050162	80050539
chr7	80571604	80572058
chr7	80803050	80803573
chr7	80804677	80805188
chr7	82329053	82329353
chr7	83176818	83177288
chr7	83651890	83652582
chr7	83654685	83655011
chr7	83689916	83690337
chr7	83751971	83752314
chr7	83875264	83875549
chr7	84041518	84041985
chr7	84165474	84165804
chr7	84703203	84703648
chr7	84971153	84971438
chr7	86948426	86948801
chr7	88672239	88672517
chr7	89348323	89348583
chr7	89699480	89699826
chr7	92129358	92129678
chr7	94209829	94210149
chr7	94213358	94213699
chr7	95238023	95238352
chr7	95238971	95239246
chr7	99698041	99698492
chr7	99724693	99725006
chr7	99844909	99845337
chr7	100271023	100271403
chr7	100540014	100540271
chr7	101151137	101151502
chr7	101383015	101383285
chr7	101526178	101526786
chr7	101773176	101773546
chr7	103300989	103301453
chr7	104909419	104909806
chr7	105289212	105289651
chr7	105305311	105305539
chr7	105322744	105323160
chr7	105712507	105712774
chr7	106808959	106809291
chr7	107383883	107384261
chr7	107634422	107634751
chr7	107740091	107740364
chr7	111064860	111065169
chr7	111743344	111743621
chr7	113725745	113726154
chr7	114054304	114054700
chr7	114563272	114563464
chr7	115364400	115364818
chr7	115602471	115602825
chr7	115995100	115995496
chr7	116809896	116810275
chr7	120504564	120504897
chr7	121145149	121145402
chr7	123161954	123162377
chr7	123438064	123438395
chr7	125416247	125416478
chr7	125666539	125667142
chr7	130579075	130579367
chr7	134464050	134464460
chr7	134976660	134976936
chr7	135401399	135401781
chr7	135458976	135459257
chr7	139283274	139283554
chr7	142869430	142869843
chr7	146236961	146237315
chr7	146351191	146351551
chr7	148892479	148892889
chr7	150810639	150810937
chr7	151386680	151386939
chr7	152157614	152157992
chr7	154794813	154795101
chr8	224212	224679
chr8	580831	581276
chr8	5997404	5997846
chr8	6709810	6710187
chr8	8127768	8128335
chr8	8146064	8146378
chr8	8318795	8319097
chr8	10950011	10950328
chr8	17681008	17681379
chr8	17941559	17941931
chr8	19128760	19128986
chr8	20266663	20267166
chr8	20269701	20270144
chr8	21776787	21777125
chr8	27316746	27316980
chr8	28984174	28984503
chr8	30388935	30389408
chr8	31143585	31144021
chr8	31209401	31209656
chr8	32143360	32143846
chr8	33313378	33313705
chr8	35184675	35184981
chr8	35234800	35235284
chr8	35344578	35344823
chr8	36930977	36931390
chr8	37585868	37586187
chr8	38259003	38259422
chr8	38814867	38815269
chr8	39328744	39328988
chr8	39912138	39912518
chr8	41651353	41651620
chr8	41960514	41960907
chr8	41983446	41983806
chr8	42398067	42398537
chr8	42513822	42514195
chr8	48678247	48678472
chr8	48873135	48873505
chr8	52811552	52811848
chr8	53379536	53379870
chr8	54857512	54857984
chr8	55940732	55941285
chr8	58137941	58138355
chr8	59425788	59426134
chr8	60978012	60978437
chr8	61532252	61532611
chr8	66841350	66841876
chr8	66845542	66846057
chr8	66918930	66919267
chr8	66938797	66939138
chr8	67140973	67141262
chr8	67687073	67687387
chr8	69459934	69460222
chr8	69833190	69833542
chr8	69937859	69938340
chr8	69982986	69983493
chr8	70070694	70071167
chr8	70602211	70602825
chr8	74091572	74091999
chr8	74120135	74120556
chr8	74985322	74985804
chr8	75023423	75023715
chr8	75916290	75916681
chr8	76242657	76242997
chr8	77087865	77088182
chr8	77491311	77491684
chr8	77968038	77968473
chr8	78478268	78478611
chr8	79428181	79428564
chr8	80996438	80996865
chr8	81278998	81279444
chr8	81397519	81397897
chr8	82092245	82092452
chr8	82726212	82726576
chr8	83985686	83985944
chr8	85133213	85133504
chr8	87120923	87121179
chr8	91336392	91336789
chr8	92316748	92317143
chr8	93515864	93516219
chr8	94916409	94916846
chr8	94965153	94965407
chr8	96210351	96210727
chr8	97273799	97274162
chr8	97591046	97591425
chr8	98556715	98557151
chr8	99956371	99956759
chr8	100012051	100012546
chr8	101693552	101693914
chr8	102063622	102064298
chr8	102372969	102373582
chr8	102388332	102388870
chr8	102449165	102449710
chr8	102620032	102620463
chr8	103120225	103120625
chr8	106530535	106530851
chr8	107669717	107670092
chr8	108503592	108503989
chr8	108507407	108507810
chr8	110054379	110054697
chr8	110094715	110095213
chr8	110108098	110108454
chr8	110650185	110650521
chr8	112708066	112708407
chr8	117630374	117630848
chr8	117822807	117823071
chr8	118956624	118956872
chr8	119974119	119974600
chr8	121085317	121085746
chr8	121821850	121822214
chr8	122109668	122110093
chr8	122613823	122614113
chr8	122682056	122682302
chr8	122709606	122709926
chr8	123688328	123688548
chr8	123860136	123860463
chr8	124000324	124000610
chr8	124186362	124186805
chr8	125212321	125212900
chr8	125454435	125454670
chr8	126442328	126442678
chr8	126592000	126592456
chr8	126845336	126845559
chr8	127387490	127388100
chr8	127401709	127402220
chr8	127488578	127489129
chr8	128864285	128864588
chr8	128882826	128883286
chr8	128888897	128889380
chr8	129047288	129047651
chr8	130423643	130424079
chr8	131124820	131125210
chr8	134254999	134255314
chr8	134353745	134354053
chr8	141849173	141849663
chr8	142164039	142164543
chr8	144679570	144679836
chr8	145978143	145978465
chr9	1458461	1458798
chr9	1460147	1460491
chr9	1538346	1538650
chr9	1707234	1707659
chr9	4038118	4038564
chr9	6413020	6413290
chr9	7267220	7267575
chr9	13049347	13049720
chr9	14251282	14251695
chr9	14424287	14424656
chr9	15276629	15276922
chr9	15510887	15511305
chr9	16815996	16816488
chr9	16828678	16829089
chr9	26356409	26356871
chr9	27385593	27385915
chr9	28212927	28213353
chr9	31355835	31356274
chr9	31776487	31776880
chr9	33161604	33162010
chr9	33329204	33329581
chr9	34073108	34073462
chr9	34186092	34186652
chr9	34279566	34279886
chr9	34637623	34637974
chr9	35518055	35518600
chr9	36273425	36273642
chr9	36924043	36924366
chr9	38047213	38047645
chr9	38047666	38047969
chr9	38672113	38672613
chr9	38681767	38682103
chr9	38682649	38683087
chr9	68495400	68495808
chr9	73028822	73029155
chr9	73034895	73035254
chr9	74373738	74374157
chr9	75207599	75207933
chr9	75752100	75752748
chr9	75764388	75764698
chr9	75788704	75789008
chr9	75794389	75794841
chr9	75962609	75962965
chr9	75986748	75987019
chr9	77844772	77845103
chr9	78990051	78990446
chr9	79087965	79088283
chr9	79186458	79186996
chr9	80816131	80816416
chr9	81871475	81871857
chr9	84202999	84203437
chr9	85554478	85554691
chr9	88660879	88661295
chr9	90812652	90813001
chr9	91321212	91321647
chr9	92762258	92762635
chr9	93319178	93319658
chr9	93666247	93666570
chr9	93667341	93667729
chr9	93726557	93726804
chr9	93822775	93823086
chr9	94195547	94195899
chr9	94298719	94298967
chr9	95895542	95895793
chr9	96048876	96049296
chr9	97456370	97456729
chr9	97460276	97460653
chr9	97684496	97684963
chr9	97713223	97713637
chr9	97757990	97758398
chr9	100639534	100639821
chr9	100934854	100935285
chr9	100985610	100985998
chr9	103400098	103400330
chr9	104761745	104762046
chr9	107364258	107364512
chr9	108675049	108675391
chr9	109679242	109679644
chr9	111206850	111207198
chr9	111716255	111716529
chr9	114278319	114278569
chr9	114792275	114792632
chr9	115536593	115536997
chr9	116342839	116343120
chr9	117541623	117542104
chr9	117860678	117861143
chr9	117883325	117883795
chr9	118024751	118025187
chr9	123452007	123452507
chr9	123492868	123493315
chr9	124212568	124212832
chr9	126085429	126085695
chr9	126449428	126449884
chr9	127431841	127432079
chr9	127533537	127534025
chr9	128091321	128091721
chr9	128300212	128300772
chr9	129183319	129183802
chr9	130073724	130073997
chr9	130336717	130337219
chr9	130663146	130663429
chr9	130717599	130717989
chr9	132319666	132320040
chr9	132447950	132448177
chr9	134420619	134421060
chr9	134510634	134510963
chr9	136009140	136009394
chr9	136374602	136374989
chr9	137305738	137305961
chr9	139063371	139063747
chr9	139466499	139466932
chr9	139585147	139585589
chr9	140444737	140445026
chrX	2382756	2383070
chrX	2409599	2410134
chrX	3204355	3204723
chrX	7038568	7038883
chrX	8035812	8036127
chrX	9430968	9431317
chrX	10851841	10852027
chrX	13006866	13007256
chrX	13012368	13012724
chrX	13212543	13212853
chrX	13740020	13740332
chrX	17653403	17653699
chrX	23264054	23264506
chrX	23907565	23907816
chrX	24168142	24168425
chrX	27982604	27982829
chrX	34216168	34216360
chrX	39944480	39944756
chrX	40011035	40011252
chrX	41057686	41057949
chrX	42355593	42355890
chrX	45366192	45366605
chrX	46069170	46069651
chrX	47050027	47050230
chrX	47225300	47225687
chrX	47479210	47479514
chrX	47662681	47662963
chrX	47863457	47863681
chrX	47880802	47881162
chrX	50513580	50513951
chrX	53506189	53506483
chrX	62571194	62571454
chrX	74122723	74123022
chrX	86185538	86185710
chrX	87539849	87540112
chrX	92375899	92376189
chrX	97660309	97660565
chrX	99572097	99572424
chrX	104195098	104195330
chrX	108297261	108297883
chrX	111705291	111705557
chrX	114627874	114628199
chrX	114796348	114796649
chrX	117125649	117126135
chrX	119077671	119077954
chrX	119379046	119379279
chrX	119694774	119695064
chrX	122782330	122782696
chrX	122799133	122799365
chrX	123094031	123094236
chrX	123441139	123441467
chrX	130037209	130037448
chrX	139425658	139425984
chrX	148881634	148881939
chrX	149832936	149833178
chrX	154975504	154975940
