chr1	968403	968689
chr1	1209002	1209474
chr1	1334580	1335059
chr1	1981523	1981921
chr1	3541163	3541559
chr1	3712753	3713812
chr1	6052362	6052881
chr1	6614483	6614767
chr1	6639756	6640145
chr1	6761770	6762073
chr1	6844952	6845516
chr1	7843785	7844119
chr1	8877620	8878028
chr1	8938551	8939131
chr1	10270173	10270690
chr1	10458644	10459255
chr1	11120029	11120374
chr1	11124000	11124299
chr1	11322401	11323119
chr1	12079189	12079706
chr1	14898324	14898718
chr1	15852807	15853396
chr1	16766793	16767651
chr1	17380439	17380737
chr1	17445875	17446195
chr1	17765897	17766264
chr1	19007851	19008162
chr1	20880761	20881207
chr1	20987813	20988325
chr1	21058587	21058843
chr1	21820713	21820939
chr1	22351497	22352190
chr1	22988746	22989375
chr1	23345296	23346299
chr1	23670645	23671168
chr1	23694552	23695210
chr1	24017882	24018663
chr1	24741938	24742556
chr1	25256728	25256991
chr1	25756623	25757526
chr1	25990324	25990794
chr1	26560322	26560816
chr1	27191430	27191865
chr1	27216685	27216967
chr1	27247849	27248290
chr1	27319962	27320296
chr1	27339216	27339689
chr1	27481399	27482104
chr1	27677614	27677959
chr1	27816497	27816986
chr1	27919094	27919475
chr1	27926913	27927322
chr1	28052080	28052573
chr1	28562246	28562770
chr1	29062799	29063736
chr1	29213237	29213759
chr1	31297210	31297645
chr1	31769499	31769937
chr1	32110146	32110911
chr1	32154897	32155566
chr1	32757406	32757792
chr1	32930347	32930853
chr1	33116549	33116943
chr1	33502226	33502959
chr1	33592645	33593300
chr1	33937767	33938336
chr1	35325307	35325668
chr1	35658511	35659165
chr1	36554059	36554682
chr1	36851436	36851921
chr1	37740804	37741297
chr1	38325190	38325523
chr1	38397292	38397833
chr1	38455513	38456026
chr1	38478046	38478580
chr1	39325303	39325720
chr1	40042337	40042845
chr1	40075194	40075589
chr1	40123664	40124008
chr1	40157022	40157314
chr1	40167209	40167873
chr1	40364446	40365068
chr1	41174334	41175175
chr1	41445367	41445797
chr1	43147272	43148207
chr1	43311904	43312459
chr1	43389828	43390221
chr1	43824375	43824731
chr1	43855251	43855760
chr1	44115530	44116287
chr1	44172934	44173294
chr1	44435352	44435759
chr1	44820830	44821279
chr1	45139932	45140562
chr1	45956668	45957469
chr1	46713178	46713520
chr1	46955333	46955676
chr1	46978761	46979116
chr1	47779634	47780149
chr1	53168535	53168947
chr1	54204762	54205155
chr1	54277217	54277569
chr1	54665507	54666050
chr1	54871995	54872249
chr1	55229971	55230685
chr1	55240748	55241278
chr1	55352790	55353170
chr1	59249613	59249933
chr1	60280148	60280530
chr1	61543448	61543997
chr1	62190569	62190944
chr1	71546650	71547114
chr1	77480120	77480332
chr1	85527550	85528175
chr1	85725187	85725528
chr1	87379916	87380277
chr1	91601379	91601735
chr1	91852652	91853190
chr1	93297289	93297764
chr1	108113359	108113642
chr1	108743347	108743738
chr1	109642372	109642987
chr1	109940479	109940902
chr1	109968833	109969380
chr1	110466038	110466440
chr1	110881274	110882346
chr1	112281897	112282263
chr1	112938527	112938997
chr1	113161531	113161943
chr1	113932653	113933179
chr1	114447519	114448498
chr1	114471726	114472328
chr1	115212589	115212896
chr1	117602573	117602969
chr1	117664284	117664962
chr1	120838290	120838818
chr1	121484046	121485479
chr1	143913278	143913602
chr1	145476808	145477180
chr1	145610444	145611218
chr1	146643877	146644490
chr1	150208323	150208916
chr1	150459421	150460071
chr1	150487872	150488227
chr1	150601330	150602488
chr1	150669464	150670115
chr1	151103570	151104062
chr1	151254143	151255096
chr1	151431879	151432131
chr1	151762827	151763453
chr1	151798546	151798794
chr1	153643355	153643777
chr1	153700043	153700523
chr1	153895283	153895971
chr1	153919032	153919373
chr1	153935871	153936352
chr1	153940010	153940627
chr1	154928461	154928857
chr1	154946385	154947303
chr1	154955360	154956042
chr1	154973223	154973467
chr1	154974466	154974962
chr1	154984439	154984862
chr1	155044263	155044553
chr1	155139722	155140098
chr1	155145613	155146050
chr1	155197118	155197650
chr1	155214285	155214735
chr1	155579775	155580023
chr1	156095821	156096086
chr1	156130655	156130926
chr1	156182452	156183094
chr1	156186067	156186698
chr1	156307792	156308634
chr1	156470429	156470863
chr1	156570983	156571595
chr1	156859684	156860233
chr1	159915282	159915608
chr1	160001546	160002038
chr1	160040043	160040228
chr1	160312820	160313499
chr1	160588530	160588926
chr1	160990768	160991355
chr1	161168705	161169010
chr1	161195362	161195934
chr1	161228164	161228624
chr1	161719162	161720304
chr1	165567334	165567666
chr1	167507812	167508273
chr1	167690903	167691413
chr1	169455058	169455404
chr1	169763580	169764565
chr1	169862791	169863704
chr1	171750444	171750905
chr1	172697096	172697471
chr1	174968326	174969086
chr1	177139746	177140233
chr1	181973366	181973712
chr1	181998681	181999079
chr1	184723802	184724373
chr1	185285179	185285602
chr1	189828576	189828864
chr1	192967626	192967981
chr1	193028380	193028807
chr1	197115540	197116131
chr1	198126587	198126984
chr1	198128078	198128557
chr1	200380509	200381009
chr1	201123395	201123886
chr1	201798087	201798399
chr1	201915531	201915859
chr1	202182350	202182908
chr1	202310998	202311304
chr1	202830513	202830935
chr1	203830405	203831252
chr1	204257425	204257767
chr1	204484980	204485817
chr1	205196728	205197098
chr1	205719154	205719714
chr1	205782145	205782548
chr1	206137969	206138357
chr1	207995909	207996283
chr1	211752422	211752851
chr1	212457926	212458747
chr1	221915270	221915752
chr1	222790821	222791186
chr1	222817326	222817664
chr1	226111815	226112235
chr1	226714458	226714826
chr1	227127589	227128044
chr1	227750953	227751451
chr1	229339105	229339660
chr1	232765796	232766276
chr1	233815737	233816090
chr1	234458717	234459173
chr1	234508986	234509425
chr1	235491388	235491910
chr1	236009126	236009415
chr1	236958250	236958713
chr1	241682949	241683338
chr1	244211400	244211873
chr1	246729180	246730227
chr1	247171182	247171660
chr1	247267581	247267854
chr1	247374068	247374391
chr1	247494984	247495436
chr1	249132082	249132504
chr1	249199881	249200761
chr10	813211	813470
chr10	977575	977809
chr10	1034074	1034523
chr10	1094732	1095075
chr10	1095129	1095533
chr10	1102483	1102867
chr10	3214893	3215179
chr10	5454297	5454685
chr10	5855293	5855697
chr10	5931696	5932353
chr10	6130629	6130976
chr10	7829778	7830142
chr10	10945602	10945861
chr10	12889507	12889964
chr10	13122512	13123050
chr10	13628501	13629205
chr10	25013520	25013849
chr10	25463369	25463869
chr10	28966261	28966486
chr10	29806307	29806731
chr10	45496003	45496554
chr10	46168098	46168444
chr10	47594293	47594716
chr10	58120901	58121227
chr10	69644338	69644634
chr10	70166763	70167233
chr10	70660557	70661141
chr10	71210825	71211405
chr10	71906318	71906661
chr10	73528627	73528996
chr10	73556823	73557103
chr10	74057672	74058150
chr10	74385667	74386008
chr10	74451622	74451990
chr10	75757569	75757992
chr10	76585703	76586658
chr10	79789040	79789938
chr10	80166743	80167302
chr10	80782249	80782725
chr10	81586073	81586361
chr10	81586372	81586635
chr10	89102079	89102411
chr10	91461010	91461469
chr10	93668473	93668891
chr10	96122512	96122919
chr10	96161708	96162372
chr10	99052181	99052734
chr10	101190200	101190788
chr10	101380038	101380654
chr10	101418887	101419332
chr10	102295244	102295901
chr10	102329432	102329841
chr10	102672390	102672891
chr10	102747114	102747428
chr10	102790634	102791186
chr10	104004757	104005537
chr10	104192143	104192650
chr10	104261593	104262568
chr10	104263352	104263842
chr10	104503220	104503819
chr10	104677735	104678217
chr10	105156099	105156559
chr10	105496571	105496874
chr10	105991979	105992335
chr10	106028590	106028934
chr10	112678685	112679256
chr10	115917625	115917956
chr10	118369140	118369493
chr10	118978181	118978497
chr10	119446136	119446411
chr10	121446838	121447306
chr10	123734522	123734976
chr10	124913479	124914076
chr10	125308268	125308613
chr10	125770281	125770670
chr10	126479813	126481053
chr10	131908948	131909673
chr11	364399	364823
chr11	535520	535857
chr11	560628	561019
chr11	1714511	1714788
chr11	1968451	1968720
chr11	3400294	3400558
chr11	3818596	3819209
chr11	4629334	4629749
chr11	6624332	6625260
chr11	9481939	9482773
chr11	10879297	10880003
chr11	11643415	11643852
chr11	13298866	13299302
chr11	13508775	13508999
chr11	13689776	13690295
chr11	14913567	14914136
chr11	17297869	17298469
chr11	18127369	18127943
chr11	19138390	19138806
chr11	22647145	22647707
chr11	30344144	30345217
chr11	31530957	31531542
chr11	32309832	32310166
chr11	34460260	34460603
chr11	36531501	36532104
chr11	43333243	43333635
chr11	44921456	44921937
chr11	45168613	45168932
chr11	45743594	45744023
chr11	45939236	45939608
chr11	47788847	47789302
chr11	57092377	57093071
chr11	57102940	57103861
chr11	57297816	57298861
chr11	57434664	57435351
chr11	57479515	57480140
chr11	58345597	58345870
chr11	58668090	58668548
chr11	58673234	58673640
chr11	58730926	58731463
chr11	58825834	58826200
chr11	58874401	58874832
chr11	59383017	59384017
chr11	61100224	61100839
chr11	61129476	61129912
chr11	61159801	61160276
chr11	61891076	61891640
chr11	62414016	62414290
chr11	62438516	62439617
chr11	62495166	62495680
chr11	62495685	62496013
chr11	62521172	62522050
chr11	62554604	62554993
chr11	62598943	62599622
chr11	63366792	63367040
chr11	63741655	63742114
chr11	63952787	63953835
chr11	64051952	64052405
chr11	64140398	64140788
chr11	64490590	64490970
chr11	64545985	64546535
chr11	64781316	64781762
chr11	64902181	64902835
chr11	65121897	65122326
chr11	65382605	65383296
chr11	65479342	65480011
chr11	65600865	65601588
chr11	65627582	65628210
chr11	65769567	65770063
chr11	66056429	66057013
chr11	66247496	66248232
chr11	66313334	66313808
chr11	66383803	66384230
chr11	66405733	66406527
chr11	66725651	66726216
chr11	67120904	67121218
chr11	67250632	67251139
chr11	67275517	67276100
chr11	67797717	67798335
chr11	68227546	68228316
chr11	68778488	68778864
chr11	71159209	71159759
chr11	71823186	71824009
chr11	72953430	72953916
chr11	73587723	73588184
chr11	75525721	75526414
chr11	77348573	77349206
chr11	77531670	77532236
chr11	77705526	77706267
chr11	82867603	82868119
chr11	82997299	82997799
chr11	85194930	85195317
chr11	86666352	86666585
chr11	94889327	94889611
chr11	95522999	95523931
chr11	105892682	105893522
chr11	105947717	105948265
chr11	107798617	107799164
chr11	108464302	108464687
chr11	116147014	116147643
chr11	117014737	117015130
chr11	117198301	117198716
chr11	118436363	118437027
chr11	118799088	118799620
chr11	118955496	118955967
chr11	118991946	118992452
chr11	119066355	119066805
chr11	119204919	119205307
chr11	120039868	120040060
chr11	120302269	120302785
chr11	121249821	121250163
chr11	122932718	122933162
chr11	123612002	123612809
chr11	124981430	124982044
chr11	124994035	124994427
chr11	125462239	125463060
chr11	126017339	126017738
chr11	128425593	128425899
chr11	130655316	130655662
chr11	132733450	132733694
chr11	133273632	133274136
chr11	133826750	133827211
chr11	134093762	134094104
chr11	134462371	134462615
chr12	510485	510865
chr12	798699	799065
chr12	1913686	1913969
chr12	2921441	2922190
chr12	2999773	3000190
chr12	4647586	4648127
chr12	5998697	5999219
chr12	6579716	6580223
chr12	6602878	6603420
chr12	6665085	6665475
chr12	6832886	6833559
chr12	6960230	6961391
chr12	7047069	7047458
chr12	7052433	7053260
chr12	7079681	7080156
chr12	7125690	7126047
chr12	7282649	7283135
chr12	8178940	8179723
chr12	8714789	8715300
chr12	14926844	14927525
chr12	14956139	14956916
chr12	16035027	16035446
chr12	20704276	20704552
chr12	21654495	21654825
chr12	27676637	27677245
chr12	28343220	28343494
chr12	30054561	30054825
chr12	31226900	31227215
chr12	41085885	41086401
chr12	49075848	49076263
chr12	49259492	49259962
chr12	49297620	49298117
chr12	49504478	49504984
chr12	49716703	49717146
chr12	50101255	50101701
chr12	50134960	50135456
chr12	50478412	50479219
chr12	50505548	50505990
chr12	51419994	51420387
chr12	51632559	51633255
chr12	52462709	52464073
chr12	53472978	53473578
chr12	53688730	53689844
chr12	53714955	53715651
chr12	53772981	53774094
chr12	53835277	53835687
chr12	53845243	53845950
chr12	53894406	53894815
chr12	54019530	54020329
chr12	54069627	54070199
chr12	54113506	54113752
chr12	54673216	54674670
chr12	54718480	54719074
chr12	54752783	54753313
chr12	56211361	56212135
chr12	56223221	56223617
chr12	56367197	56368078
chr12	56511582	56512314
chr12	56615579	56616058
chr12	56617779	56618259
chr12	56694060	56694395
chr12	56727689	56728074
chr12	56882017	56882445
chr12	57039480	57040243
chr12	57472326	57473072
chr12	57848696	57849252
chr12	57881412	57881907
chr12	57914230	57914517
chr12	58007932	58008251
chr12	58087618	58088009
chr12	58145891	58146362
chr12	58176296	58176729
chr12	62653799	62654180
chr12	63478910	63479243
chr12	64237350	64237650
chr12	67662454	67663197
chr12	68726006	68726457
chr12	72198305	72198617
chr12	76741989	76742442
chr12	77459325	77459589
chr12	82752097	82752500
chr12	92539494	92539817
chr12	95467066	95467699
chr12	95611203	95611764
chr12	95867643	95868282
chr12	97300659	97301186
chr12	98987119	98987529
chr12	100594231	100595167
chr12	100660457	100660779
chr12	100967527	100967883
chr12	104323717	104324219
chr12	104359300	104359663
chr12	105724199	105724456
chr12	107380751	107381062
chr12	107528349	107528769
chr12	108908615	108909198
chr12	109535575	109536106
chr12	109784677	109785140
chr12	110011175	110011723
chr12	110318338	110318616
chr12	110540005	110540459
chr12	112562937	112563555
chr12	113622507	113623029
chr12	113634746	113635124
chr12	113658666	113659477
chr12	117125634	117126137
chr12	117175833	117176186
chr12	117197429	117197942
chr12	117593066	117593651
chr12	118492737	118493276
chr12	119151847	119152183
chr12	119312568	119313023
chr12	119882163	119882729
chr12	120314953	120315472
chr12	120638684	120639344
chr12	121124442	121124876
chr12	121837512	121838021
chr12	122027984	122028589
chr12	122501936	122502399
chr12	123717014	123718053
chr12	123868367	123868813
chr12	124155429	124155737
chr12	124196671	124196995
chr12	125533967	125534530
chr12	125713152	125713516
chr12	127646827	127647241
chr12	129308443	129308774
chr12	130388754	130389021
chr12	131310885	131311161
chr12	132239854	132240200
chr12	132601923	132602454
chr12	132851669	132852131
chr12	133484927	133485511
chr13	20207543	20207923
chr13	20437629	20438111
chr13	20532565	20533046
chr13	21872022	21872340
chr13	24463347	24463782
chr13	26795758	26796298
chr13	27131433	27131854
chr13	28194525	28195000
chr13	29292884	29293457
chr13	30459202	30459576
chr13	31040001	31040271
chr13	37573328	37573756
chr13	39260851	39261281
chr13	41240691	41241071
chr13	41495763	41496056
chr13	44715946	44716289
chr13	46038762	46039163
chr13	48668997	48669572
chr13	50209586	50210183
chr13	50510231	50510683
chr13	52586185	52586614
chr13	53226269	53227147
chr13	58203958	58204325
chr13	60737886	60738410
chr13	73301814	73302128
chr13	73632754	73633253
chr13	74864570	74864971
chr13	80547613	80547880
chr13	95253760	95254193
chr13	98085070	98085701
chr13	101327001	101327395
chr13	103249005	103249350
chr13	107187853	107188324
chr13	110438896	110439160
chr13	111267588	111267938
chr13	111365223	111365773
chr13	111367503	111368310
chr13	111528933	111529324
chr13	113273982	113274349
chr14	20773815	20774412
chr14	21563586	21563972
chr14	21737356	21738189
chr14	21905199	21905721
chr14	21924154	21924451
chr14	21944811	21945579
chr14	23398427	23398831
chr14	23476134	23476687
chr14	23755209	23755665
chr14	23790095	23790720
chr14	23938297	23939110
chr14	23950654	23951073
chr14	24423090	24423584
chr14	24505876	24506265
chr14	24583743	24584629
chr14	24610683	24611241
chr14	24684782	24685511
chr14	24740344	24741074
chr14	24836871	24837300
chr14	27067555	27067981
chr14	29228675	29229033
chr14	36789720	36790171
chr14	37130819	37131176
chr14	39639234	39639883
chr14	39644062	39644616
chr14	45603584	45604023
chr14	45604846	45605230
chr14	49777000	49777308
chr14	50087139	50087675
chr14	50234665	50234892
chr14	51561697	51562194
chr14	52455901	52456378
chr14	52535636	52535974
chr14	53019156	53019724
chr14	54863303	54863820
chr14	55280806	55281222
chr14	55658147	55658589
chr14	58764767	58765288
chr14	60714610	60714966
chr14	62161785	62162118
chr14	64009878	64010418
chr14	64108251	64109367
chr14	64393686	64393882
chr14	64854624	64855059
chr14	65006727	65007584
chr14	65878259	65878731
chr14	67826343	67827363
chr14	69445852	69446428
chr14	69864871	69865512
chr14	70345770	70346217
chr14	71276236	71276763
chr14	73392871	73393354
chr14	73524626	73525534
chr14	73925036	73925780
chr14	74551012	74551467
chr14	74768933	74769348
chr14	74769350	74770113
chr14	74960157	74960566
chr14	75229312	75230313
chr14	75469288	75469746
chr14	75530548	75531045
chr14	76127068	76127593
chr14	77279136	77279427
chr14	77563994	77564917
chr14	77786574	77786855
chr14	78082917	78083576
chr14	82000019	82000557
chr14	89882296	89882797
chr14	90420838	90421361
chr14	90911404	90911698
chr14	90920621	90921121
chr14	91526930	91527582
chr14	92505595	92506691
chr14	92572982	92573400
chr14	94004764	94005122
chr14	94492356	94492895
chr14	94547384	94547880
chr14	96000789	96001457
chr14	99947261	99947666
chr14	100070544	100070908
chr14	100704966	100705195
chr14	100842518	100842916
chr14	100912918	100913224
chr14	102414293	102414772
chr14	102829116	102829440
chr14	102990893	102991343
chr14	103058652	103059017
chr14	103800169	103800775
chr14	104181603	104182156
chr14	104387714	104388115
chr14	104808193	104808624
chr14	105219208	105219613
chr14	105957169	105957685
chr15	33486883	33487358
chr15	40331155	40331554
chr15	40697652	40698163
chr15	41245366	41245710
chr15	41575735	41576356
chr15	41624734	41625098
chr15	43212803	43213413
chr15	43785093	43785707
chr15	44487268	44487924
chr15	45571319	45571690
chr15	45694258	45694668
chr15	49103118	49103745
chr15	59397026	59397411
chr15	61521268	61521657
chr15	63449378	63450346
chr15	64331135	64331448
chr15	64673498	64674024
chr15	65186117	65186591
chr15	65809856	65810280
chr15	66084523	66084881
chr15	67303496	67303893
chr15	68681845	68682164
chr15	69113006	69113598
chr15	69452485	69453051
chr15	71055734	71056146
chr15	72565021	72565467
chr15	74284499	74284969
chr15	74286708	74287157
chr15	74392432	74392712
chr15	74568225	74568587
chr15	74666556	74667017
chr15	74833180	74833432
chr15	74907675	74908356
chr15	74914180	74914549
chr15	75165164	75165729
chr15	75743910	75744824
chr15	75746254	75746735
chr15	77223736	77224096
chr15	77363370	77363675
chr15	78650422	78650793
chr15	79588897	79589345
chr15	80364573	80365057
chr15	81426503	81426703
chr15	81616459	81616783
chr15	83477961	83478574
chr15	83680216	83680697
chr15	84692316	84692786
chr15	85174338	85174843
chr15	85259251	85259818
chr15	85923432	85923845
chr15	86337979	86338406
chr15	88801443	88801928
chr15	88874406	88874765
chr15	89089744	89090223
chr15	89164239	89164698
chr15	89631088	89631867
chr15	89786978	89787354
chr15	90118346	90118856
chr15	90895138	90895680
chr15	91260303	91260715
chr15	91475540	91476023
chr15	91537481	91538000
chr15	92622345	92622642
chr15	93425395	93425957
chr15	98503442	98504023
chr15	99395310	99395928
chr15	99789574	99789980
chr15	99791214	99791622
chr15	100882126	100882440
chr16	103472	103963
chr16	328942	329338
chr16	420391	420800
chr16	639059	640107
chr16	717694	718271
chr16	734225	734623
chr16	740026	740574
chr16	838360	838711
chr16	1358927	1359292
chr16	1393017	1393431
chr16	1727952	1728446
chr16	1756012	1756280
chr16	1832415	1833128
chr16	1876710	1877029
chr16	2059758	2060447
chr16	2205188	2205859
chr16	2264794	2265209
chr16	2478997	2479419
chr16	2587704	2588006
chr16	2932507	2933042
chr16	2955325	2956165
chr16	2975334	2975687
chr16	3053786	3054218
chr16	3174281	3174845
chr16	3179417	3179864
chr16	3184655	3185100
chr16	3314465	3314850
chr16	3355095	3355576
chr16	3450871	3451339
chr16	3493345	3493712
chr16	4666156	4666483
chr16	4743439	4743727
chr16	4784234	4784619
chr16	4852533	4853223
chr16	6732394	6732815
chr16	7563435	7563824
chr16	9185066	9185497
chr16	9391369	9391702
chr16	10479569	10480047
chr16	10647036	10647401
chr16	11075470	11075922
chr16	11438935	11439385
chr16	11891032	11891310
chr16	11945335	11945633
chr16	14726277	14726962
chr16	14927337	14927551
chr16	15187998	15188545
chr16	15982372	15982782
chr16	16984845	16985223
chr16	18812911	18813347
chr16	19078594	19079275
chr16	19300224	19300763
chr16	21831633	21832053
chr16	21964188	21965171
chr16	22385729	22386275
chr16	23308273	23308686
chr16	23607478	23607885
chr16	25042786	25043177
chr16	25122711	25123196
chr16	27095120	27095615
chr16	27279885	27280322
chr16	27561173	27561566
chr16	28565269	28565617
chr16	28835119	28835432
chr16	28857361	28858040
chr16	28874448	28875470
chr16	28961766	28962483
chr16	29801780	29802141
chr16	29827161	29827591
chr16	29874256	29875211
chr16	30032351	30033014
chr16	30047831	30048177
chr16	30108127	30108486
chr16	30381641	30382644
chr16	30406272	30406938
chr16	30441198	30441637
chr16	30456957	30457484
chr16	30537873	30538641
chr16	30621486	30621946
chr16	30798195	30798970
chr16	30816470	30817234
chr16	30886297	30887172
chr16	30959381	30959850
chr16	31711633	31712011
chr16	31724353	31724647
chr16	31884865	31885170
chr16	33962838	33964209
chr16	33964766	33965030
chr16	46723010	46723657
chr16	46865260	46865648
chr16	50058874	50059143
chr16	50775524	50776153
chr16	51186115	51186452
chr16	53537063	53537677
chr16	56485065	56485645
chr16	56965736	56966150
chr16	57219811	57220318
chr16	57496253	57496772
chr16	57569731	57570198
chr16	57768959	57769844
chr16	58163135	58163647
chr16	58231943	58232165
chr16	58366856	58367300
chr16	58663559	58664199
chr16	58767741	58768538
chr16	62102616	62103038
chr16	66493696	66494050
chr16	66914081	66914663
chr16	67217322	67217842
chr16	67313212	67313509
chr16	67926963	67927192
chr16	67969523	67969888
chr16	68279026	68279301
chr16	68770909	68771285
chr16	69344958	69345394
chr16	69373090	69374069
chr16	69458103	69458640
chr16	69795941	69796331
chr16	70285650	70286028
chr16	70323214	70323698
chr16	70415105	70415592
chr16	71495714	71496515
chr16	71517944	71519055
chr16	72042414	72042769
chr16	72127274	72128131
chr16	72698706	72699180
chr16	73650063	73650427
chr16	74700534	74701172
chr16	75498397	75498828
chr16	75550976	75551557
chr16	75600049	75600436
chr16	77224279	77224956
chr16	82044967	82045192
chr16	84220480	84220908
chr16	84224481	84224882
chr16	84314616	84315073
chr16	84537986	84538563
chr16	84651657	84651929
chr16	85722444	85722743
chr16	85932454	85932896
chr16	86757281	86757668
chr16	87091185	87091477
chr16	87421815	87422345
chr16	87526541	87526899
chr16	87973130	87973531
chr16	88695120	88695452
chr16	88729450	88729835
chr16	89556911	89557586
chr16	90014960	90015284
chr16	90024374	90024844
chr16	90143601	90144014
chr17	693631	693861
chr17	865930	866279
chr17	1531646	1531930
chr17	1587959	1588496
chr17	1619471	1619937
chr17	2774533	2774926
chr17	2951976	2952675
chr17	3539439	3540119
chr17	3748967	3750056
chr17	3796328	3796598
chr17	3815007	3815317
chr17	4613404	4613819
chr17	4870301	4871247
chr17	4958748	4959180
chr17	4981193	4981869
chr17	5000368	5001265
chr17	5094954	5095556
chr17	5389443	5389786
chr17	5661904	5662434
chr17	7209984	7210669
chr17	7307365	7307731
chr17	7475549	7476330
chr17	7748105	7748389
chr17	8059562	8060165
chr17	8286367	8286868
chr17	8533866	8534532
chr17	10600705	10601089
chr17	12920914	12921777
chr17	14204074	14204464
chr17	14212609	14212986
chr17	15244823	15245226
chr17	16945399	16945736
chr17	17183849	17184584
chr17	17653343	17653708
chr17	17875546	17876337
chr17	17942368	17942879
chr17	18086422	18086998
chr17	18128586	18128957
chr17	18163637	18164082
chr17	19280883	19281908
chr17	20946600	20946835
chr17	21030084	21030428
chr17	21187734	21188057
chr17	26368020	26368895
chr17	26988853	26989304
chr17	27139299	27139770
chr17	27279265	27279685
chr17	27620954	27621433
chr17	28705677	28706074
chr17	28804096	28804575
chr17	30771226	30771660
chr17	31149443	31149931
chr17	33416315	33416622
chr17	33468928	33469617
chr17	33477934	33478532
chr17	33569508	33570186
chr17	33905390	33905900
chr17	36908588	36909308
chr17	37321001	37321539
chr17	37333535	37333829
chr17	37617473	37617771
chr17	38573963	38574740
chr17	39545358	39545758
chr17	39845334	39845928
chr17	39942834	39943498
chr17	40168991	40170370
chr17	40171755	40172274
chr17	40202475	40202778
chr17	40306823	40307300
chr17	40540413	40540884
chr17	40729554	40729938
chr17	41150209	41150581
chr17	41322825	41323433
chr17	41535657	41535905
chr17	41560841	41561577
chr17	41977782	41978269
chr17	42085927	42086324
chr17	42264093	42264536
chr17	42422328	42422803
chr17	42634367	42634730
chr17	43138359	43139156
chr17	43225165	43225758
chr17	43238794	43239368
chr17	43394379	43394782
chr17	43697504	43697669
chr17	43817932	43818248
chr17	43971581	43971887
chr17	44302547	44303025
chr17	44439118	44439294
chr17	45144466	45145300
chr17	45177379	45177921
chr17	45726834	45727378
chr17	45727815	45728250
chr17	45898976	45899451
chr17	45972841	45974078
chr17	46018508	46019060
chr17	46048085	46048541
chr17	46125080	46125865
chr17	46131649	46132080
chr17	46184680	46185037
chr17	46969657	46970326
chr17	46985133	46986002
chr17	47270090	47270632
chr17	47841401	47841977
chr17	47865759	47866893
chr17	48172343	48172851
chr17	48441070	48441439
chr17	48474572	48475383
chr17	48504621	48505199
chr17	48555945	48556235
chr17	48637704	48638157
chr17	55740254	55740818
chr17	56595050	56595800
chr17	57232248	57233180
chr17	57408657	57409189
chr17	58679279	58679687
chr17	58754539	58755424
chr17	59520959	59521257
chr17	59940704	59941212
chr17	60747491	60747925
chr17	61627188	61628036
chr17	61699223	61699871
chr17	61920066	61920305
chr17	62222670	62223647
chr17	63119216	63119828
chr17	66045134	66045429
chr17	66453715	66454128
chr17	71358813	71359185
chr17	71547931	71548271
chr17	72199694	72199988
chr17	72772384	72772752
chr17	73042852	73043352
chr17	73150391	73150933
chr17	73285368	73285888
chr17	73389740	73390321
chr17	73452364	73452930
chr17	74068405	74068863
chr17	74260955	74261332
chr17	74349670	74350687
chr17	74609138	74609559
chr17	74667452	74668361
chr17	74722623	74722842
chr17	75084238	75085033
chr17	75369181	75369404
chr17	76237507	76237898
chr17	77770917	77771389
chr17	78244513	78245134
chr17	78806064	78806416
chr17	79008504	79008840
chr17	79196588	79197125
chr17	79212622	79213385
chr17	79367650	79368197
chr17	79368862	79369314
chr17	79448392	79448638
chr17	79633469	79633895
chr17	79650577	79651155
chr17	79670055	79670964
chr17	79818463	79819043
chr17	79980668	79981187
chr17	79992591	79992875
chr17	80215295	80215631
chr17	80325630	80326124
chr17	80416254	80416712
chr17	80477325	80477615
chr17	80656514	80656906
chr17	80712607	80713272
chr18	267824	268505
chr18	685449	685765
chr18	3297249	3297800
chr18	8609137	8609494
chr18	12991007	12991321
chr18	19191971	19192477
chr18	23323760	23324163
chr18	24386233	24386537
chr18	32847304	32847707
chr18	32869932	32870800
chr18	43753637	43754187
chr18	44526458	44527079
chr18	45457165	45457713
chr18	48405138	48405599
chr18	48494045	48494632
chr18	48694600	48694976
chr18	48724025	48724505
chr18	51750798	51751400
chr18	53256822	53257580
chr18	53520526	53520884
chr18	54318083	54318857
chr18	55102243	55102662
chr18	59854188	59854492
chr18	61089600	61089954
chr18	67873047	67873603
chr18	71958851	71959669
chr18	72264876	72265244
chr18	74204715	74205249
chr19	488589	489258
chr19	633466	633920
chr19	796940	797537
chr19	984107	984399
chr19	1020952	1021451
chr19	1039783	1040296
chr19	1040832	1041362
chr19	1045218	1045535
chr19	1103792	1104097
chr19	1123049	1123317
chr19	1133472	1133949
chr19	1205321	1205900
chr19	1211666	1211946
chr19	1260738	1261292
chr19	1438075	1438581
chr19	1449960	1450211
chr19	1479115	1479359
chr19	1490794	1491207
chr19	1507591	1508242
chr19	1542635	1542962
chr19	1652603	1653295
chr19	1790669	1791231
chr19	2269143	2269534
chr19	2375314	2375782
chr19	2739831	2740371
chr19	2783189	2783571
chr19	2819555	2820006
chr19	2841108	2841620
chr19	2900563	2900874
chr19	2944690	2945417
chr19	2950380	2950953
chr19	2977218	2977465
chr19	3094121	3094422
chr19	3344107	3344536
chr19	3494054	3494471
chr19	3557497	3557858
chr19	3970982	3971494
chr19	4065857	4066147
chr19	4153313	4153801
chr19	4246625	4247465
chr19	4284472	4284886
chr19	4328255	4328741
chr19	4342653	4343145
chr19	4400508	4400995
chr19	4402109	4402678
chr19	4457715	4458330
chr19	4471467	4472302
chr19	4474523	4475060
chr19	4525168	4525445
chr19	4639171	4639565
chr19	4867525	4867985
chr19	4909849	4910227
chr19	4968419	4969174
chr19	5436653	5437069
chr19	5689986	5690567
chr19	6110534	6110915
chr19	6279915	6280310
chr19	6372225	6373018
chr19	6424653	6425758
chr19	6504761	6505116
chr19	6692916	6693274
chr19	6737182	6738138
chr19	7694244	7694817
chr19	7738896	7739588
chr19	7894352	7895178
chr19	7939385	7939836
chr19	8008457	8008882
chr19	8070429	8070831
chr19	8407945	8408419
chr19	8454602	8455476
chr19	8477913	8478236
chr19	9945450	9946138
chr19	10230232	10230901
chr19	10362332	10362935
chr19	10444005	10444358
chr19	10491130	10491629
chr19	10530729	10531108
chr19	10589595	10590031
chr19	10827943	10828883
chr19	11266264	11266917
chr19	11456705	11457367
chr19	11484853	11485958
chr19	11491609	11492242
chr19	11639796	11640154
chr19	11750312	11750693
chr19	11805634	11806017
chr19	11849654	11850083
chr19	11877594	11877995
chr19	12405455	12406010
chr19	12444319	12444781
chr19	12476369	12476766
chr19	12511941	12512307
chr19	12551686	12552114
chr19	12595460	12595895
chr19	12662067	12662642
chr19	12813903	12814218
chr19	12833189	12834038
chr19	12847539	12848475
chr19	12886121	12886657
chr19	12979525	12979947
chr19	13001585	13001996
chr19	13048971	13049565
chr19	13260880	13261413
chr19	13858424	13858775
chr19	13885005	13885409
chr19	13905739	13906409
chr19	13944279	13944794
chr19	14013974	14014306
chr19	14062780	14063493
chr19	14084877	14085202
chr19	14116905	14117788
chr19	14228457	14228934
chr19	14247327	14248120
chr19	14529861	14530508
chr19	14606885	14607357
chr19	14682527	14683254
chr19	15224463	15224708
chr19	15236471	15236801
chr19	15334086	15334431
chr19	15490026	15490817
chr19	15529462	15530227
chr19	16222344	16222885
chr19	16770711	16771243
chr19	17377731	17378341
chr19	17400323	17400709
chr19	17414088	17414515
chr19	17419999	17420475
chr19	17443371	17443780
chr19	17444490	17444688
chr19	17448007	17448482
chr19	17580029	17580712
chr19	17817526	17817888
chr19	17858105	17858483
chr19	17883050	17883307
chr19	17970311	17970889
chr19	18303440	18304158
chr19	18314737	18315470
chr19	18390266	18390585
chr19	18433705	18434242
chr19	18654188	18654531
chr19	18699287	18700045
chr19	19030044	19030698
chr19	19143131	19143553
chr19	19174089	19174838
chr19	19249022	19249604
chr19	19496092	19496728
chr19	19639494	19639668
chr19	19779234	19779797
chr19	19932509	19932745
chr19	19976480	19976694
chr19	20011512	20011885
chr19	20150158	20150579
chr19	20188571	20188883
chr19	20277758	20278118
chr19	20349075	20349515
chr19	20607613	20607912
chr19	20748458	20748836
chr19	20844295	20844625
chr19	20958852	20959160
chr19	21105824	21106267
chr19	21182335	21182912
chr19	21203158	21203602
chr19	21264791	21265098
chr19	21324591	21324963
chr19	21541522	21541886
chr19	21579595	21580020
chr19	21688154	21688532
chr19	21950210	21950645
chr19	22018846	22019205
chr19	22034624	22035056
chr19	23299618	23299924
chr19	23432958	23433615
chr19	23578160	23578479
chr19	30369950	30370213
chr19	32896358	32896809
chr19	33165873	33166395
chr19	33210405	33210793
chr19	33462673	33463329
chr19	33864284	33864744
chr19	35263945	35264331
chr19	36087206	36087642
chr19	36119608	36120099
chr19	36138843	36139324
chr19	36193038	36193716
chr19	36231390	36231728
chr19	36239061	36239813
chr19	36248583	36249203
chr19	36353560	36353905
chr19	36504941	36505440
chr19	36542601	36542932
chr19	36545533	36545904
chr19	36605990	36606493
chr19	36822438	36823078
chr19	37288060	37288527
chr19	37808371	37808947
chr19	38714773	38715038
chr19	38893421	38893896
chr19	39340305	39341415
chr19	39390238	39390790
chr19	39421065	39421733
chr19	39801610	39801973
chr19	39832411	39833053
chr19	39881582	39882160
chr19	40727866	40728270
chr19	40854135	40854599
chr19	41029275	41029519
chr19	41082416	41083047
chr19	41220877	41221296
chr19	41256374	41257176
chr19	41283752	41284323
chr19	41667717	41668257
chr19	41769186	41770392
chr19	41869905	41870336
chr19	42387758	42389011
chr19	42498233	42498577
chr19	42579880	42580449
chr19	42772404	42773574
chr19	42810749	42811076
chr19	42829159	42830333
chr19	42900915	42901501
chr19	45393793	45394674
chr19	45681505	45682214
chr19	45808674	45809024
chr19	45873708	45874151
chr19	45926664	45927847
chr19	46029470	46029859
chr19	46087356	46088135
chr19	46148705	46149128
chr19	46195040	46196035
chr19	46296021	46296327
chr19	46498129	46498997
chr19	46552838	46553192
chr19	46800028	46800423
chr19	46916711	46917097
chr19	47164509	47164913
chr19	47178049	47178381
chr19	47220214	47220606
chr19	47363248	47363637
chr19	47551597	47552263
chr19	48111759	48112175
chr19	48248484	48248850
chr19	48395363	48395875
chr19	48509907	48510438
chr19	48589752	48590088
chr19	48836099	48836468
chr19	48972053	48972738
chr19	49015041	49015354
chr19	49122027	49123216
chr19	49140662	49141193
chr19	49217377	49217719
chr19	49223780	49224258
chr19	49468278	49468628
chr19	49496390	49497379
chr19	49561933	49562234
chr19	49622300	49622684
chr19	49646144	49646562
chr19	49938439	49938747
chr19	49982017	49982504
chr19	49990486	49991021
chr19	50096552	50096990
chr19	50179418	50180766
chr19	50248104	50248480
chr19	50269481	50270348
chr19	50305526	50305918
chr19	50320578	50320889
chr19	50372734	50373115
chr19	50379359	50379908
chr19	50384859	50385241
chr19	50449743	50449981
chr19	50706415	50707003
chr19	51161308	51161788
chr19	51897354	51897859
chr19	52074271	52074677
chr19	52429915	52430281
chr19	52692791	52693416
chr19	54382598	54383180
chr19	54481276	54482040
chr19	54640512	54641613
chr19	54663176	54663937
chr19	54704249	54704991
chr19	54960170	54960447
chr19	55574445	55574835
chr19	55677850	55678310
chr19	55850479	55851377
chr19	55919335	55919825
chr19	55972813	55973443
chr19	56097208	56097528
chr19	56150325	56150737
chr19	56632496	56633513
chr19	56826376	56826699
chr19	57751669	57752157
chr19	57791543	57791955
chr19	57831601	57831945
chr19	57874593	57875000
chr19	57900940	57901433
chr19	57922234	57922676
chr19	57988739	57989203
chr19	57998795	57999284
chr19	58011039	58011427
chr19	58071064	58071424
chr19	58090063	58090489
chr19	58095262	58095587
chr19	58111006	58111386
chr19	58125381	58125735
chr19	58144233	58144679
chr19	58220456	58220777
chr19	58238894	58239172
chr19	58257920	58258350
chr19	58326099	58326560
chr19	58330812	58331204
chr19	58427889	58428174
chr19	58446591	58447042
chr19	58609460	58609951
chr19	58789952	58790461
chr19	58873224	58874314
chr19	58892393	58892896
chr19	58912451	58912959
chr19	58919742	58920049
chr19	58951352	58951924
chr19	58962727	58963133
chr19	59084023	59084393
chr19	59084551	59085045
chr2	3486776	3487592
chr2	3622461	3623077
chr2	8821891	8822332
chr2	9143998	9144325
chr2	9770865	9771516
chr2	10952879	10953232
chr2	14772572	14772911
chr2	16845513	16845755
chr2	17699601	17699936
chr2	20251229	20251969
chr2	23683079	23683372
chr2	24149786	24150552
chr2	24270120	24270641
chr2	25104549	25104810
chr2	25194374	25195067
chr2	26568542	26569053
chr2	27008308	27009069
chr2	27294151	27294800
chr2	27851625	27852169
chr2	30908964	30909250
chr2	32390525	32391018
chr2	38829971	38830513
chr2	42067829	42068311
chr2	43864103	43864571
chr2	44394794	44396136
chr2	45225077	45225430
chr2	45236711	45237029
chr2	46925964	46926361
chr2	47629963	47630431
chr2	48133589	48133916
chr2	48541290	48541595
chr2	55277466	55278033
chr2	61765230	61766010
chr2	62081473	62082090
chr2	62932314	62933005
chr2	63277788	63278065
chr2	64067718	64068322
chr2	64977961	64978645
chr2	65283139	65283657
chr2	65454536	65455087
chr2	66660483	66660737
chr2	69614258	69614635
chr2	70141671	70142290
chr2	71221847	71222333
chr2	71357537	71357895
chr2	71453949	71454653
chr2	73298277	73299076
chr2	73460186	73461942
chr2	73964383	73964736
chr2	74347231	74347813
chr2	74374701	74375247
chr2	74425463	74425876
chr2	74685035	74685643
chr2	74692394	74692698
chr2	74734629	74735067
chr2	74743331	74743792
chr2	74881126	74881478
chr2	85413294	85413900
chr2	85658022	85658280
chr2	85822543	85822879
chr2	86668149	86668562
chr2	88323918	88324335
chr2	88926732	88927585
chr2	96874331	96874859
chr2	97405641	97406110
chr2	97481721	97482153
chr2	97523593	97524159
chr2	98280425	98280771
chr2	99953339	99954003
chr2	113032803	113033286
chr2	113522035	113522515
chr2	121010100	121010489
chr2	122406775	122407763
chr2	127622529	127622820
chr2	128051555	128051877
chr2	128643496	128643791
chr2	128784806	128785146
chr2	128785564	128785869
chr2	128848265	128848966
chr2	133011739	133013326
chr2	133015107	133015416
chr2	136288191	136289230
chr2	153573772	153574473
chr2	168149273	168149596
chr2	169312505	169312833
chr2	169746784	169747182
chr2	172290248	172290645
chr2	174829904	174830428
chr2	178976839	178977388
chr2	189260647	189260975
chr2	190305576	190306510
chr2	190648923	190649311
chr2	191184271	191185009
chr2	191745240	191745637
chr2	198669003	198669454
chr2	201443533	201444056
chr2	201828161	201828762
chr2	202222012	202222302
chr2	202898129	202898561
chr2	203499399	203499811
chr2	208030782	208031158
chr2	209224239	209224512
chr2	210867072	210867461
chr2	217362990	217363907
chr2	219134695	219135213
chr2	219523375	219524847
chr2	219823979	219824457
chr2	219827947	219828222
chr2	220094059	220094674
chr2	220462419	220462769
chr2	220508464	220508743
chr2	227656292	227656509
chr2	227665733	227666214
chr2	228336600	228337005
chr2	230045405	230045799
chr2	231577311	231577641
chr2	231921052	231921651
chr2	232551899	232552272
chr2	232571376	232572225
chr2	232572910	232573323
chr2	232645660	232646489
chr2	234160048	234160413
chr2	234763054	234763423
chr2	234764839	234765152
chr2	237994056	237994745
chr2	238030828	238031235
chr2	238383975	238384431
chr2	238875287	238875652
chr2	238969361	238969727
chr2	239197306	239197787
chr2	240322557	240323415
chr2	241075341	241076147
chr2	241497332	241497615
chr2	241543755	241544053
chr2	242088645	242089123
chr2	242254175	242255274
chr20	291036	291398
chr20	1757894	1758173
chr20	3869401	3870226
chr20	4739816	4740128
chr20	5107141	5107431
chr20	6121535	6121884
chr20	10414582	10415390
chr20	13975872	13976260
chr20	17662753	17663254
chr20	17949142	17949473
chr20	19246264	19246757
chr20	23331098	23331580
chr20	25054108	25054341
chr20	26188673	26189512
chr20	26189710	26190545
chr20	30311171	30311893
chr20	30326727	30327282
chr20	30795338	30795840
chr20	31045173	31045535
chr20	31367306	31367664
chr20	32274124	32274478
chr20	32307933	32308421
chr20	33103906	33104402
chr20	33872081	33873148
chr20	34127463	34127998
chr20	34330121	34330696
chr20	34360059	34360500
chr20	35305604	35306122
chr20	35807178	35807820
chr20	37063581	37064352
chr20	37075000	37075764
chr20	38788771	38789160
chr20	39765332	39765782
chr20	40246810	40247335
chr20	42073443	42074004
chr20	42086006	42086453
chr20	43991359	43992247
chr20	44440838	44441406
chr20	44485733	44486514
chr20	44509433	44510125
chr20	44563784	44564152
chr20	44774348	44774732
chr20	45035071	45035561
chr20	45336712	45337033
chr20	45360375	45360742
chr20	47662989	47663508
chr20	47823621	47824057
chr20	48429011	48429763
chr20	48531884	48532332
chr20	49126746	49127018
chr20	49347635	49347950
chr20	51998453	51998795
chr20	55773022	55773421
chr20	56293406	56293905
chr20	56596582	56596909
chr20	57425822	57426205
chr20	57607312	57607578
chr20	59325185	59325652
chr20	60340855	60341162
chr20	60534350	60534827
chr20	60813124	60813626
chr20	60877548	60878180
chr20	61557612	61558281
chr20	61592189	61592415
chr20	61592632	61592859
chr20	61903953	61904212
chr20	62040903	62041175
chr20	62339213	62339617
chr20	62466202	62466662
chr20	62496117	62496747
chr20	62612195	62612525
chr21	9825363	9827694
chr21	30365140	30365526
chr21	30396830	30397541
chr21	32931232	32932105
chr21	34143842	34144761
chr21	34330872	34331225
chr21	34494302	34494915
chr21	34915126	34915578
chr21	35013771	35014864
chr21	42783308	42783586
chr21	43009388	43009704
chr21	43883950	43884375
chr21	44270874	44271352
chr21	44394490	44394821
chr21	46690159	46690449
chr21	46947191	46947544
chr21	47604028	47604448
chr21	47604510	47605022
chr21	47743584	47744086
chr22	18111390	18111758
chr22	18484246	18484801
chr22	19435035	19435540
chr22	19961991	19962277
chr22	20004226	20004733
chr22	20008348	20008680
chr22	20067482	20067884
chr22	20104380	20105021
chr22	20779250	20779584
chr22	21356326	21356617
chr22	21399870	21400354
chr22	21996176	21996631
chr22	22006208	22006476
chr22	23412122	23412474
chr22	24093112	24093866
chr22	24180956	24181605
chr22	24372874	24373085
chr22	24951091	24951381
chr22	25631744	25632242
chr22	27068559	27068960
chr22	29137695	29138283
chr22	29949515	29950038
chr22	29998982	29999673
chr22	31364924	31365313
chr22	31795162	31795695
chr22	32145534	32146405
chr22	32149460	32150080
chr22	35695670	35696547
chr22	35710259	35710502
chr22	35795787	35796265
chr22	36783865	36784824
chr22	37171916	37172734
chr22	37582236	37582757
chr22	37997552	37998026
chr22	38004231	38004954
chr22	38053886	38054773
chr22	38141970	38142312
chr22	38240279	38240691
chr22	38674720	38675106
chr22	39077595	39078237
chr22	39101170	39101903
chr22	39151933	39152173
chr22	39189975	39190430
chr22	39579917	39580289
chr22	39795399	39796021
chr22	39915892	39916365
chr22	39928721	39929185
chr22	40120405	40120795
chr22	40439956	40441047
chr22	41032536	41033121
chr22	41347250	41347924
chr22	41864511	41864931
chr22	42342563	42343109
chr22	42475731	42476263
chr22	43410997	43411593
chr22	43739224	43739595
chr22	45448635	45448950
chr22	46731384	46731666
chr22	47158280	47158674
chr22	50639171	50639530
chr22	50765437	50765781
chr3	3221266	3221583
chr3	5163674	5164110
chr3	8543267	8543576
chr3	9438521	9439316
chr3	9690862	9691238
chr3	9791337	9791739
chr3	9885442	9885976
chr3	9932060	9932821
chr3	9988124	9988484
chr3	10392707	10393032
chr3	10636550	10637051
chr3	13521448	13521810
chr3	14692917	14693314
chr3	14989632	14990077
chr3	15642803	15643447
chr3	18799587	18799882
chr3	25706266	25706749
chr3	27525850	27526387
chr3	30792537	30792856
chr3	31573726	31574260
chr3	33481916	33482816
chr3	37034618	37035188
chr3	38206416	38206949
chr3	39329906	39330197
chr3	40518312	40518950
chr3	40547134	40547908
chr3	40566086	40566920
chr3	42543804	42544213
chr3	43624989	43625396
chr3	44519018	44519540
chr3	44551892	44552504
chr3	44626080	44626705
chr3	44666113	44666790
chr3	44689788	44690617
chr3	44753733	44754517
chr3	44770683	44771382
chr3	45883506	45883953
chr3	47050849	47051142
chr3	47866204	47866716
chr3	48130248	48130713
chr3	48229699	48230178
chr3	48274197	48274542
chr3	48481403	48481779
chr3	49044488	49044911
chr3	49059271	49059798
chr3	49142086	49142383
chr3	49823792	49824315
chr3	49893800	49894168
chr3	50264828	50265242
chr3	50273404	50273654
chr3	50365527	50365840
chr3	50604952	50605453
chr3	51422333	51422831
chr3	51975877	51976145
chr3	52091169	52091652
chr3	52804719	52805552
chr3	56501010	56501598
chr3	57261442	57261918
chr3	58291731	58292062
chr3	61236912	61237459
chr3	61367432	61367769
chr3	64008850	64009436
chr3	64671512	64671858
chr3	66551416	66551751
chr3	74882197	74882424
chr3	85007677	85008114
chr3	88107921	88108551
chr3	93698695	93699144
chr3	98331466	98331825
chr3	98620483	98620890
chr3	100211103	100211693
chr3	101280418	101280883
chr3	101292443	101293209
chr3	101497786	101498158
chr3	105587763	105588334
chr3	107241373	107241971
chr3	113415393	113416037
chr3	114865904	114867070
chr3	119217128	119217545
chr3	119396218	119396708
chr3	119813625	119814075
chr3	120626466	120627036
chr3	121264440	121265893
chr3	121468427	121469000
chr3	121720085	121720411
chr3	123130861	123131235
chr3	125093891	125094600
chr3	127309424	127309829
chr3	127842406	127842974
chr3	128336391	128337071
chr3	130766435	130766843
chr3	131100386	131100782
chr3	135969288	135969639
chr3	136580632	136581161
chr3	142166589	142167318
chr3	142585772	142586214
chr3	148804111	148804634
chr3	149530647	149531272
chr3	152878887	152879298
chr3	156272824	156273404
chr3	158361988	158362437
chr3	158905556	158905793
chr3	167813583	167814008
chr3	177358100	177358461
chr3	179280340	179281025
chr3	182833666	182834087
chr3	183262427	183262866
chr3	183602474	183602896
chr3	184279202	184279596
chr3	185826703	185827280
chr3	186284944	186285808
chr3	186287888	186288481
chr3	186868421	186868649
chr3	189058508	189058860
chr3	194489692	194490338
chr3	195163627	195164216
chr3	196014430	196014810
chr4	52787	53381
chr4	124031	124538
chr4	206146	206521
chr4	299066	299603
chr4	331248	331747
chr4	467667	468289
chr4	775456	775926
chr4	1283289	1283806
chr4	1340691	1340925
chr4	1574272	1574735
chr4	2263743	2264142
chr4	2470516	2470959
chr4	3075999	3076481
chr4	3657845	3658168
chr4	4653520	4653946
chr4	5309723	5309993
chr4	6202132	6202440
chr4	6271201	6271684
chr4	6785189	6785510
chr4	7069630	7070067
chr4	25314013	25314921
chr4	38463018	38463264
chr4	41211300	41211563
chr4	41341817	41342134
chr4	42154205	42154540
chr4	48782048	48782787
chr4	52708826	52709485
chr4	53588297	53588865
chr4	70296477	70296794
chr4	71858108	71858381
chr4	76555523	76555942
chr4	83295087	83295715
chr4	83821430	83821938
chr4	83955738	83956705
chr4	89205529	89206117
chr4	89513295	89513777
chr4	99668496	99668747
chr4	100871303	100871693
chr4	102268676	102269051
chr4	111544134	111544575
chr4	113152600	113152889
chr4	113282784	113283038
chr4	118369040	118369474
chr4	119606282	119606775
chr4	122924401	122924830
chr4	123653418	123654074
chr4	126235806	126236109
chr4	134070111	134070646
chr4	140003934	140004412
chr4	141294341	141294758
chr4	141686063	141686386
chr4	146830501	146830941
chr4	148538215	148538621
chr4	149363501	149364007
chr4	152020240	152021072
chr4	153700827	153701304
chr4	156297949	156298394
chr4	156679855	156680323
chr4	160023948	160024337
chr4	166248420	166249020
chr4	166272605	166272894
chr4	171900215	171900411
chr4	174255356	174255899
chr4	175204182	175205059
chr4	175750317	175750672
chr4	184580209	184580616
chr4	187071086	187071495
chr4	188691463	188691830
chr5	1176841	1177167
chr5	6780896	6781278
chr5	6820990	6821272
chr5	7868985	7869382
chr5	8457572	8457933
chr5	9339241	9339708
chr5	10316079	10316296
chr5	10462013	10462289
chr5	14581659	14581997
chr5	21459358	21459687
chr5	31532048	31532572
chr5	32312992	32313648
chr5	33440685	33441223
chr5	34915239	34916233
chr5	35938554	35939050
chr5	37379153	37379483
chr5	37812576	37812807
chr5	41696158	41696362
chr5	43313406	43314064
chr5	43483742	43484643
chr5	43514838	43515500
chr5	55290656	55291158
chr5	64858983	64859227
chr5	65439781	65440639
chr5	65891903	65892279
chr5	71146664	71146984
chr5	79484920	79485337
chr5	80597255	80597579
chr5	81590939	81591349
chr5	82373110	82373492
chr5	89705403	89705906
chr5	93733224	93733559
chr5	96143877	96144360
chr5	98108976	98109375
chr5	108063566	108064287
chr5	108084253	108084812
chr5	108745692	108746074
chr5	112196673	112197136
chr5	116790314	116790815
chr5	122758824	122759454
chr5	125392831	125393237
chr5	125758829	125759172
chr5	126366202	126366568
chr5	130506264	130506692
chr5	133082469	133083012
chr5	133747175	133747984
chr5	134094149	134094761
chr5	134378318	134378546
chr5	137089979	137090638
chr5	137548863	137549289
chr5	137667330	137667789
chr5	137687940	137688346
chr5	137690615	137690968
chr5	137878257	137879235
chr5	139780360	139781709
chr5	140070715	140071367
chr5	140700185	140700569
chr5	140943696	140944122
chr5	141659659	141659995
chr5	142828072	142828456
chr5	145582772	145583414
chr5	145774809	145775167
chr5	145826408	145827238
chr5	148737152	148737660
chr5	149339950	149340463
chr5	149829160	149829821
chr5	150137859	150138700
chr5	150399877	150400299
chr5	150460473	150460868
chr5	151150804	151151755
chr5	153825220	153825630
chr5	154237421	154238584
chr5	156569591	156570162
chr5	157157941	157158842
chr5	157562530	157562905
chr5	159546239	159547090
chr5	162864243	162864738
chr5	162887402	162887741
chr5	171761137	171761691
chr5	171847553	171847867
chr5	172386141	172386527
chr5	172483944	172484469
chr5	172878017	172878453
chr5	175964830	175965151
chr5	176214638	176215057
chr5	176778540	176779171
chr5	176852832	176853673
chr5	176943890	176944358
chr5	177034888	177035163
chr5	177631179	177631627
chr5	178800197	178800435
chr5	179125494	179126138
chr5	179159472	179159988
chr5	179285666	179286185
chr5	179718941	179719287
chr5	180287896	180288651
chr5	180611126	180611604
chr5	180649820	180651009
chr5	180687748	180688724
chr6	4180792	4181242
chr6	4844275	4844774
chr6	7141199	7141553
chr6	7726049	7726333
chr6	7940994	7941296
chr6	10694686	10695231
chr6	10887022	10887416
chr6	11805471	11805906
chr6	13615279	13615900
chr6	16129089	16129312
chr6	20401740	20402131
chr6	26027311	26027670
chr6	26055386	26055802
chr6	26103892	26104296
chr6	26122985	26123478
chr6	26189140	26189606
chr6	27106838	27107229
chr6	27219524	27219897
chr6	27777644	27777876
chr6	28092013	28092765
chr6	28104427	28104875
chr6	28109190	28110045
chr6	28192668	28193414
chr6	28219617	28220397
chr6	28234505	28235412
chr6	28248993	28249752
chr6	28317279	28318125
chr6	28350869	28351657
chr6	28367118	28368033
chr6	28397440	28397964
chr6	28410837	28411681
chr6	28554754	28555442
chr6	28952845	28953881
chr6	28973024	28973651
chr6	28984159	28984733
chr6	29716649	29716973
chr6	30028501	30029558
chr6	30584834	30585292
chr6	30684750	30685847
chr6	30687746	30688156
chr6	31125935	31126472
chr6	31148408	31148774
chr6	31275734	31276104
chr6	31707395	31707923
chr6	31794861	31795588
chr6	31830527	31830832
chr6	32095874	32096255
chr6	32097865	32098334
chr6	32143678	32144144
chr6	32145451	32146318
chr6	32862261	32862909
chr6	33216966	33217322
chr6	33422077	33422487
chr6	33547843	33548249
chr6	33783660	33784033
chr6	33894210	33894546
chr6	34499476	34499924
chr6	35656545	35657078
chr6	36164838	36165320
chr6	36212679	36213017
chr6	36842444	36842982
chr6	36930721	36931048
chr6	38670794	38671153
chr6	40132133	40132508
chr6	40710935	40711368
chr6	41039909	41040414
chr6	41747494	41748056
chr6	41888658	41889600
chr6	42018414	42018694
chr6	42184976	42186152
chr6	42847027	42848020
chr6	42896807	42897257
chr6	42946739	42947109
chr6	43796443	43796811
chr6	44280626	44281382
chr6	46138520	46138981
chr6	49754881	49755302
chr6	52149460	52149959
chr6	52528830	52529389
chr6	54602046	54602402
chr6	54857592	54857928
chr6	58776426	58779399
chr6	62995915	62996484
chr6	64284171	64284685
chr6	64308438	64309025
chr6	67268159	67268386
chr6	69110282	69110538
chr6	72130493	72130792
chr6	74230965	74231460
chr6	75952969	75954318
chr6	80246836	80247470
chr6	80714117	80714463
chr6	85050197	85050491
chr6	88031985	88032542
chr6	88182240	88182932
chr6	88299541	88299985
chr6	90529394	90529746
chr6	90539303	90539761
chr6	94129152	94129647
chr6	97345564	97346050
chr6	100912658	100913133
chr6	107349141	107349587
chr6	108879578	108879871
chr6	109330587	109331009
chr6	110011849	110012677
chr6	111195692	111196189
chr6	112194471	112194994
chr6	116937225	116937741
chr6	117996260	117996692
chr6	119670847	119671118
chr6	122720382	122720760
chr6	126277653	126278054
chr6	127837573	127838118
chr6	132834143	132834441
chr6	134273810	134274714
chr6	136571270	136571827
chr6	136610750	136611079
chr6	137910346	137910871
chr6	143497241	143497633
chr6	144416634	144416966
chr6	147523473	147523907
chr6	149511322	149511775
chr6	152084980	152085565
chr6	153304065	153304524
chr6	153304537	153304884
chr6	155054139	155054684
chr6	155055079	155055514
chr6	155635317	155635877
chr6	157153198	157153679
chr6	159527692	159528187
chr6	160183204	160183646
chr6	160211140	160211724
chr6	162028931	162029245
chr6	170862002	170862869
chr6	170862874	170863577
chr7	855971	856333
chr7	916320	916700
chr7	1177763	1178247
chr7	1199748	1200043
chr7	1543887	1544216
chr7	1808434	1808838
chr7	2671232	2671530
chr7	2883919	2884453
chr7	3214073	3214541
chr7	4814958	4815367
chr7	5013230	5013800
chr7	5395963	5396421
chr7	5463435	5463809
chr7	5609618	5610036
chr7	5821134	5821672
chr7	6048618	6049026
chr7	6866804	6867120
chr7	7679975	7680412
chr7	8008042	8008565
chr7	11012519	11012999
chr7	12726879	12727393
chr7	18191029	18191437
chr7	23053549	23054098
chr7	25019664	25020151
chr7	25894598	25895038
chr7	25896623	25896950
chr7	27702240	27702874
chr7	28445833	28446116
chr7	30066074	30066688
chr7	30544325	30544801
chr7	30749114	30749665
chr7	32886226	32886672
chr7	33876325	33876806
chr7	38217451	38218009
chr7	43768782	43769621
chr7	44058574	44058987
chr7	44122051	44122371
chr7	44163007	44163367
chr7	44646030	44646701
chr7	44835997	44836410
chr7	44887634	44888351
chr7	48074900	48075162
chr7	54826726	54827126
chr7	56119199	56119590
chr7	56174173	56174440
chr7	61968859	61969689
chr7	64254504	64254956
chr7	64363402	64363697
chr7	64467031	64467268
chr7	64838492	64838866
chr7	65215758	65216095
chr7	66093526	66094029
chr7	66370222	66370563
chr7	66461402	66461824
chr7	67090218	67090663
chr7	71895485	71895790
chr7	72298684	72299169
chr7	72936394	72936985
chr7	73017748	73018025
chr7	73097650	73097990
chr7	73206880	73207391
chr7	73256746	73257119
chr7	74508780	74508992
chr7	75368153	75368699
chr7	75623865	75624190
chr7	75830936	75831411
chr7	76751608	76752058
chr7	77325391	77325904
chr7	77427503	77428275
chr7	86974686	86975096
chr7	91509797	91510230
chr7	92157831	92158243
chr7	92219231	92219963
chr7	96338713	96339456
chr7	97602527	97602941
chr7	97735842	97736387
chr7	97881360	97881761
chr7	98189283	98189655
chr7	98476507	98476894
chr7	99070017	99071145
chr7	99097340	99098219
chr7	99102139	99103197
chr7	99149430	99150184
chr7	99213801	99215025
chr7	99594837	99595918
chr7	99612776	99613632
chr7	99647006	99647708
chr7	99678677	99679762
chr7	99698182	99698570
chr7	99698860	99699304
chr7	99746136	99746694
chr7	99774847	99775185
chr7	100136304	100136986
chr7	100183713	100184526
chr7	100209526	100209846
chr7	100434492	100435326
chr7	100825470	100826253
chr7	100895074	100896063
chr7	102119230	102119487
chr7	102212984	102213272
chr7	102389061	102389450
chr7	103848387	103848660
chr7	105172162	105172986
chr7	106808915	106809716
chr7	110230586	110230803
chr7	112579741	112580199
chr7	121036205	121036629
chr7	127291898	127292360
chr7	128379102	128379519
chr7	128784515	128784764
chr7	129073972	129074354
chr7	130125784	130126369
chr7	130353394	130353758
chr7	132766631	132767213
chr7	132937452	132937995
chr7	134330829	134331857
chr7	134932172	134932480
chr7	137686643	137687411
chr7	139045007	139045484
chr7	140714317	140715222
chr7	145869164	145869527
chr7	148823230	148823557
chr7	148844210	148844734
chr7	148936498	148936742
chr7	149119265	149119753
chr7	149321644	149322089
chr7	150076062	150076555
chr7	150705723	150706052
chr7	150725093	150725949
chr7	150929150	150929765
chr7	151216881	151217389
chr7	156742257	156742588
chr7	157483646	157483966
chr8	681072	681413
chr8	1771799	1772163
chr8	2480920	2481258
chr8	11593679	11594260
chr8	11597036	11597322
chr8	11659862	11660272
chr8	11828587	11828805
chr8	22132506	22132963
chr8	23145256	23146004
chr8	23386194	23386451
chr8	24106325	24106675
chr8	25315781	25316666
chr8	26240604	26241002
chr8	27168671	27169108
chr8	27631802	27632194
chr8	30670241	30670580
chr8	37619801	37620293
chr8	38033937	38034435
chr8	38243477	38244221
chr8	38342120	38342440
chr8	40755199	40755573
chr8	40962570	40962993
chr8	42010106	42010618
chr8	42911066	42911595
chr8	56986886	56987432
chr8	57123879	57124466
chr8	62627056	62627414
chr8	64162623	64162986
chr8	67976283	67976748
chr8	70602273	70602682
chr8	71314092	71314761
chr8	71520325	71520934
chr8	74780137	74780567
chr8	74884303	74884819
chr8	93978222	93978523
chr8	97505676	97505922
chr8	101571896	101572283
chr8	101965049	101965294
chr8	103419988	103420390
chr8	103875092	103875544
chr8	107737987	107738496
chr8	118532628	118533125
chr8	124072946	124073372
chr8	125985226	125985727
chr8	130974991	130975529
chr8	135469456	135469747
chr8	140495612	140495922
chr8	140718825	140719186
chr8	143556168	143556800
chr8	143751195	143751671
chr8	143858600	143858866
chr8	144328883	144329294
chr8	144349240	144349821
chr8	144360676	144361156
chr8	144363681	144364154
chr8	144365743	144366124
chr8	144373228	144373836
chr8	144450602	144451117
chr8	144717863	144718366
chr8	144766209	144766958
chr8	145158940	145159663
chr8	145582021	145582377
chr8	145688140	145688564
chr8	145690471	145691080
chr8	145733887	145734298
chr8	145925399	145926007
chr8	145980626	145981430
chr8	146012565	146013048
chr8	146023924	146024501
chr8	146052577	146053182
chr8	146077943	146078872
chr8	146126497	146127699
chr8	146176012	146176639
chr8	146228018	146228644
chr9	2014932	2015263
chr9	4792571	4792967
chr9	6080176	6080524
chr9	19380100	19380531
chr9	23826079	23826696
chr9	28127477	28127847
chr9	33024986	33025382
chr9	33473769	33474258
chr9	34329092	34329712
chr9	34620328	34620784
chr9	34651890	34652275
chr9	34989089	34989917
chr9	35072473	35073063
chr9	35096170	35096903
chr9	35102840	35103423
chr9	35731966	35732706
chr9	35814879	35815430
chr9	35828974	35829355
chr9	36765659	36766448
chr9	37027581	37028029
chr9	37465360	37466101
chr9	74525923	74526527
chr9	79186481	79186989
chr9	80911702	80912116
chr9	82186404	82186766
chr9	85414008	85414377
chr9	86594933	86595466
chr9	91933161	91933566
chr9	92276846	92277299
chr9	94676780	94677180
chr9	95732582	95732953
chr9	96215730	96216110
chr9	96928240	96928644
chr9	96928777	96929312
chr9	99180576	99180996
chr9	100000439	100000887
chr9	100395360	100396147
chr9	101049630	101050113
chr9	104295561	104296172
chr9	115480267	115480562
chr9	116615706	116615967
chr9	119449302	119449708
chr9	122725544	122725899
chr9	123476615	123477047
chr9	123883843	123884240
chr9	124457680	124458042
chr9	125226049	125226375
chr9	126188611	126188955
chr9	127177455	127178210
chr9	127905637	127906139
chr9	128003491	128004143
chr9	128508278	128508685
chr9	129676771	129677233
chr9	130007302	130007773
chr9	130158944	130159540
chr9	130461596	130462031
chr9	130477807	130478186
chr9	130648552	130648905
chr9	130685440	130685682
chr9	130692958	130693335
chr9	130743290	130743586
chr9	130829403	130830452
chr9	130953670	130954136
chr9	131486202	131486744
chr9	131487196	131487649
chr9	131798519	131798857
chr9	131842860	131843590
chr9	131940357	131940843
chr9	132404217	132404720
chr9	133272011	133272263
chr9	133565306	133565763
chr9	133587839	133588475
chr9	134248610	134249191
chr9	135905653	135906516
chr9	135964789	135965078
chr9	136075429	136075719
chr9	136242117	136242402
chr9	136454517	136455065
chr9	137533417	137533695
chr9	138392230	138392766
chr9	139294509	139294905
chr9	139334076	139334558
chr9	139743452	139744071
chr9	139760657	139760984
chr9	139780313	139781008
chr9	140095114	140095590
chr9	140117844	140118254
chr9	140135236	140135875
chr9	140201893	140202263
chr9	140473230	140473625
chrM	0	1096
chrM	4626	5575
chrX	1033359	1033699
chrX	1710228	1710598
chrX	1779843	1780889
chrX	3732738	3733315
chrX	11129208	11129490
chrX	11777501	11777821
chrX	13916199	13916552
chrX	18443433	18443764
chrX	40439868	40440298
chrX	44401898	44402407
chrX	44732005	44732440
chrX	46696182	46696470
chrX	46988433	46988928
chrX	47077140	47077477
chrX	47221053	47221358
chrX	47221456	47221926
chrX	47415404	47415885
chrX	47420237	47420948
chrX	47483138	47483490
chrX	47496941	47497247
chrX	47931161	47931492
chrX	48815458	48815877
chrX	48929537	48929928
chrX	48958052	48958412
chrX	49047192	49048127
chrX	49125389	49126224
chrX	50557242	50557451
chrX	51545953	51546253
chrX	53122973	53123255
chrX	53268666	53268996
chrX	55743929	55744275
chrX	62974895	62975267
chrX	63425549	63425844
chrX	64754537	64754917
chrX	68721271	68721640
chrX	68776221	68776599
chrX	68835486	68835887
chrX	70273183	70273601
chrX	70401792	70402184
chrX	70503181	70503623
chrX	71496869	71497313
chrX	72347798	72348198
chrX	74375892	74376286
chrX	74493627	74494047
chrX	77359442	77359768
chrX	80065358	80065768
chrX	80377027	80377460
chrX	82762986	82763377
chrX	85403158	85403482
chrX	92928532	92928826
chrX	100645644	100646194
chrX	100662877	100663258
chrX	102941482	102941939
chrX	108297272	108297881
chrX	112084642	112085025
chrX	114795225	114795583
chrX	119763583	119764038
chrX	128977689	128978122
chrX	134049078	134049349
chrX	135962757	135963180
chrX	151999156	151999568
chrX	152735946	152736247
chrX	152933317	152933605
chrX	153059350	153059867
chrX	153363200	153363518
chrX	153626286	153627098
chrX	153656649	153657077
chrX	154444350	154444815
chrY	10037683	10037976
