chr1	875545	875885
chr1	923280	923756
chr1	966619	966933
chr1	1472111	1472361
chr1	1789986	1790507
chr1	2472928	2473249
chr1	2517138	2517506
chr1	3087596	3087911
chr1	5945845	5946208
chr1	6336352	6336847
chr1	6761705	6762211
chr1	6803836	6804257
chr1	8086153	8086624
chr1	8651015	8651447
chr1	8960008	8960306
chr1	9675695	9676111
chr1	10126911	10127529
chr1	10463906	10464228
chr1	11806688	11807139
chr1	11850821	11851332
chr1	11967699	11969115
chr1	11969499	11970160
chr1	12470330	12470805
chr1	12508691	12509359
chr1	12588276	12589018
chr1	12678915	12679407
chr1	14761956	14762364
chr1	14763371	14763890
chr1	15106762	15107224
chr1	15655392	15656054
chr1	15681155	15681496
chr1	15923294	15923805
chr1	15946432	15947005
chr1	16141934	16142546
chr1	16176787	16177330
chr1	16339108	16340124
chr1	16382070	16382496
chr1	16467664	16468119
chr1	16760868	16761490
chr1	16840028	16840990
chr1	17082011	17082316
chr1	17222532	17223166
chr1	17231503	17232370
chr1	17686380	17687105
chr1	17746179	17746648
chr1	18911269	18911578
chr1	19496065	19496648
chr1	20196429	20196847
chr1	21348486	21349320
chr1	21588257	21588765
chr1	21719386	21719838
chr1	21900499	21901112
chr1	22231280	22232050
chr1	22301183	22301641
chr1	22326226	22326430
chr1	22351731	22352731
chr1	23441420	23441977
chr1	23695901	23696545
chr1	24010914	24011291
chr1	24017841	24018369
chr1	24116498	24117093
chr1	24246457	24246979
chr1	25020903	25021168
chr1	25875783	25876387
chr1	26343295	26343696
chr1	26409630	26410092
chr1	26446356	26446789
chr1	26613475	26613935
chr1	26704522	26705314
chr1	26712139	26712488
chr1	26734975	26735414
chr1	26810585	26810979
chr1	27021793	27022362
chr1	27070462	27071092
chr1	27481445	27481947
chr1	27648326	27648840
chr1	27851803	27852388
chr1	27868965	27869594
chr1	28005318	28005546
chr1	28193743	28194128
chr1	28305638	28306496
chr1	28402413	28402995
chr1	28404701	28405139
chr1	28571302	28571719
chr1	28575702	28576262
chr1	28655206	28655748
chr1	28827470	28827934
chr1	28832027	28833281
chr1	28835339	28837895
chr1	28974876	28975912
chr1	29077758	29078262
chr1	29210289	29210743
chr1	31361332	31361689
chr1	31500877	31501435
chr1	32598967	32599584
chr1	32781984	32782398
chr1	33235098	33235399
chr1	33873666	33874019
chr1	35971560	35972010
chr1	36046490	36046972
chr1	36641072	36641450
chr1	36786625	36787435
chr1	38944156	38944408
chr1	39281470	39282121
chr1	39670021	39670611
chr1	39679556	39680028
chr1	40004796	40005272
chr1	40524978	40525464
chr1	41058961	41059393
chr1	41178578	41179083
chr1	41711351	41711903
chr1	42216871	42217296
chr1	43636573	43636963
chr1	43809865	43810379
chr1	43810764	43811254
chr1	43880224	43880611
chr1	44249374	44249829
chr1	44285035	44285479
chr1	44501295	44502015
chr1	44513841	44514301
chr1	45186876	45187894
chr1	45195972	45197261
chr1	45240916	45241467
chr1	45285012	45285910
chr1	45477638	45478732
chr1	45731845	45732483
chr1	45987270	45987918
chr1	46639022	46639661
chr1	46712124	46712641
chr1	47646743	47647237
chr1	47890048	47890451
chr1	50983231	50983535
chr1	51170727	51171076
chr1	52126631	52127184
chr1	53476741	53477502
chr1	54573793	54574270
chr1	55393080	55393438
chr1	57297587	57297969
chr1	59249312	59250118
chr1	59858847	59859584
chr1	60432971	60433405
chr1	61478832	61479321
chr1	61514536	61514903
chr1	63216829	63217199
chr1	63594757	63595243
chr1	64472224	64472677
chr1	65222809	65223186
chr1	65356297	65356787
chr1	65398805	65399195
chr1	65505266	65505563
chr1	65560018	65560226
chr1	65629025	65629435
chr1	66370220	66370771
chr1	67899397	67900028
chr1	68055915	68056297
chr1	68152286	68152929
chr1	71217433	71217882
chr1	71284148	71284557
chr1	76190324	76190764
chr1	76231321	76231732
chr1	78170436	78170829
chr1	78469577	78470808
chr1	84384452	84384962
chr1	84568863	84569206
chr1	84631246	84631633
chr1	85065134	85065499
chr1	85263239	85263659
chr1	85690416	85691139
chr1	86969723	86970025
chr1	88108472	88108809
chr1	89561461	89561754
chr1	90002502	90003009
chr1	90003946	90004313
chr1	90010829	90011593
chr1	90158156	90158770
chr1	90354019	90354528
chr1	90441081	90441593
chr1	90621713	90621948
chr1	91852618	91853205
chr1	92793418	92793642
chr1	93257125	93257520
chr1	93422518	93422989
chr1	93549569	93549899
chr1	94316847	94317368
chr1	95100544	95100929
chr1	95749998	95750411
chr1	100812837	100813412
chr1	108617625	108617904
chr1	109123558	109123957
chr1	109456342	109456751
chr1	109817396	109817957
chr1	109849584	109850885
chr1	109981204	109981899
chr1	110438330	110438900
chr1	112135297	112135784
chr1	112462893	112463250
chr1	112649648	112649990
chr1	113086533	113086993
chr1	113243037	113243799
chr1	113361516	113362028
chr1	113489252	113489713
chr1	114362510	114363014
chr1	114456724	114457326
chr1	114491708	114492135
chr1	114922569	114923078
chr1	114930940	114931477
chr1	115140528	115140958
chr1	116150835	116151153
chr1	116958253	116958817
chr1	117098344	117098792
chr1	120930223	120930576
chr1	121336903	121337228
chr1	144533402	144534617
chr1	144691866	144692123
chr1	145003590	145004823
chr1	145066426	145066982
chr1	145382555	145383372
chr1	145412898	145413436
chr1	145421583	145422094
chr1	145471776	145472581
chr1	146555779	146556458
chr1	147323216	147323732
chr1	147806274	147807028
chr1	147994052	147994295
chr1	148241240	148241891
chr1	148604796	148605009
chr1	149223134	149224301
chr1	149605955	149606163
chr1	149856752	149857831
chr1	149857960	149858716
chr1	149858729	149859604
chr1	149887431	149888125
chr1	149910922	149911377
chr1	149993188	149993653
chr1	150037387	150037871
chr1	150116600	150117031
chr1	150356029	150356536
chr1	150459447	150459953
chr1	150487682	150488174
chr1	150494053	150494317
chr1	150517872	150518596
chr1	150591978	150592549
chr1	150973915	150974435
chr1	152434046	152434347
chr1	153316177	153316648
chr1	153917843	153918282
chr1	154130100	154130496
chr1	154268052	154268443
chr1	154298592	154299099
chr1	154836084	154836613
chr1	155066793	155067185
chr1	155192840	155193198
chr1	155830002	155830523
chr1	155907924	155908680
chr1	155934003	155934389
chr1	156095797	156096362
chr1	156186140	156186730
chr1	156250967	156251821
chr1	156460050	156460614
chr1	156472610	156472995
chr1	156577870	156578279
chr1	156589941	156590278
chr1	156634791	156635205
chr1	157216738	157217278
chr1	158216417	158216640
chr1	158789316	158789653
chr1	159866433	159866768
chr1	159891909	159892318
chr1	160162855	160163344
chr1	160959595	160960018
chr1	160983522	160984297
chr1	161197093	161197566
chr1	161582111	161582737
chr1	161676165	161676735
chr1	164681288	164682100
chr1	166554033	166554846
chr1	166672779	166673297
chr1	166674613	166675255
chr1	167192869	167193225
chr1	167596948	167597608
chr1	167599066	167599564
chr1	168582930	168583203
chr1	168605792	168606164
chr1	169477599	169478069
chr1	172831880	172832287
chr1	173324304	173324710
chr1	173398651	173399474
chr1	174818358	174818766
chr1	179016035	179016953
chr1	180550704	180551267
chr1	180580343	180581078
chr1	180609459	180610209
chr1	181100363	181100895
chr1	181120740	181121570
chr1	181121897	181122572
chr1	181874965	181875414
chr1	182194919	182195321
chr1	182205058	182205796
chr1	182298592	182298982
chr1	182544806	182545339
chr1	182760718	182761300
chr1	183956708	183957218
chr1	184000338	184001031
chr1	185567507	185567728
chr1	191465168	191465534
chr1	192077330	192077739
chr1	193084816	193085515
chr1	194668053	194668449
chr1	195730168	195730571
chr1	195867919	195868733
chr1	196009243	196009694
chr1	196378768	196379120
chr1	196486358	196486706
chr1	196515209	196515662
chr1	196986976	196987284
chr1	197182217	197182738
chr1	198579499	198579910
chr1	200244528	200244974
chr1	200988530	200989093
chr1	201449326	201449835
chr1	201616933	201617400
chr1	201851851	201852272
chr1	201910364	201910974
chr1	202501189	202501530
chr1	203247530	203247858
chr1	203251312	203251707
chr1	203269355	203269979
chr1	203473820	203474187
chr1	203642875	203643650
chr1	203769148	203769595
chr1	203828055	203828394
chr1	204593983	204594464
chr1	205180605	205181093
chr1	205236439	205236830
chr1	205257278	205257659
chr1	205647287	205648127
chr1	205782048	205782577
chr1	206677421	206677867
chr1	206733290	206733722
chr1	206837211	206837766
chr1	207045468	207045936
chr1	207063900	207064363
chr1	207197529	207198110
chr1	207484469	207484935
chr1	207535169	207535705
chr1	207692938	207693288
chr1	207693386	207693765
chr1	207793518	207794070
chr1	207952242	207952818
chr1	207989832	207990262
chr1	208096809	208097280
chr1	208338034	208338336
chr1	208392853	208393717
chr1	209981265	209981778
chr1	210547166	210547721
chr1	211786303	211787055
chr1	211800610	211800999
chr1	212106003	212106332
chr1	212325441	212326078
chr1	212407936	212408424
chr1	212671676	212672029
chr1	212731425	212732593
chr1	212769531	212769973
chr1	212781614	212782309
chr1	219262282	219262691
chr1	220970908	220971247
chr1	221861145	221861386
chr1	221896340	221896814
chr1	223316995	223317584
chr1	224358915	224359194
chr1	224521559	224522159
chr1	225632437	225632995
chr1	226186875	226187934
chr1	226297803	226298349
chr1	226298356	226299345
chr1	226594749	226595321
chr1	227015609	227016094
chr1	227584099	227584706
chr1	230960582	230961101
chr1	231241924	231242445
chr1	234630983	234631512
chr1	234680280	234680818
chr1	234718800	234719203
chr1	234736909	234737867
chr1	234749207	234749616
chr1	234859422	234860279
chr1	234908048	234908524
chr1	236231212	236231535
chr1	236515146	236515614
chr1	237076947	237077341
chr1	241682929	241683524
chr1	241694753	241695318
chr1	241804242	241804627
chr1	241817245	241817773
chr1	241852240	241852952
chr1	241859232	241860069
chr1	241860475	241860946
chr1	243040430	243040885
chr1	244086492	244087037
chr1	245214735	245215533
chr1	245501376	245501972
chr1	245954986	245955467
chr1	246254803	246255228
chr1	246280433	246280894
chr1	246319256	246319750
chr1	246378058	246378687
chr1	246655666	246656268
chr1	246740928	246741456
chr1	246862056	246862863
chr1	249166923	249167511
chr10	3098439	3098798
chr10	3747218	3747515
chr10	3827313	3827974
chr10	3845385	3846397
chr10	3850222	3850683
chr10	5359470	5359914
chr10	5875706	5876167
chr10	5975836	5976323
chr10	6969325	6969826
chr10	7070117	7070602
chr10	7998452	7998820
chr10	8356369	8356730
chr10	9373496	9373942
chr10	11160718	11160960
chr10	11220528	11221211
chr10	11654204	11654838
chr10	11913465	11913849
chr10	13446185	13446732
chr10	13747756	13748096
chr10	14223142	14223596
chr10	14226966	14228019
chr10	14995506	14995930
chr10	15492811	15493559
chr10	15807076	15807429
chr10	16933673	16934273
chr10	17038010	17038573
chr10	17545586	17546019
chr10	17704476	17705043
chr10	17717801	17718120
chr10	18601591	18602176
chr10	19024714	19025088
chr10	22506078	22506430
chr10	22597282	22597477
chr10	22807277	22807678
chr10	23344231	23344851
chr10	25190969	25191524
chr10	25782027	25782380
chr10	25970935	25971409
chr10	29095385	29096688
chr10	29128431	29128959
chr10	29248966	29249474
chr10	30720174	30720884
chr10	32261326	32261896
chr10	37990185	37990435
chr10	39112671	39112875
chr10	39120220	39120609
chr10	39137987	39138411
chr10	42364558	42364915
chr10	43910990	43911411
chr10	43913286	43913949
chr10	44806437	44806820
chr10	45408690	45409505
chr10	45474045	45474593
chr10	45991285	45991636
chr10	49916253	49916499
chr10	50433133	50433603
chr10	50486359	50486909
chr10	50506698	50507392
chr10	50508029	50509090
chr10	52020407	52020932
chr10	52031604	52032060
chr10	52085038	52085605
chr10	52086502	52087210
chr10	52124408	52124801
chr10	52310011	52310518
chr10	52337273	52337953
chr10	60144472	60145318
chr10	61792595	61792905
chr10	62588158	62588678
chr10	62703906	62704338
chr10	63040056	63040331
chr10	63525177	63525819
chr10	63659552	63660122
chr10	63810859	63811183
chr10	63819338	63819853
chr10	65028522	65029249
chr10	65389068	65389481
chr10	69608979	69609682
chr10	69731104	69731458
chr10	69853610	69853970
chr10	70377419	70377838
chr10	71087254	71087812
chr10	72190314	72190636
chr10	72412900	72413409
chr10	73934950	73935261
chr10	74056979	74057460
chr10	74082187	74082615
chr10	74300955	74301514
chr10	74699753	74700167
chr10	74877723	74878238
chr10	74928138	74928684
chr10	75229285	75229727
chr10	75403686	75404227
chr10	75410614	75411145
chr10	75415615	75416072
chr10	75716187	75716741
chr10	75767838	75768459
chr10	75781061	75781544
chr10	75799467	75799975
chr10	75912853	75913248
chr10	76053452	76053883
chr10	76582154	76582670
chr10	76613667	76614200
chr10	76793817	76794304
chr10	76869785	76870345
chr10	76874928	76875316
chr10	77054938	77055456
chr10	79730839	79731666
chr10	80818964	80819298
chr10	80856822	80857225
chr10	80898790	80899222
chr10	81093265	81093689
chr10	81918238	81918813
chr10	81961168	81961638
chr10	88515208	88515718
chr10	88648719	88649158
chr10	89195087	89195346
chr10	89283516	89283928
chr10	91123437	91123670
chr10	91336482	91336869
chr10	92979970	92980358
chr10	93368721	93369215
chr10	93861043	93861465
chr10	93942960	93943311
chr10	94198055	94198300
chr10	94630867	94631162
chr10	94787171	94787579
chr10	97057045	97057592
chr10	97166623	97166919
chr10	98429361	98429724
chr10	98783792	98784167
chr10	99072710	99073137
chr10	99159710	99160217
chr10	99599851	99600426
chr10	100220574	100221286
chr10	102757967	102758449
chr10	104498324	104498757
chr10	104829344	104829780
chr10	106099096	106099816
chr10	106109899	106110233
chr10	108792182	108792624
chr10	111928286	111928732
chr10	111969921	111970251
chr10	112018182	112018656
chr10	112155585	112155982
chr10	112581796	112582192
chr10	115784962	115785492
chr10	116393027	116393384
chr10	116394362	116394893
chr10	116508780	116509157
chr10	119522251	119522468
chr10	120255062	120255549
chr10	120879896	120880280
chr10	121279921	121280263
chr10	123822746	123823062
chr10	124699392	124699656
chr10	124714748	124715035
chr10	125559801	125560235
chr10	126277312	126278107
chr10	126796529	126796914
chr10	127293761	127294123
chr10	134234869	134235378
chr10	134330657	134331219
chr10	135500518	135501200
chr11	629239	629582
chr11	1357042	1357482
chr11	1569539	1569915
chr11	1573870	1574073
chr11	1593311	1593763
chr11	2404220	2404455
chr11	2482461	2482677
chr11	2761353	2761707
chr11	2799676	2800328
chr11	2809679	2810121
chr11	3191142	3191553
chr11	3663784	3664299
chr11	3666019	3666447
chr11	3880782	3881218
chr11	3950864	3951354
chr11	5172848	5173388
chr11	5255594	5256224
chr11	5384926	5385315
chr11	5836632	5837091
chr11	9145272	9145751
chr11	9236246	9236572
chr11	9587402	9588088
chr11	9596826	9597383
chr11	9634494	9635144
chr11	9648384	9648863
chr11	10678922	10679453
chr11	10737577	10738078
chr11	10879103	10880030
chr11	10921567	10922273
chr11	11027238	11027495
chr11	12039409	12039829
chr11	12120757	12121053
chr11	12199192	12199591
chr11	12222487	12223168
chr11	12284501	12285286
chr11	14566157	14566493
chr11	15469293	15469578
chr11	16314644	16315182
chr11	17408082	17408470
chr11	19143184	19143605
chr11	19223474	19223793
chr11	19463675	19464200
chr11	22854226	22854618
chr11	32408264	32408703
chr11	32487963	32488366
chr11	34255595	34256043
chr11	34706700	34707134
chr11	34831070	34831650
chr11	35052133	35052763
chr11	35373665	35374131
chr11	36521954	36522290
chr11	36530800	36531274
chr11	36562573	36562922
chr11	38560332	38560745
chr11	43758196	43758643
chr11	43760411	43760765
chr11	44551942	44552314
chr11	44803312	44803627
chr11	45848113	45848434
chr11	45901601	45902190
chr11	46144461	46144971
chr11	46258588	46259109
chr11	46360636	46360911
chr11	46742857	46743172
chr11	47026221	47026679
chr11	47077772	47078254
chr11	47293424	47294098
chr11	47429418	47430104
chr11	47927257	47927532
chr11	59378988	59379445
chr11	59522263	59522751
chr11	59625114	59625620
chr11	59727827	59728299
chr11	61054842	61055297
chr11	61109658	61109987
chr11	61142436	61142857
chr11	61394186	61394474
chr11	61473961	61474316
chr11	61855876	61856105
chr11	61872591	61873087
chr11	61938751	61939035
chr11	62573951	62574441
chr11	62608693	62609452
chr11	63349999	63350382
chr11	63685596	63685927
chr11	63948856	63949420
chr11	64050517	64051000
chr11	64510663	64510970
chr11	64863384	64863823
chr11	65138466	65139093
chr11	65185537	65186018
chr11	65186090	65186950
chr11	65187430	65187908
chr11	65190064	65190662
chr11	65190664	65195183
chr11	65239396	65240047
chr11	65244711	65245332
chr11	65261952	65262411
chr11	65264638	65265453
chr11	65266191	65268196
chr11	65268208	65275397
chr11	65355546	65355953
chr11	65836250	65836778
chr11	66185491	66186453
chr11	66189061	66189467
chr11	67025173	67025446
chr11	67312670	67313003
chr11	68933891	68934444
chr11	69064461	69065342
chr11	69236264	69236673
chr11	69263989	69264403
chr11	69264439	69264894
chr11	71706526	71707036
chr11	73674810	73675336
chr11	74648045	74648333
chr11	74814430	74814930
chr11	75300871	75301322
chr11	75561899	75562216
chr11	75785596	75786139
chr11	77838484	77838760
chr11	85194923	85195283
chr11	85780434	85781194
chr11	86221996	86222659
chr11	86230203	86230846
chr11	90209705	90209901
chr11	91525759	91526165
chr11	93451292	93451798
chr11	94296605	94297057
chr11	94521619	94522064
chr11	96064866	96065309
chr11	96669531	96669821
chr11	102434982	102435242
chr11	105883539	105883968
chr11	107298523	107298982
chr11	108372054	108372550
chr11	109785957	109786438
chr11	109809865	109810393
chr11	109843628	109843950
chr11	109870625	109871095
chr11	109940079	109940530
chr11	110188051	110188491
chr11	111859424	111859909
chr11	113552004	113552364
chr11	113667321	113667744
chr11	117031532	117031964
chr11	118111745	118112163
chr11	118779901	118780328
chr11	118996525	118996834
chr11	119133322	119133759
chr11	119134122	119134585
chr11	119231943	119232469
chr11	119249622	119250047
chr11	119653369	119653717
chr11	120119360	120119602
chr11	120205585	120206101
chr11	120206722	120207120
chr11	123992725	123993267
chr11	124192409	124192717
chr12	825660	826108
chr12	1856754	1857136
chr12	2445365	2445863
chr12	3107968	3108473
chr12	4262717	4263116
chr12	6276844	6277418
chr12	6454611	6455034
chr12	6874429	6874762
chr12	7052846	7053471
chr12	7525639	7526068
chr12	7708403	7708812
chr12	8113294	8113602
chr12	8115532	8116135
chr12	8182737	8183128
chr12	8191244	8191775
chr12	10047810	10048225
chr12	10364730	10365124
chr12	11062923	11063349
chr12	12686250	12686515
chr12	12715338	12715809
chr12	14408954	14409428
chr12	14561025	14561454
chr12	15142694	15143115
chr12	16482581	16482968
chr12	20704275	20704555
chr12	22682162	22682653
chr12	22702497	22702903
chr12	23875466	23875930
chr12	25062524	25062970
chr12	25486687	25487084
chr12	25538859	25539471
chr12	25649898	25650231
chr12	26451695	26452060
chr12	27987478	27987911
chr12	30610436	30610841
chr12	30756068	30756414
chr12	31884645	31885103
chr12	31901944	31902553
chr12	32183909	32184474
chr12	33740959	33741618
chr12	40013529	40014032
chr12	40017677	40018041
chr12	42878754	42879162
chr12	44229638	44230100
chr12	45342463	45342772
chr12	45718141	45718664
chr12	45809100	45809445
chr12	46613562	46613992
chr12	46825397	46826033
chr12	47588257	47588710
chr12	47609210	47609583
chr12	48201687	48202166
chr12	48206609	48207190
chr12	48545794	48546265
chr12	48591690	48592335
chr12	49173654	49174060
chr12	49393137	49393878
chr12	49525875	49526384
chr12	49626463	49627222
chr12	50056683	50057298
chr12	50178545	50178944
chr12	50504417	50504894
chr12	50505729	50506070
chr12	51034264	51034648
chr12	51146112	51146479
chr12	51640032	51640465
chr12	51720520	51721045
chr12	52348152	52348899
chr12	52430366	52431023
chr12	52444450	52445184
chr12	53731769	53732201
chr12	53886688	53887156
chr12	54689448	54689977
chr12	54730939	54731856
chr12	54981190	54981457
chr12	55381477	55382030
chr12	56730201	56730918
chr12	57260944	57261343
chr12	57381917	57382626
chr12	57845854	57846376
chr12	60471847	60472089
chr12	62672800	62673232
chr12	63286023	63286376
chr12	63523731	63524210
chr12	65085393	65085695
chr12	65089975	65090464
chr12	69180780	69181127
chr12	69557786	69558129
chr12	70017624	70018123
chr12	70886723	70886981
chr12	71054554	71055142
chr12	71225312	71225722
chr12	71786287	71786793
chr12	71988093	71988710
chr12	72423986	72424386
chr12	76100223	76100996
chr12	76328075	76328703
chr12	76479241	76479630
chr12	76507488	76507999
chr12	76864303	76864643
chr12	77015203	77015619
chr12	82751991	82752752
chr12	89787357	89787881
chr12	90484730	90484993
chr12	92395965	92396451
chr12	92797428	92797991
chr12	93320685	93321137
chr12	93414901	93415356
chr12	93483885	93484337
chr12	93489172	93489616
chr12	93508832	93509583
chr12	93519804	93520116
chr12	93963513	93963885
chr12	93987578	93988032
chr12	94151678	94152173
chr12	95329137	95329409
chr12	98765226	98765531
chr12	98967718	98968114
chr12	99040011	99040563
chr12	102063779	102064208
chr12	102099651	102100050
chr12	102415269	102415576
chr12	102827142	102827467
chr12	102877145	102877556
chr12	103032575	103032887
chr12	104350762	104351613
chr12	105649844	105650103
chr12	106340411	106340814
chr12	107133027	107133435
chr12	107235130	107235856
chr12	107335105	107335625
chr12	107528405	107528711
chr12	108520879	108521236
chr12	109003457	109003719
chr12	109231891	109232564
chr12	110517220	110517826
chr12	110791822	110792335
chr12	111077503	111078072
chr12	111742374	111742684
chr12	112418356	112418730
chr12	112426864	112427216
chr12	112432417	112432968
chr12	112770850	112771194
chr12	113178336	113178652
chr12	113631516	113631843
chr12	113868560	113868820
chr12	114086978	114087602
chr12	114184884	114185199
chr12	114230995	114231448
chr12	116777768	116778278
chr12	116997081	116997961
chr12	117480004	117480495
chr12	118768019	118768571
chr12	118794959	118795735
chr12	120642604	120642935
chr12	120729015	120729901
chr12	120730564	120731204
chr12	121566796	121567436
chr12	121652708	121653007
chr12	122070433	122071010
chr12	122237129	122237617
chr12	122682042	122682463
chr12	122750840	122751319
chr12	122817164	122817536
chr12	122931678	122931949
chr12	123210479	123210967
chr12	123546969	123547585
chr12	123600094	123600405
chr12	123849722	123850510
chr12	124511295	124511746
chr12	125385454	125385931
chr12	125401599	125402604
chr12	125545888	125546094
chr12	127483280	127483813
chr12	127650234	127650744
chr12	127650777	127651039
chr12	131438090	131438594
chr12	131465658	131466202
chr12	133575362	133575622
chr13	21140489	21140917
chr13	21723767	21724014
chr13	22931402	22931635
chr13	24002294	24002656
chr13	25506147	25506523
chr13	25508050	25508351
chr13	25926336	25926718
chr13	25926932	25927377
chr13	25968655	25969187
chr13	27995537	27995954
chr13	28242087	28242538
chr13	28735450	28735856
chr13	29148921	29149323
chr13	30937739	30938237
chr13	33231871	33232184
chr13	38503481	38503936
chr13	38989375	38989696
chr13	39572822	39573419
chr13	41362610	41363011
chr13	42269022	42269444
chr13	42275012	42275352
chr13	42490718	42491135
chr13	42570060	42570472
chr13	42833551	42833938
chr13	44717373	44717747
chr13	44833261	44833643
chr13	45009312	45009741
chr13	46674264	46674724
chr13	46809499	46809719
chr13	47691454	47691731
chr13	49512707	49513129
chr13	50697624	50698483
chr13	50783735	50784061
chr13	51904935	51905292
chr13	52768537	52768890
chr13	53088101	53088446
chr13	67066614	67066948
chr13	68148453	68148809
chr13	69282551	69282930
chr13	70258091	70258459
chr13	75939893	75940301
chr13	75947214	75947567
chr13	76115383	76115882
chr13	79959932	79960240
chr13	80623067	80623274
chr13	80913862	80914217
chr13	81451755	81452149
chr13	92000643	92002537
chr13	92021197	92021705
chr13	92192225	92192942
chr13	95923293	95923677
chr13	95938028	95938396
chr13	97155831	97156066
chr13	99562639	99562934
chr13	100077857	100078226
chr13	103244240	103244700
chr13	103249997	103250343
chr13	108532104	108532559
chr13	110403819	110404184
chr13	111159355	111160015
chr13	111522528	111523119
chr13	111699113	111699580
chr13	112980446	112980748
chr13	113379946	113380176
chr13	113383828	113384152
chr13	113424953	113425278
chr13	113870423	113870862
chr13	114565946	114566266
chr14	20592867	20593076
chr14	20691629	20691942
chr14	21495003	21495317
chr14	21996472	21996890
chr14	21997035	21997582
chr14	23581952	23582354
chr14	24071559	24071992
chr14	24743492	24743861
chr14	31889857	31890234
chr14	32462643	32463097
chr14	32619641	32619999
chr14	33953441	33953837
chr14	34121779	34122260
chr14	34386288	34386745
chr14	34547252	34547672
chr14	34901328	34901672
chr14	35180385	35180682
chr14	35187973	35188322
chr14	35360172	35360582
chr14	35519837	35520194
chr14	35836713	35837301
chr14	36330351	36330790
chr14	36733798	36734285
chr14	37642456	37642805
chr14	50324134	50324572
chr14	50347141	50347400
chr14	50527661	50528133
chr14	50809453	50809721
chr14	51398543	51398895
chr14	53255887	53256163
chr14	55039131	55039384
chr14	55197113	55197583
chr14	55221346	55221874
chr14	55740898	55741237
chr14	56447678	56448006
chr14	56683348	56684188
chr14	58894079	58894903
chr14	65222647	65222927
chr14	65292263	65292587
chr14	65346456	65346779
chr14	65514700	65515009
chr14	65573804	65574245
chr14	68103055	68103552
chr14	68761910	68762585
chr14	69086753	69087225
chr14	69118640	69119125
chr14	69186424	69186924
chr14	70095947	70096325
chr14	73084405	73084736
chr14	73374591	73374968
chr14	75726190	75726649
chr14	75743414	75743910
chr14	76327379	76328034
chr14	76401268	76401615
chr14	77509635	77510090
chr14	77849621	77850013
chr14	77967220	77967568
chr14	81489370	81489658
chr14	81868359	81868677
chr14	89631747	89632286
chr14	91093910	91094302
chr14	91734380	91734777
chr14	93199363	93199816
chr14	93532330	93532583
chr14	97171728	97171997
chr14	97638252	97638685
chr14	101331352	101331686
chr14	102144351	102144716
chr14	102394074	102394611
chr14	102537595	102538070
chr14	103565583	103566053
chr14	103772664	103773010
chr14	103988987	103989579
chr14	105271642	105272048
chr14	105637407	105637724
chr14	106660032	106660487
chr14	106934175	106934482
chr15	20560408	20560807
chr15	22984690	22985021
chr15	29141995	29142467
chr15	29156420	29156750
chr15	31270420	31271056
chr15	34480211	34480595
chr15	34946825	34947253
chr15	35265758	35266088
chr15	39425435	39425736
chr15	39697013	39697401
chr15	40390700	40391569
chr15	40530904	40531336
chr15	40615559	40615817
chr15	41222821	41223221
chr15	41525605	41526039
chr15	41769265	41769733
chr15	41782584	41782955
chr15	42072041	42072436
chr15	42082949	42083518
chr15	42678502	42678947
chr15	42783203	42783601
chr15	42897209	42897853
chr15	43398326	43398943
chr15	43830436	43830674
chr15	44677266	44677502
chr15	45341081	45341658
chr15	48843296	48843704
chr15	48884405	48884932
chr15	50599969	50600406
chr15	51520515	51521045
chr15	52972953	52973319
chr15	55509862	55510280
chr15	55571809	55572251
chr15	56564644	56565053
chr15	57210548	57210946
chr15	58000184	58000595
chr15	58024850	58025395
chr15	58495612	58496102
chr15	58623913	58624730
chr15	59039597	59039944
chr15	59225602	59226051
chr15	59784981	59785418
chr15	62411630	62411940
chr15	63469376	63469814
chr15	63550938	63551178
chr15	64127326	64127644
chr15	64134098	64134597
chr15	64162746	64163104
chr15	64207699	64208114
chr15	64722367	64723046
chr15	64752553	64752829
chr15	65501575	65501970
chr15	65504441	65504902
chr15	65588152	65588971
chr15	65596757	65597618
chr15	65903253	65903742
chr15	66971965	66972401
chr15	67316660	67317259
chr15	67366433	67366844
chr15	67373220	67373696
chr15	67383451	67384002
chr15	68345992	68346496
chr15	68406739	68407042
chr15	69284027	69284509
chr15	69745576	69745928
chr15	70492897	70493392
chr15	72183273	72183593
chr15	72668114	72668556
chr15	73063028	73063363
chr15	73676188	73676484
chr15	74681843	74682226
chr15	74696261	74696643
chr15	74838373	74838971
chr15	75073514	75074024
chr15	75246829	75247250
chr15	75358206	75358896
chr15	75834882	75835182
chr15	75986458	75987407
chr15	76194393	76194967
chr15	76491311	76491722
chr15	78864069	78864399
chr15	78933713	78933993
chr15	79244200	79244565
chr15	80503524	80503893
chr15	81278436	81278643
chr15	81384352	81385009
chr15	81388103	81388530
chr15	82162650	82163008
chr15	82242963	82243398
chr15	82559030	82559313
chr15	83255296	83255685
chr15	83474707	83475167
chr15	83746472	83746921
chr15	83754906	83755361
chr15	84131676	84132106
chr15	84185477	84186070
chr15	85077787	85078404
chr15	85176383	85176806
chr15	85382365	85382721
chr15	85535794	85536236
chr15	88126171	88126442
chr15	89085465	89085969
chr15	89454863	89455493
chr15	89545340	89545815
chr15	89995637	89996015
chr15	90644786	90645089
chr15	90686380	90686797
chr15	90727134	90727916
chr15	91201008	91201372
chr15	91204552	91204918
chr15	91444832	91445361
chr15	93208341	93208870
chr15	93346893	93347850
chr15	93447513	93448137
chr15	96816697	96817407
chr15	97057979	97058289
chr15	98536447	98536886
chr15	98619655	98620116
chr15	100105828	100106401
chr15	100243647	100244118
chr15	101795739	101796135
chr15	101986355	101986839
chr15	101995790	101996348
chr16	374313	374672
chr16	759595	760072
chr16	1401684	1402101
chr16	1593118	1593601
chr16	2470080	2470410
chr16	3055711	3056286
chr16	3070886	3071433
chr16	3202747	3203210
chr16	3398684	3399311
chr16	3597125	3597490
chr16	4262026	4262485
chr16	4378921	4379342
chr16	5086125	5086556
chr16	8040759	8041403
chr16	8964586	8965050
chr16	9172749	9173238
chr16	9178907	9179377
chr16	10406928	10407341
chr16	11178117	11178602
chr16	11184807	11185181
chr16	11776484	11776830
chr16	11827970	11828415
chr16	14093771	14094247
chr16	14493249	14493727
chr16	15149010	15149415
chr16	15262783	15263164
chr16	15583240	15583776
chr16	17675569	17675861
chr16	19854071	19854462
chr16	20756149	20756590
chr16	20941350	20941810
chr16	21044993	21045282
chr16	24036223	24036728
chr16	24998164	24998576
chr16	25224902	25225296
chr16	27442341	27442731
chr16	29674515	29675004
chr16	29822525	29822893
chr16	31264925	31265438
chr16	33955576	33955988
chr16	33957007	33957437
chr16	33958297	33958991
chr16	33959032	33959615
chr16	33962961	33964233
chr16	33965370	33965754
chr16	46388733	46389369
chr16	46782531	46783054
chr16	46891579	46891837
chr16	47501882	47502395
chr16	50180606	50181047
chr16	56581527	56581856
chr16	57146172	57146691
chr16	57333576	57334139
chr16	57893079	57893658
chr16	58825962	58826502
chr16	58893840	58894297
chr16	66653614	66654028
chr16	67030314	67030618
chr16	67313216	67313543
chr16	67834080	67834555
chr16	68018682	68019205
chr16	68127710	68128264
chr16	68281210	68281588
chr16	68794687	68795119
chr16	69321299	69321652
chr16	70375954	70376240
chr16	70461869	70462626
chr16	71882492	71882843
chr16	71977803	71978220
chr16	73805537	73805898
chr16	77730003	77730347
chr16	79576077	79576417
chr16	79750609	79750898
chr16	79798334	79798666
chr16	82858070	82858306
chr16	85084685	85085167
chr16	85160980	85161364
chr16	85344396	85344742
chr16	85356446	85356869
chr16	85525561	85525983
chr16	85568919	85569704
chr16	85606924	85607519
chr16	85649453	85649844
chr16	85650277	85650770
chr16	87421749	87422536
chr16	87808423	87808862
chr16	88465114	88465588
chr16	88754084	88754956
chr16	89058622	89059237
chr16	89386652	89387014
chr16	89392295	89392806
chr16	89664650	89664946
chr17	922613	923121
chr17	1389298	1389651
chr17	1553129	1553385
chr17	1789402	1789713
chr17	1902899	1903284
chr17	1990938	1991309
chr17	3543251	3543818
chr17	3889863	3890134
chr17	4854763	4855244
chr17	5322123	5322627
chr17	6897065	6897479
chr17	7184327	7184823
chr17	7277662	7278143
chr17	7900319	7900821
chr17	8054382	8054664
chr17	8055641	8056255
chr17	8057334	8058251
chr17	8076345	8077143
chr17	8090856	8091448
chr17	8435297	8435813
chr17	8798207	8798502
chr17	9144141	9144441
chr17	12342253	12342515
chr17	18967031	18967238
chr17	19417196	19417672
chr17	19913434	19913941
chr17	20771704	20772139
chr17	21005149	21005529
chr17	21185595	21185844
chr17	21723908	21724130
chr17	21845447	21845795
chr17	25264955	25265474
chr17	25406023	25406828
chr17	25406838	25407520
chr17	25407999	25410968
chr17	25416398	25416854
chr17	25422441	25423053
chr17	25800995	25801501
chr17	25856207	25856689
chr17	26295183	26295611
chr17	26374093	26374542
chr17	26437116	26437849
chr17	26444261	26444674
chr17	26552239	26552563
chr17	26926401	26926955
chr17	27262644	27263126
chr17	27460031	27460392
chr17	27467101	27467656
chr17	27505433	27505794
chr17	27995034	27995342
chr17	28422375	28422890
chr17	28971799	28971987
chr17	29667257	29667735
chr17	30049463	30049822
chr17	30863658	30864208
chr17	31149417	31149954
chr17	31225498	31225801
chr17	33308739	33309229
chr17	33478035	33478552
chr17	33887652	33888298
chr17	34257729	34258198
chr17	36868530	36868825
chr17	36905754	36906194
chr17	37366007	37366202
chr17	38085257	38085915
chr17	38478237	38478475
chr17	38713191	38713624
chr17	38983990	38984655
chr17	39834436	39835134
chr17	39835369	39835823
chr17	39949046	39949526
chr17	40230823	40231160
chr17	40413733	40414189
chr17	40464693	40465251
chr17	40471872	40472421
chr17	40932080	40932455
chr17	41393046	41393813
chr17	41445182	41445461
chr17	42172749	42173319
chr17	42188364	42188939
chr17	42200633	42201586
chr17	42209690	42210095
chr17	42247762	42248132
chr17	42559189	42559431
chr17	42781505	42781794
chr17	42919935	42920400
chr17	43242535	43243108
chr17	44268016	44268503
chr17	45212852	45213331
chr17	45317412	45317798
chr17	45356338	45356931
chr17	45783711	45784358
chr17	45972946	45973419
chr17	46348278	46348649
chr17	46569935	46570344
chr17	46632624	46632973
chr17	46653638	46654041
chr17	47817027	47817647
chr17	47818677	47819095
chr17	48217264	48217657
chr17	48241195	48241545
chr17	48742105	48742468
chr17	48785053	48786169
chr17	49008277	49008675
chr17	49021757	49022244
chr17	49027678	49028445
chr17	49210337	49210843
chr17	49224332	49224726
chr17	51703620	51704028
chr17	53141248	53141637
chr17	53163900	53164341
chr17	55407152	55407524
chr17	55619317	55619605
chr17	56406141	56407774
chr17	56430231	56430871
chr17	56708574	56709396
chr17	56736022	56736799
chr17	56756446	56757283
chr17	56783999	56784422
chr17	57105042	57105592
chr17	57449424	57449788
chr17	57500423	57501086
chr17	57775502	57775845
chr17	57861593	57862169
chr17	57863754	57864294
chr17	57914850	57915618
chr17	58546752	58547761
chr17	59252671	59253123
chr17	60139641	60140118
chr17	60250061	60250452
chr17	60264999	60265404
chr17	60740611	60741007
chr17	61847527	61847923
chr17	63781381	63781701
chr17	64657432	64657800
chr17	65779400	65779830
chr17	65852006	65852396
chr17	67878465	67878831
chr17	70886568	70886945
chr17	71287550	71287943
chr17	72510860	72511248
chr17	73067928	73068474
chr17	73444339	73444908
chr17	73771388	73773989
chr17	73774722	73775975
chr17	73868806	73869254
chr17	74264946	74265405
chr17	74379768	74380774
chr17	74597643	74597999
chr17	74696677	74697014
chr17	75160661	75161023
chr17	75229788	75230488
chr17	75538141	75538426
chr17	75567657	75568040
chr17	76409103	76409517
chr17	76733445	76733907
chr17	78830161	78830648
chr17	79367604	79368172
chr17	79423753	79424019
chr17	79779629	79779998
chr17	79881198	79881658
chr17	79899649	79900042
chr17	80196184	80196898
chr17	80250490	80250903
chr17	80698704	80699133
chr17	81013949	81014344
chr18	240188	240574
chr18	617829	618536
chr18	1285829	1286153
chr18	1495375	1495692
chr18	2854091	2854544
chr18	2894239	2894654
chr18	3211546	3212167
chr18	3247595	3248321
chr18	3256707	3257114
chr18	3448061	3448671
chr18	3602811	3604056
chr18	3652563	3653363
chr18	8890793	8891342
chr18	8943747	8944335
chr18	9005383	9005993
chr18	9117983	9118580
chr18	9708010	9708511
chr18	9818026	9818450
chr18	9876901	9877663
chr18	9898909	9899471
chr18	10593536	10594063
chr18	11806577	11807105
chr18	11819909	11820276
chr18	11916839	11917317
chr18	11925727	11926078
chr18	12403576	12404216
chr18	12407486	12408129
chr18	18510870	18512541
chr18	19064854	19065229
chr18	19283077	19283460
chr18	20045903	20046391
chr18	20247847	20248300
chr18	20958680	20959117
chr18	21067872	21068237
chr18	27967405	27967798
chr18	29622329	29622631
chr18	32716180	32716611
chr18	34000788	34001121
chr18	34204370	34204815
chr18	39518358	39518673
chr18	42383175	42383513
chr18	42639725	42639984
chr18	44291305	44291791
chr18	46131681	46131959
chr18	46246739	46247071
chr18	46482179	46482550
chr18	47951450	47951857
chr18	48887741	48888208
chr18	51797030	51797427
chr18	52443523	52443853
chr18	54774434	54774709
chr18	55256373	55256705
chr18	57544590	57544913
chr18	57549606	57550060
chr18	57585677	57586151
chr18	59838137	59838436
chr18	60092835	60093183
chr18	60193416	60193761
chr18	60405788	60406183
chr18	60606743	60607094
chr18	60860069	60860447
chr18	70928424	70928835
chr18	71807143	71807442
chr18	72508769	72509531
chr18	72518589	72519008
chr18	77153470	77153883
chr19	555920	556354
chr19	574690	575080
chr19	907159	907592
chr19	951578	951901
chr19	1021273	1021904
chr19	1207383	1208290
chr19	1513071	1513395
chr19	1895361	1895660
chr19	1897494	1897936
chr19	2168928	2169507
chr19	2723111	2723580
chr19	2949828	2950365
chr19	2974342	2974794
chr19	3039676	3040102
chr19	3404103	3404417
chr19	3450696	3451325
chr19	3586858	3587294
chr19	3608642	3609165
chr19	3828437	3828792
chr19	4402074	4402529
chr19	4654673	4654993
chr19	4812965	4813393
chr19	5322135	5322649
chr19	5536317	5536768
chr19	5675441	5675812
chr19	5718080	5718531
chr19	5954860	5955225
chr19	6294085	6294356
chr19	6457813	6458433
chr19	7159551	7159930
chr19	7716901	7717326
chr19	7942405	7942703
chr19	10058051	10058438
chr19	10522862	10523386
chr19	10529842	10530280
chr19	10946957	10947533
chr19	11205636	11206054
chr19	11314126	11314440
chr19	11379655	11380108
chr19	11646691	11647287
chr19	12738816	12739200
chr19	13253935	13254343
chr19	13262444	13263030
chr19	13263623	13264251
chr19	13265232	13266705
chr19	13278153	13278540
chr19	13371926	13372220
chr19	13841970	13842319
chr19	13958352	13958911
chr19	14117485	14118130
chr19	14337344	14337623
chr19	14486343	14486783
chr19	14932916	14933243
chr19	16155443	16155843
chr19	16177940	16178305
chr19	16189558	16190340
chr19	16369231	16369708
chr19	17790873	17791520
chr19	18061664	18062111
chr19	18335746	18336111
chr19	18654869	18655299
chr19	18811675	18812080
chr19	19245481	19246034
chr19	24183957	24184204
chr19	29026075	29026551
chr19	29097192	29097693
chr19	30162297	30162656
chr19	32864650	32865484
chr19	34734475	34734914
chr19	35704620	35705110
chr19	35737555	35738046
chr19	35814990	35815274
chr19	36228270	36228612
chr19	36716114	36716423
chr19	38940188	38940440
chr19	39309798	39310389
chr19	39695343	39695736
chr19	39799606	39799875
chr19	39893097	39893682
chr19	40324228	40324920
chr19	40511488	40512434
chr19	40725674	40726164
chr19	40735216	40735685
chr19	41328831	41329168
chr19	41410660	41411072
chr19	41551060	41551393
chr19	41768169	41768651
chr19	42750244	42750626
chr19	42756363	42756967
chr19	42785039	42785410
chr19	44278625	44278967
chr19	45931953	45932409
chr19	45942686	45943442
chr19	46267605	46267959
chr19	47323230	47323470
chr19	47616230	47617248
chr19	47729005	47729912
chr19	47744163	47744742
chr19	47808635	47808939
chr19	48283087	48283436
chr19	48395067	48395548
chr19	48860269	48860642
chr19	49151413	49151678
chr19	49223539	49224020
chr19	49375965	49377117
chr19	49381771	49382362
chr19	49457583	49458193
chr19	49482000	49482557
chr19	49613691	49614279
chr19	49831021	49831531
chr19	49906855	49907253
chr19	49926724	49927235
chr19	50507134	50507570
chr19	50772911	50773240
chr19	51003440	51003894
chr19	51399947	51400335
chr19	51611500	51612047
chr19	51630997	51631350
chr19	51853926	51854352
chr19	53439488	53439963
chr19	53664393	53664832
chr19	54352600	54352861
chr19	54711890	54712482
chr19	54713746	54714255
chr19	55670135	55670902
chr19	55721459	55721861
chr19	55727662	55728133
chr19	56058561	56058981
chr19	56637151	56637621
chr19	56760154	56760714
chr19	57859565	57859966
chr19	58789130	58790075
chr2	677841	678302
chr2	8143820	8144810
chr2	8685067	8685704
chr2	8755966	8756353
chr2	8944106	8944661
chr2	8945334	8945804
chr2	9034168	9034828
chr2	9190324	9190592
chr2	9570793	9571134
chr2	9747879	9748761
chr2	10183930	10184405
chr2	10509907	10510347
chr2	11724278	11724593
chr2	11893635	11894135
chr2	12108036	12108651
chr2	12310217	12310545
chr2	12394946	12395354
chr2	12644521	12644917
chr2	12856987	12857261
chr2	13024728	13025214
chr2	13105524	13105932
chr2	15589638	15590061
chr2	15780358	15780706
chr2	16594522	16594949
chr2	16949030	16949549
chr2	17699506	17700307
chr2	20646614	20647040
chr2	20778930	20779438
chr2	25479855	25480142
chr2	25517648	25517921
chr2	25599603	25600144
chr2	26364224	26364508
chr2	26947139	26947662
chr2	27494481	27494920
chr2	27938256	27938640
chr2	28806930	28807501
chr2	28848144	28848533
chr2	28850621	28851005
chr2	32212596	32212913
chr2	32709939	32710481
chr2	33246595	33247044
chr2	33333670	33334278
chr2	33347755	33348225
chr2	33366532	33366801
chr2	33682783	33683295
chr2	36676968	36677436
chr2	36873173	36873793
chr2	37330951	37331239
chr2	37882057	37882446
chr2	38604186	38604570
chr2	38702384	38702934
chr2	38861836	38862144
chr2	39606782	39607370
chr2	39666703	39667166
chr2	39721797	39722265
chr2	44345348	44345710
chr2	44357532	44357973
chr2	44382825	44383364
chr2	44799679	44799936
chr2	45997344	45997646
chr2	46720561	46721014
chr2	47567673	47568044
chr2	48798820	48799144
chr2	53895583	53896188
chr2	54303753	54304143
chr2	54304517	54304850
chr2	54799416	54799818
chr2	54816445	54817100
chr2	55226151	55226685
chr2	55265746	55266222
chr2	55345753	55346333
chr2	55360605	55361078
chr2	55646886	55647377
chr2	56361115	56361464
chr2	58957959	58958252
chr2	61757490	61757912
chr2	64581893	64582226
chr2	64994518	64995270
chr2	65633590	65634137
chr2	65659525	65660086
chr2	65663292	65664040
chr2	66716524	66716993
chr2	67691001	67691348
chr2	68792936	68793364
chr2	69059140	69059677
chr2	69390183	69390581
chr2	69668929	69669333
chr2	70026053	70026809
chr2	70913857	70914694
chr2	70944670	70945225
chr2	71356142	71356612
chr2	73730986	73731461
chr2	74645525	74645962
chr2	80591037	80591566
chr2	84507979	84508270
chr2	85173464	85173796
chr2	86220999	86221614
chr2	86223739	86224089
chr2	86471147	86471457
chr2	88315456	88316266
chr2	88899623	88900051
chr2	89875519	89875980
chr2	96930372	96930763
chr2	97197722	97198237
chr2	98716772	98717115
chr2	100388129	100388589
chr2	101179017	101179507
chr2	101545660	101545939
chr2	101850513	101851027
chr2	101854452	101854780
chr2	103443363	103443756
chr2	106257754	106258147
chr2	108362734	108363232
chr2	108972685	108973087
chr2	108977256	108978013
chr2	109211184	109211851
chr2	109253649	109254165
chr2	109278671	109278992
chr2	109317663	109317996
chr2	111432676	111433033
chr2	113770208	113770827
chr2	119998126	119998612
chr2	121832385	121833106
chr2	122288261	122288961
chr2	122292160	122292599
chr2	122353711	122354331
chr2	122480013	122480475
chr2	127751936	127752346
chr2	128360944	128361331
chr2	128994724	128995093
chr2	132398976	132399619
chr2	132426372	132426930
chr2	133011766	133012230
chr2	133012377	133013245
chr2	133015097	133015445
chr2	133018690	133019273
chr2	133023054	133023758
chr2	133024913	133026513
chr2	133026605	133027583
chr2	133029541	133030013
chr2	133030022	133030982
chr2	134744061	134744382
chr2	135308381	135308791
chr2	135808240	135808592
chr2	136650860	136651380
chr2	138815927	138816489
chr2	144909470	144909777
chr2	144914272	144914774
chr2	145162886	145163192
chr2	146450408	146451104
chr2	146487880	146488370
chr2	146502638	146503076
chr2	146526549	146527027
chr2	146743023	146743447
chr2	149372149	149372641
chr2	150936736	150936983
chr2	152507807	152508175
chr2	153023051	153023464
chr2	156299500	156299810
chr2	157004144	157004374
chr2	157190692	157191712
chr2	157197885	157198595
chr2	157198756	157199291
chr2	158038523	158039276
chr2	158089806	158090357
chr2	158108039	158108762
chr2	158117699	158118272
chr2	158638578	158638995
chr2	158697229	158697614
chr2	158865867	158866368
chr2	169792452	169792996
chr2	169797029	169797633
chr2	170271731	170272263
chr2	170521365	170521891
chr2	170526506	170527546
chr2	170908567	170909029
chr2	170999572	170999952
chr2	171092465	171093147
chr2	171120094	171120686
chr2	172754215	172754591
chr2	173465412	173465887
chr2	173913474	173913932
chr2	174075111	174075730
chr2	175010520	175010978
chr2	175199483	175199923
chr2	176031928	176032952
chr2	176176899	176177287
chr2	176283110	176283565
chr2	176885092	176885584
chr2	178128056	178128554
chr2	178574619	178574972
chr2	179266704	179267288
chr2	179362827	179363374
chr2	180652257	180652701
chr2	181941863	181942201
chr2	182675492	182675949
chr2	182755995	182756497
chr2	183858791	183859279
chr2	183927674	183928216
chr2	185136799	185137125
chr2	189246376	189246694
chr2	190469670	190469943
chr2	190635330	190635665
chr2	190635679	190636000
chr2	191324757	191325037
chr2	191525933	191526197
chr2	191578238	191578492
chr2	196195080	196195542
chr2	196351713	196352020
chr2	196377914	196378506
chr2	196530954	196531296
chr2	196910911	196911199
chr2	196966067	196966681
chr2	197192800	197193155
chr2	197466071	197466531
chr2	197688575	197688826
chr2	198794016	198794551
chr2	200137935	200138204
chr2	201036597	201036997
chr2	201270276	201270929
chr2	201742164	201742598
chr2	202016060	202016502
chr2	202083462	202083817
chr2	205406370	205406650
chr2	205546114	205546316
chr2	208030938	208031295
chr2	208413884	208414227
chr2	208541807	208542082
chr2	209406635	209407166
chr2	209685082	209685318
chr2	216164269	216164725
chr2	217173353	217173636
chr2	217281554	217282048
chr2	217950658	217950945
chr2	220143602	220144533
chr2	220271483	220271990
chr2	223694866	223695227
chr2	224607642	224607939
chr2	224798946	224799275
chr2	227526531	227526981
chr2	227637276	227637861
chr2	228315949	228316403
chr2	230045396	230045677
chr2	230999135	230999515
chr2	231263580	231263928
chr2	231578370	231578728
chr2	231639251	231639748
chr2	232507476	232507857
chr2	232531448	232531902
chr2	234151125	234151470
chr2	234709901	234710327
chr2	236387308	236387713
chr2	239047101	239047400
chr2	240162053	240162481
chr2	240179103	240179531
chr20	354002	354563
chr20	548971	549306
chr20	822548	822922
chr20	2881948	2882176
chr20	3988581	3988947
chr20	4940311	4940507
chr20	5004710	5005192
chr20	5529916	5530326
chr20	5635279	5635651
chr20	5730668	5731110
chr20	6014898	6015537
chr20	10199378	10199647
chr20	13605888	13606315
chr20	17891498	17892049
chr20	19467147	19467481
chr20	22675674	22676010
chr20	23095084	23095511
chr20	23132926	23133545
chr20	23314835	23315234
chr20	25218447	25218826
chr20	26188738	26189525
chr20	26189698	26190328
chr20	29611176	29612068
chr20	30183599	30183976
chr20	30258397	30258790
chr20	30400153	30400653
chr20	30873497	30873914
chr20	30920904	30921229
chr20	31215249	31215909
chr20	31269018	31269537
chr20	31297306	31297745
chr20	32006817	32007462
chr20	32010862	32011395
chr20	32029081	32029510
chr20	32276626	32277117
chr20	32277804	32278242
chr20	32535474	32535856
chr20	33487496	33487950
chr20	33565152	33565430
chr20	33708000	33708404
chr20	33708984	33709471
chr20	34342887	34343195
chr20	34730822	34731046
chr20	34771092	34771834
chr20	36162859	36163311
chr20	36479110	36479627
chr20	36619192	36619671
chr20	36621145	36621568
chr20	36755412	36755891
chr20	37433421	37433925
chr20	37614103	37614583
chr20	39744887	39745217
chr20	40202509	40202799
chr20	40563867	40564261
chr20	42208334	42209172
chr20	42305597	42306012
chr20	42319469	42319889
chr20	43663688	43663902
chr20	44519621	44520126
chr20	45181603	45181966
chr20	45989255	45989862
chr20	46196720	46197035
chr20	47299267	47299639
chr20	48423458	48423871
chr20	48532276	48533234
chr20	48619723	48620022
chr20	48895388	48895895
chr20	48909027	48909527
chr20	49099970	49100431
chr20	49242574	49242937
chr20	49341391	49341997
chr20	49434941	49435369
chr20	50129137	50129545
chr20	51919166	51919611
chr20	52268780	52269292
chr20	52355857	52356228
chr20	52404187	52404569
chr20	52682152	52682575
chr20	55129849	55130293
chr20	56007651	56008396
chr20	57226046	57226451
chr20	57482666	57483345
chr20	57586330	57586907
chr20	57589559	57590006
chr20	57595959	57596405
chr20	60696463	60696974
chr20	60734940	60735228
chr20	62133321	62133766
chr20	62447757	62448071
chr20	62477770	62478212
chr21	9825350	9827727
chr21	15853837	15854172
chr21	15944528	15944965
chr21	16002796	16003061
chr21	17246877	17247250
chr21	21630823	21631275
chr21	22636696	22636930
chr21	26979658	26979988
chr21	27106356	27107383
chr21	30554485	30554900
chr21	30593784	30594157
chr21	31069722	31070217
chr21	32831817	32832127
chr21	34083295	34083645
chr21	34575979	34576419
chr21	34704984	34705785
chr21	34758445	34759116
chr21	35348369	35348925
chr21	35855643	35856459
chr21	35964432	35964835
chr21	36398961	36399501
chr21	36601593	36602077
chr21	36937338	36937743
chr21	37470063	37470485
chr21	38518820	38519252
chr21	38582406	38582842
chr21	38710843	38711757
chr21	38740430	38740844
chr21	40128677	40128983
chr21	40824293	40824776
chr21	43315203	43315714
chr21	43653592	43654089
chr21	43887347	43887766
chr21	44064330	44064751
chr21	44726917	44727163
chr21	45333777	45334120
chr21	46274625	46275131
chr21	46493500	46494315
chr21	46529608	46530168
chr21	46550393	46550838
chr21	46572156	46572506
chr21	46739515	46739857
chr21	47394639	47394892
chr21	47740315	47740683
chr22	18155791	18156271
chr22	18207596	18208024
chr22	18463280	18463727
chr22	19630939	19631850
chr22	19705426	19707291
chr22	19709513	19711469
chr22	19711492	19712080
chr22	19935080	19935662
chr22	19971687	19972154
chr22	20012850	20013427
chr22	20234604	20235129
chr22	20910805	20912181
chr22	21131668	21132536
chr22	22336873	22337555
chr22	23270886	23271653
chr22	23428959	23429499
chr22	23524322	23526624
chr22	24541948	24542271
chr22	24862921	24863216
chr22	24906550	24906860
chr22	24907150	24907536
chr22	26137664	26138571
chr22	26155699	26156162
chr22	26158080	26158563
chr22	26908320	26908852
chr22	26984109	26984580
chr22	28065352	28065753
chr22	28114251	28114678
chr22	28637844	28638298
chr22	28769811	28770104
chr22	28970346	28970716
chr22	29900015	29900410
chr22	30054268	30054520
chr22	30176785	30177188
chr22	31260951	31261153
chr22	31457180	31457463
chr22	31689634	31690081
chr22	32340051	32340663
chr22	35262838	35263084
chr22	36138261	36138741
chr22	36809032	36809313
chr22	36819463	36819880
chr22	36864026	36864417
chr22	37535289	37535671
chr22	37626763	37627073
chr22	38589664	38589975
chr22	38840182	38840497
chr22	39010798	39011067
chr22	39181696	39182352
chr22	39320400	39320698
chr22	39380340	39380590
chr22	39464177	39464532
chr22	39632339	39632763
chr22	39642710	39643326
chr22	39649368	39649714
chr22	39673261	39673643
chr22	39925189	39925530
chr22	40342511	40342958
chr22	40346171	40346523
chr22	40437013	40437367
chr22	40551932	40552639
chr22	41017707	41018102
chr22	41107466	41107865
chr22	41209986	41210404
chr22	41844290	41844676
chr22	43011044	43011817
chr22	43396451	43396758
chr22	46851998	46852353
chr22	50006029	50006308
chr22	50263141	50263534
chr22	50330825	50331174
chr3	4368508	4368973
chr3	4791915	4792317
chr3	5019012	5019636
chr3	5149932	5150389
chr3	9014035	9014540
chr3	10020603	10021076
chr3	10233518	10234148
chr3	10235911	10236360
chr3	10480081	10480583
chr3	10558566	10558956
chr3	12251214	12251470
chr3	12837734	12838401
chr3	12994677	12995362
chr3	13305378	13305698
chr3	14246299	14246789
chr3	14273826	14274624
chr3	14416789	14417073
chr3	15094080	15094697
chr3	15847134	15847791
chr3	16948163	16948618
chr3	17221257	17221749
chr3	17758838	17759285
chr3	20946002	20946518
chr3	21573328	21573756
chr3	21603762	21604106
chr3	23780896	23781422
chr3	25631096	25631500
chr3	32725768	32726547
chr3	33156491	33157260
chr3	33942222	33942971
chr3	33946482	33946924
chr3	37095914	37096391
chr3	37166572	37167021
chr3	38038226	38038717
chr3	39234148	39234555
chr3	39302346	39302882
chr3	40344205	40344629
chr3	40406444	40406755
chr3	40664933	40665444
chr3	42725496	42725923
chr3	44367317	44368165
chr3	44397078	44397615
chr3	44481136	44481716
chr3	45155006	45155583
chr3	45422638	45423044
chr3	46027750	46028122
chr3	46903025	46903437
chr3	47308126	47308709
chr3	47323901	47324443
chr3	47436021	47436414
chr3	47803667	47804238
chr3	48635648	48636055
chr3	49210626	49211078
chr3	49506736	49507153
chr3	49593946	49594371
chr3	49675754	49676359
chr3	49924174	49924521
chr3	50226743	50226984
chr3	50638438	50638894
chr3	52039514	52039977
chr3	60175730	60176124
chr3	60351001	60351377
chr3	65025333	65025784
chr3	65612764	65613204
chr3	67050430	67050840
chr3	67081088	67081674
chr3	69773886	69774727
chr3	70117290	70117514
chr3	71293335	71293665
chr3	71591573	71592213
chr3	71812670	71812873
chr3	72193892	72194255
chr3	73002713	73003095
chr3	87845338	87845760
chr3	95642351	95642565
chr3	97700561	97701012
chr3	98594321	98594816
chr3	99945519	99946024
chr3	99949625	99949916
chr3	100121107	100121523
chr3	101098469	101098781
chr3	101252009	101252722
chr3	101292346	101292785
chr3	101657259	101657573
chr3	110344326	110344647
chr3	112462407	112462668
chr3	113502363	113502705
chr3	115764260	115764599
chr3	116033326	116033819
chr3	120278307	120278761
chr3	121263910	121264332
chr3	122513287	122513667
chr3	124597534	124598158
chr3	124873570	124873926
chr3	126465319	126465579
chr3	129132592	129132982
chr3	129272922	129273256
chr3	130560155	130560596
chr3	130594318	130594743
chr3	133662413	133662724
chr3	133930596	133931027
chr3	136539075	136539413
chr3	138067182	138067513
chr3	138594445	138595024
chr3	141736210	141736453
chr3	141738809	141739227
chr3	141765126	141766015
chr3	142034696	142035045
chr3	142038697	142039166
chr3	142677365	142678040
chr3	148869695	148870090
chr3	148951114	148951602
chr3	149616539	149616902
chr3	150169025	150169777
chr3	150447377	150447829
chr3	151348676	151349427
chr3	152020202	152020844
chr3	152037973	152038459
chr3	152189787	152190135
chr3	152694058	152694660
chr3	152750609	152751093
chr3	152769655	152770288
chr3	153007092	153007475
chr3	153056282	153056642
chr3	155070563	155071045
chr3	156297034	156297476
chr3	156806263	156806685
chr3	156807288	156807827
chr3	156818402	156818721
chr3	156827431	156827673
chr3	156832976	156833466
chr3	156877717	156878342
chr3	156878394	156878894
chr3	156966260	156966805
chr3	158125850	158126296
chr3	165877436	165878008
chr3	167751879	167752296
chr3	169850102	169850546
chr3	170055183	170055646
chr3	171178009	171178689
chr3	171188412	171189114
chr3	171551941	171552251
chr3	171688278	171688735
chr3	171818804	171819269
chr3	172109415	172109782
chr3	172406251	172406708
chr3	177011895	177012329
chr3	177053487	177054021
chr3	177056364	177056801
chr3	177063376	177063766
chr3	177075037	177075643
chr3	177077424	177078080
chr3	177888412	177888903
chr3	178038122	178038519
chr3	179092838	179093275
chr3	182529920	182530335
chr3	182638198	182638663
chr3	183354557	183354995
chr3	183846115	183846443
chr3	185220767	185221142
chr3	185289895	185290402
chr3	185671490	185671753
chr3	186606207	186606760
chr3	186714096	186714378
chr3	189679333	189679599
chr3	189901018	189901291
chr3	193715600	193715895
chr3	193720900	193721422
chr3	193853650	193854135
chr3	193973077	193973657
chr3	194924310	194924683
chr3	194931131	194931518
chr3	195529495	195530071
chr3	196006084	196006525
chr3	196238575	196239338
chr3	196241936	196242519
chr3	196411744	196412188
chr3	196540682	196541199
chr3	197070906	197071290
chr3	197439087	197439524
chr4	51265	52155
chr4	1593760	1594079
chr4	1668150	1668424
chr4	2271394	2271744
chr4	2869469	2869946
chr4	3081427	3081879
chr4	3647124	3647432
chr4	6857428	6858195
chr4	7832917	7833458
chr4	10097819	10098586
chr4	10171499	10172002
chr4	10187420	10187771
chr4	10459589	10459923
chr4	10613372	10613595
chr4	14921977	14922299
chr4	15011721	15012239
chr4	16266471	16266790
chr4	17671973	17672539
chr4	23096450	23096809
chr4	25089930	25090681
chr4	25175163	25175542
chr4	25379694	25380064
chr4	37563389	37563894
chr4	42000942	42001331
chr4	46075810	46076134
chr4	47566164	47566823
chr4	47826820	47827237
chr4	48129808	48130214
chr4	48205588	48206278
chr4	48249133	48249565
chr4	48593273	48593707
chr4	49142460	49142649
chr4	49641316	49641539
chr4	53809940	53810174
chr4	54458243	54458676
chr4	55437307	55437892
chr4	56187949	56188261
chr4	56369267	56369747
chr4	71503151	71503628
chr4	73708093	73708355
chr4	74116338	74116806
chr4	74600967	74601285
chr4	74922283	74923284
chr4	74956846	74957108
chr4	75071826	75072371
chr4	75408957	75409580
chr4	76769300	76769747
chr4	77222500	77222913
chr4	77262121	77262753
chr4	79531686	79532190
chr4	79612398	79612761
chr4	79612947	79613603
chr4	79705376	79705811
chr4	80590715	80591012
chr4	80927885	80928372
chr4	81064391	81065008
chr4	83214492	83214832
chr4	83880383	83880780
chr4	84666872	84667200
chr4	85602949	85603452
chr4	87882770	87883234
chr4	87975494	87976064
chr4	95247007	95247490
chr4	95328138	95328707
chr4	95471457	95472065
chr4	96170753	96171251
chr4	98949067	98949352
chr4	99581291	99581579
chr4	99918128	99918766
chr4	100010869	100011377
chr4	100763436	100764094
chr4	103541746	103542318
chr4	107286706	107287047
chr4	108809373	108809724
chr4	109035685	109036103
chr4	110651868	110652328
chr4	111169966	111170322
chr4	113512761	113513041
chr4	122704285	122704712
chr4	123670739	123671093
chr4	124270560	124270953
chr4	128791793	128792178
chr4	128864784	128865184
chr4	139819064	139819527
chr4	140098422	140098779
chr4	140364842	140365178
chr4	140737089	140737433
chr4	142142551	142142889
chr4	142811457	142811837
chr4	142920748	142921226
chr4	144826710	144826907
chr4	146098596	146098964
chr4	146199757	146200350
chr4	147328681	147329169
chr4	147390279	147390538
chr4	151474627	151475033
chr4	152616218	152616590
chr4	152665786	152666151
chr4	154262881	154263332
chr4	154330976	154331730
chr4	159730917	159731420
chr4	164116254	164117052
chr4	170571035	170571378
chr4	170585681	170586120
chr4	170588061	170588462
chr4	175310550	175310984
chr4	175513998	175514426
chr4	175660808	175661107
chr4	175828621	175829070
chr4	180592844	180593133
chr4	182984076	182984518
chr4	183876634	183876976
chr4	183950362	183950832
chr4	184248046	184248391
chr4	184909171	184909463
chr4	185114977	185115301
chr4	185266599	185266945
chr4	185307530	185308099
chr4	185344453	185344747
chr4	185736336	185736999
chr4	185747035	185747234
chr4	185759985	185760366
chr4	186033212	186033587
chr4	186063996	186064535
chr4	186163956	186164241
chr4	186239647	186240198
chr4	187766224	187766573
chr5	207128	207612
chr5	7714231	7714721
chr5	7866350	7866716
chr5	9654002	9654377
chr5	10289044	10289415
chr5	10487617	10487955
chr5	10577563	10577962
chr5	10607124	10607748
chr5	10703043	10703768
chr5	13976965	13977239
chr5	14944148	14944413
chr5	15003585	15003978
chr5	16418480	16419125
chr5	18985317	18985714
chr5	32281316	32281747
chr5	34699816	34700233
chr5	34924036	34924489
chr5	37576235	37576624
chr5	39399237	39399940
chr5	42586655	42587220
chr5	43064843	43065407
chr5	43212412	43213053
chr5	43386920	43387405
chr5	44808557	44808976
chr5	53607088	53607906
chr5	53621094	53621986
chr5	53753074	53753410
chr5	54048813	54049227
chr5	55333283	55333564
chr5	55354078	55355150
chr5	55419391	55420045
chr5	55606522	55606935
chr5	55797899	55798396
chr5	60274738	60275270
chr5	61529165	61529517
chr5	61531707	61531929
chr5	61572532	61573278
chr5	61581106	61581673
chr5	61773325	61774019
chr5	65003559	65003860
chr5	65263094	65263526
chr5	66300178	66300666
chr5	68026529	68026885
chr5	68344958	68345312
chr5	71146543	71146996
chr5	71522609	71523137
chr5	75814149	75814583
chr5	76034673	76035203
chr5	76086348	76086768
chr5	77517724	77518124
chr5	77955474	77955904
chr5	78805057	78805503
chr5	80491408	80491750
chr5	80802691	80803096
chr5	80995948	80996399
chr5	81150664	81151052
chr5	81152681	81153152
chr5	81514627	81514876
chr5	84748378	84748714
chr5	88081565	88082140
chr5	88337230	88337544
chr5	88609520	88610026
chr5	88753818	88754138
chr5	89844894	89845730
chr5	89911108	89911534
chr5	89939832	89940453
chr5	89940741	89941325
chr5	90562013	90562628
chr5	90568759	90569168
chr5	90678648	90679170
chr5	95064735	95065433
chr5	96077515	96078034
chr5	96257273	96257546
chr5	102294673	102295067
chr5	102770816	102771168
chr5	104980336	104980528
chr5	107867061	107867551
chr5	108724082	108724576
chr5	112232104	112232546
chr5	112250336	112250683
chr5	115426060	115426454
chr5	118868247	118868777
chr5	121448897	121449349
chr5	121461949	121462557
chr5	123987592	123988129
chr5	124237767	124238108
chr5	125849867	125850828
chr5	126083798	126084197
chr5	126282809	126283223
chr5	130872066	130872645
chr5	130970900	130971462
chr5	131082851	131083229
chr5	131094090	131094549
chr5	131433896	131434226
chr5	131450254	131450687
chr5	131758226	131758879
chr5	131762182	131762707
chr5	131999793	132000256
chr5	132020104	132020515
chr5	133304280	133304689
chr5	133814913	133815240
chr5	133938804	133939034
chr5	134722621	134723059
chr5	135423722	135424085
chr5	136834879	136835187
chr5	137228075	137228350
chr5	137800993	137806487
chr5	138752976	138753289
chr5	138783009	138783426
chr5	139049399	139049818
chr5	139223994	139224280
chr5	139365275	139365736
chr5	139390881	139391191
chr5	139601121	139601782
chr5	139603191	139603477
chr5	140098179	140098805
chr5	140900668	140901191
chr5	141037635	141038071
chr5	141215503	141215873
chr5	141371842	141372353
chr5	141468663	141469191
chr5	141483999	141484469
chr5	142078686	142079167
chr5	142641874	142642387
chr5	148061721	148062088
chr5	148067040	148067355
chr5	148127025	148127448
chr5	148533357	148533957
chr5	148941390	148941751
chr5	149625045	149625390
chr5	150442744	150443228
chr5	153974852	153975042
chr5	154033364	154033931
chr5	154034628	154035013
chr5	156527427	156527661
chr5	158550123	158550557
chr5	159200262	159200609
chr5	159485716	159486157
chr5	159687893	159688294
chr5	159805414	159805666
chr5	163785837	163786369
chr5	172205050	172205455
chr5	172327916	172328485
chr5	172456419	172456856
chr5	173212326	173212814
chr5	173248177	173248453
chr5	173266194	173266672
chr5	173280311	173280968
chr5	173353355	173353749
chr5	176421411	176422159
chr5	176569207	176569593
chr5	179233716	179234132
chr5	180300823	180301368
chr5	180479568	180479957
chr5	180608920	180609311
chr5	180634564	180635114
chr5	180648613	180649585
chr6	336733	337165
chr6	658103	658573
chr6	3382534	3383010
chr6	3407012	3407527
chr6	4371589	4372017
chr6	4928575	4929084
chr6	6655035	6655532
chr6	7058370	7058931
chr6	7698244	7698866
chr6	7866010	7866276
chr6	10749973	10750411
chr6	11834181	11834931
chr6	12065791	12066393
chr6	13354558	13355044
chr6	13355311	13356098
chr6	13380919	13381389
chr6	13576145	13576620
chr6	13611913	13612427
chr6	14638952	14639799
chr6	14734739	14735287
chr6	15062590	15063462
chr6	15289685	15290071
chr6	15735736	15736411
chr6	15992158	15992559
chr6	16031312	16032097
chr6	16104897	16105342
chr6	16265714	16266422
chr6	16267719	16268305
chr6	16277486	16278169
chr6	16319940	16320774
chr6	16322772	16323363
chr6	16345546	16346019
chr6	17311999	17312453
chr6	17700930	17701304
chr6	17910402	17910752
chr6	17932600	17933028
chr6	18005771	18006148
chr6	20458474	20459109
chr6	20475048	20475529
chr6	21264147	21264496
chr6	21965291	21965657
chr6	21997563	21998253
chr6	24583738	24584500
chr6	26030200	26031359
chr6	26031389	26032537
chr6	26033016	26034131
chr6	26054702	26056912
chr6	26113932	26114764
chr6	26122806	26123546
chr6	26123699	26124759
chr6	26126035	26127668
chr6	26156360	26159557
chr6	26159983	26160795
chr6	26175464	26175921
chr6	26189090	26189556
chr6	26194135	26196193
chr6	26198968	26200097
chr6	26204393	26205161
chr6	26205514	26206615
chr6	26214501	26218044
chr6	26233956	26235343
chr6	26329823	26330793
chr6	26553570	26554647
chr6	26556580	26557436
chr6	26758373	26758903
chr6	26987810	26988418
chr6	27059325	27059781
chr6	27091870	27092698
chr6	27093862	27095465
chr6	27099409	27102459
chr6	27106697	27108332
chr6	27108732	27109861
chr6	27112741	27114170
chr6	27114339	27115763
chr6	27177407	27177802
chr6	27774588	27775163
chr6	27776238	27777582
chr6	27780390	27781262
chr6	27804756	27805466
chr6	27805804	27806368
chr6	27859479	27861546
chr6	28018670	28019105
chr6	28180409	28181099
chr6	28575729	28576288
chr6	28740285	28740740
chr6	28763607	28764286
chr6	28920806	28921525
chr6	30147556	30147919
chr6	30725277	30725718
chr6	30780795	30781512
chr6	30845341	30845776
chr6	31702304	31703069
chr6	31744455	31745552
chr6	31763350	31764053
chr6	31879160	31879545
chr6	31947304	31947768
chr6	33288098	33288496
chr6	33401353	33401753
chr6	33951968	33952277
chr6	34204451	34204934
chr6	34578848	34579350
chr6	34832817	34833507
chr6	36318447	36318948
chr6	37159477	37160162
chr6	37203906	37204366
chr6	37308340	37308680
chr6	37349234	37349816
chr6	37397054	37397534
chr6	41804399	41804752
chr6	41927708	41928292
chr6	41984731	41985328
chr6	42166973	42167574
chr6	42678095	42678478
chr6	42694142	42694693
chr6	43064379	43064753
chr6	43280558	43280967
chr6	43597228	43598159
chr6	43628651	43629015
chr6	43761614	43762091
chr6	43766531	43767071
chr6	44214490	44215072
chr6	44888629	44889073
chr6	46405267	46405674
chr6	47102342	47102966
chr6	47388087	47388688
chr6	49907624	49908275
chr6	50759634	50760192
chr6	51017573	51018489
chr6	51148539	51148870
chr6	52742012	52742349
chr6	52849095	52849422
chr6	52932599	52933089
chr6	56953842	56954912
chr6	64273180	64273465
chr6	66170901	66171397
chr6	68572856	68573091
chr6	68598876	68599399
chr6	68606328	68606899
chr6	68736306	68736618
chr6	70468018	70468509
chr6	70861566	70861912
chr6	73121865	73122228
chr6	73270474	73271229
chr6	73329636	73330109
chr6	73995335	73995918
chr6	74363996	74364755
chr6	74423462	74423794
chr6	76002286	76002671
chr6	79703162	79703486
chr6	80254249	80255053
chr6	80990352	80990691
chr6	83865567	83865908
chr6	84152460	84152815
chr6	84680294	84680700
chr6	84979601	84980197
chr6	85257317	85257576
chr6	85500664	85501231
chr6	87325033	87325421
chr6	90847614	90847897
chr6	90928232	90928634
chr6	90995153	90995779
chr6	91063135	91063527
chr6	91247319	91247867
chr6	99397438	99397833
chr6	105123061	105123329
chr6	106589358	106589902
chr6	107974246	107974766
chr6	108239144	108239523
chr6	108899839	108900074
chr6	109059239	109059563
chr6	109544038	109544345
chr6	109621377	109621933
chr6	109625246	109626110
chr6	110710944	110711386
chr6	111873443	111873957
chr6	116567123	116567650
chr6	116832565	116832946
chr6	118858791	118859155
chr6	118874354	118874662
chr6	119441048	119441419
chr6	119468401	119469049
chr6	119487444	119487968
chr6	119493836	119494240
chr6	119863231	119863639
chr6	122797199	122797557
chr6	123597589	123598057
chr6	125404019	125404681
chr6	125415048	125415462
chr6	125470589	125471154
chr6	127588869	127589859
chr6	127688141	127688558
chr6	129818910	129819277
chr6	129955590	129955851
chr6	130005051	130005659
chr6	130223004	130223363
chr6	130242347	130242745
chr6	131967404	131967946
chr6	133593922	133594172
chr6	134556995	134557527
chr6	134906607	134907042
chr6	135625945	135626484
chr6	135644219	135644726
chr6	136628424	136628811
chr6	136931339	136931737
chr6	137592705	137593107
chr6	139094215	139094688
chr6	139769065	139769517
chr6	140295093	140295519
chr6	142277541	142277795
chr6	143206584	143206945
chr6	144882413	144882797
chr6	144903198	144903646
chr6	146129420	146129799
chr6	146869978	146870414
chr6	147447802	147448284
chr6	147478038	147478710
chr6	149440339	149441146
chr6	150142683	150143029
chr6	150146445	150146782
chr6	150180551	150180857
chr6	150466494	150466971
chr6	150533887	150534329
chr6	150575875	150576322
chr6	151361985	151362435
chr6	151366971	151367393
chr6	151554888	151555387
chr6	151773111	151773768
chr6	154676196	154676491
chr6	154753694	154754362
chr6	154970851	154971143
chr6	155475159	155475704
chr6	157149564	157149860
chr6	157340971	157341901
chr6	158127928	158128409
chr6	158830464	158830918
chr6	158896283	158896749
chr6	159290543	159291341
chr6	159345254	159345625
chr6	161219652	161220072
chr6	161675775	161676290
chr6	161735839	161736220
chr6	162782148	162782603
chr6	163760084	163760500
chr6	164006831	164007274
chr6	167047190	167047546
chr6	167324601	167325052
chr6	168256403	168256917
chr7	511505	512077
chr7	561933	562387
chr7	770703	771105
chr7	871184	872024
chr7	1171468	1171863
chr7	1552855	1553282
chr7	1687826	1688180
chr7	1800669	1801028
chr7	2752984	2753357
chr7	2755460	2755937
chr7	2757002	2757551
chr7	4718942	4719358
chr7	5564904	5566795
chr7	5569228	5569908
chr7	6355376	6355856
chr7	7176010	7176355
chr7	7270653	7270919
chr7	8017417	8017889
chr7	8028795	8029217
chr7	8272593	8273027
chr7	10828779	10829296
chr7	12424854	12425526
chr7	12443318	12443809
chr7	12727094	12727605
chr7	12765511	12765953
chr7	14031050	14031505
chr7	16308357	16309003
chr7	16387400	16387867
chr7	16700605	16700995
chr7	16759223	16759782
chr7	16779740	16780610
chr7	16794493	16794928
chr7	18126254	18126506
chr7	20104844	20105292
chr7	20239984	20240389
chr7	20258987	20259881
chr7	22686899	22687505
chr7	23513986	23514540
chr7	23584465	23584925
chr7	23841830	23842210
chr7	23996273	23996727
chr7	24818535	24818969
chr7	24962916	24963381
chr7	25534979	25535319
chr7	26229761	26230220
chr7	27848148	27848617
chr7	28448806	28449232
chr7	30185830	30186346
chr7	30960744	30961152
chr7	33105604	33106014
chr7	33107479	33107994
chr7	37248067	37248470
chr7	39849790	39850229
chr7	42928847	42929228
chr7	43023716	43024202
chr7	43551838	43552132
chr7	44297315	44297953
chr7	44693960	44694258
chr7	45029913	45030418
chr7	47521589	47522181
chr7	47885780	47886114
chr7	51254333	51254544
chr7	55661108	55661684
chr7	64205051	64205401
chr7	64459668	64460444
chr7	65077468	65077711
chr7	66004726	66005368
chr7	70033701	70034967
chr7	72175926	72176377
chr7	72195739	72196200
chr7	72276217	72276874
chr7	72974287	72974813
chr7	73300253	73300785
chr7	73427210	73427562
chr7	73685299	73685761
chr7	74064343	74064740
chr7	75324010	75324430
chr7	75501762	75502109
chr7	75677834	75678470
chr7	75931618	75932210
chr7	77129769	77130293
chr7	77338199	77338698
chr7	77428747	77429325
chr7	77429442	77429880
chr7	77543477	77543932
chr7	77638790	77639182
chr7	86759081	86759527
chr7	86781420	86782516
chr7	87203911	87204353
chr7	87505303	87505979
chr7	90032846	90033317
chr7	91314816	91315149
chr7	91523909	91524546
chr7	92263392	92263896
chr7	93574978	93575476
chr7	97775041	97775480
chr7	98694120	98694556
chr7	98821943	98822483
chr7	101591014	101591500
chr7	101723792	101724746
chr7	101799015	101799557
chr7	102146294	102146495
chr7	103052015	103052353
chr7	103254249	103254706
chr7	103484103	103484635
chr7	103607234	103607697
chr7	104597419	104597935
chr7	104652685	104653306
chr7	105876443	105876846
chr7	106125397	106125872
chr7	106193323	106193744
chr7	106209198	106209915
chr7	106262204	106262535
chr7	106647655	106648302
chr7	106670034	106670575
chr7	106675637	106676323
chr7	106877849	106878263
chr7	106894810	106895488
chr7	107906894	107907270
chr7	112093468	112094003
chr7	112124756	112125263
chr7	112757859	112758987
chr7	112782252	112782727
chr7	116080225	116080649
chr7	116516781	116517341
chr7	116610531	116611052
chr7	116654151	116655120
chr7	119603690	119604067
chr7	120716354	120716802
chr7	120918397	120919071
chr7	123385983	123386468
chr7	123427381	123428090
chr7	127113476	127113888
chr7	127477766	127478305
chr7	127478660	127479265
chr7	127807407	127807820
chr7	128165644	128166075
chr7	128467219	128467926
chr7	128468292	128468763
chr7	129061749	129062096
chr7	129315312	129315800
chr7	129598377	129598949
chr7	129712021	129712450
chr7	129772083	129772572
chr7	131270945	131271393
chr7	134844803	134845284
chr7	135721677	135722225
chr7	137309806	137310180
chr7	137942135	137942763
chr7	138037219	138037816
chr7	138157027	138157458
chr7	138775478	138776334
chr7	138802893	138804123
chr7	139365518	139366036
chr7	139587336	139587810
chr7	139974760	139975492
chr7	140206522	140206987
chr7	140207598	140208269
chr7	140577783	140578154
chr7	141437663	141438306
chr7	143187772	143188227
chr7	148663641	148664131
chr7	148841714	148842070
chr7	149416048	149416621
chr7	150661675	150662195
chr7	150945733	150946103
chr7	151216868	151217553
chr7	151622695	151623491
chr7	152121721	152122309
chr7	152133734	152134105
chr7	154201022	154201526
chr7	156067735	156068181
chr7	156496796	156497136
chr7	156792850	156793252
chr7	158503202	158503912
chr7	158533410	158533952
chr8	6567045	6567528
chr8	8822107	8822442
chr8	9029935	9030420
chr8	9182037	9182366
chr8	10404492	10404777
chr8	13081845	13082349
chr8	17979989	17980653
chr8	19205401	19205831
chr8	22225299	22225684
chr8	22254242	22254475
chr8	22301228	22301573
chr8	22758176	22758836
chr8	23218066	23218453
chr8	23351547	23352174
chr8	23366206	23366757
chr8	23396008	23396403
chr8	23619091	23619344
chr8	25714546	25715028
chr8	26466944	26467153
chr8	26495973	26496243
chr8	28115064	28115409
chr8	28198573	28199005
chr8	28943333	28943816
chr8	30137127	30137645
chr8	30964327	30964596
chr8	33457115	33457477
chr8	38009099	38009770
chr8	38895549	38896007
chr8	39390527	39390812
chr8	41655581	41656114
chr8	42125190	42125605
chr8	42398298	42398839
chr8	48577597	48577983
chr8	48785495	48785911
chr8	49014095	49014521
chr8	50042143	50042737
chr8	50176425	50176802
chr8	50202234	50202626
chr8	50204022	50204483
chr8	53618620	53619019
chr8	55065768	55066545
chr8	56725583	56725953
chr8	56765749	56766165
chr8	56873917	56874338
chr8	58832072	58832386
chr8	58843606	58844026
chr8	60529038	60529373
chr8	61048613	61049029
chr8	61966482	61966874
chr8	62602142	62602638
chr8	62672723	62673145
chr8	66868088	66868394
chr8	67586862	67587147
chr8	67648041	67648515
chr8	68251591	68252018
chr8	69306849	69307218
chr8	70602261	70602692
chr8	71504424	71504894
chr8	72743453	72743990
chr8	74432699	74433353
chr8	74746507	74746941
chr8	79793892	79794233
chr8	80707211	80707566
chr8	80928834	80929247
chr8	81446760	81447077
chr8	81524490	81525302
chr8	86494702	86495068
chr8	86971174	86971761
chr8	91012135	91012594
chr8	91199888	91200258
chr8	91243064	91243787
chr8	94402274	94402617
chr8	94564066	94564625
chr8	95561663	95562208
chr8	95627513	95627872
chr8	95761683	95762099
chr8	95831552	95831935
chr8	95972763	95973197
chr8	96000251	96000649
chr8	96143408	96143894
chr8	96235703	96236118
chr8	97961769	97962255
chr8	98789576	98790538
chr8	98810916	98811348
chr8	100149982	100150481
chr8	100649639	100650036
chr8	102210598	102211075
chr8	102992802	102993204
chr8	105597996	105598511
chr8	105629931	105630579
chr8	105634678	105635149
chr8	105703669	105704044
chr8	106341054	106341536
chr8	106347663	106348379
chr8	106532723	106533190
chr8	107281831	107282611
chr8	108448619	108449031
chr8	110533142	110533508
chr8	124526309	124526835
chr8	125019582	125020162
chr8	125029646	125030456
chr8	125685579	125686055
chr8	125827329	125828083
chr8	125854982	125855411
chr8	126102757	126103430
chr8	126231477	126231873
chr8	126346097	126346730
chr8	126525250	126525752
chr8	129085935	129086328
chr8	131206846	131207225
chr8	132928729	132929131
chr8	134532804	134533053
chr8	141431824	141432253
chr8	142031800	142032276
chr8	142374274	142374583
chr8	142425899	142426364
chr8	142427605	142428229
chr8	143026322	143026635
chr8	144021460	144021866
chr8	144276289	144276603
chr8	144512964	144513635
chr8	144536720	144537164
chr8	144823741	144824111
chr8	144882211	144882876
chr8	145050003	145050467
chr8	145598435	145598942
chr8	146275417	146275860
chr9	2570660	2571083
chr9	6106735	6107410
chr9	6927801	6928321
chr9	7055549	7055976
chr9	14528780	14529163
chr9	19116423	19116840
chr9	19660121	19660437
chr9	33239932	33240319
chr9	33289943	33290582
chr9	35728186	35728579
chr9	35923767	35924261
chr9	37196964	37197488
chr9	37198291	37198824
chr9	38310737	38311101
chr9	68455555	68455867
chr9	71576497	71576838
chr9	71801674	71802529
chr9	71830788	71831252
chr9	72420963	72421502
chr9	72546202	72546589
chr9	73033689	73034188
chr9	73034305	73034830
chr9	74977584	74978086
chr9	74980174	74980613
chr9	75746808	75747275
chr9	77391876	77392383
chr9	79186477	79186931
chr9	80442016	80442650
chr9	80625919	80626312
chr9	86958124	86958479
chr9	91564366	91564725
chr9	93955171	93956249
chr9	93970319	93970724
chr9	94184455	94184770
chr9	95226105	95226497
chr9	96873134	96873721
chr9	97933247	97933715
chr9	98224717	98225373
chr9	98638911	98639464
chr9	100264986	100266225
chr9	100700212	100700900
chr9	101648990	101649486
chr9	101694215	101694764
chr9	101819946	101820563
chr9	102581557	102582720
chr9	104602960	104603562
chr9	107537472	107538054
chr9	108201782	108202052
chr9	110870898	110871383
chr9	112049147	112049706
chr9	112580229	112580638
chr9	114245898	114246374
chr9	115184086	115184637
chr9	116214525	116214863
chr9	116641677	116642041
chr9	117244834	117245274
chr9	117247230	117247603
chr9	117314315	117314672
chr9	119227358	119227871
chr9	122138240	122138497
chr9	123404423	123404876
chr9	123658996	123659928
chr9	123917095	123917531
chr9	124121945	124122360
chr9	124123147	124123627
chr9	126061764	126062320
chr9	126088875	126089376
chr9	126101245	126101879
chr9	126190777	126191094
chr9	126311400	126311757
chr9	126605957	126606438
chr9	126964494	126965286
chr9	127054036	127054268
chr9	127321006	127321511
chr9	127450827	127451085
chr9	127474140	127474595
chr9	127893963	127894503
chr9	128047041	128047556
chr9	128297049	128297456
chr9	130499634	130499880
chr9	130834788	130835296
chr9	130858891	130859312
chr9	131545710	131546189
chr9	131902010	131902594
chr9	132082924	132083327
chr9	132258903	132259377
chr9	132625280	132625848
chr9	132641329	132641873
chr9	132672820	132673303
chr9	132696243	132696646
chr9	132875047	132875426
chr9	132947728	132948117
chr9	133465563	133466001
chr9	134173229	134173546
chr9	134553688	134554257
chr9	136367089	136367611
chr9	136935607	136935962
chr9	138843705	138844371
chr9	139098395	139098787
chr9	140413455	140413788
chr9	140430887	140431131
chrX	166214	166492
chrX	2035599	2035958
chrX	2382631	2382891
chrX	2619725	2620037
chrX	2794391	2794758
chrX	3556426	3556692
chrX	7062223	7062504
chrX	7895727	7896021
chrX	9430941	9431424
chrX	9449211	9449608
chrX	9483960	9484462
chrX	10143443	10143745
chrX	11287104	11287431
chrX	11359896	11360466
chrX	11371681	11372019
chrX	11385711	11386163
chrX	11393666	11394159
chrX	11430728	11431166
chrX	13000069	13000384
chrX	13119683	13120179
chrX	13752589	13753167
chrX	14952493	14952804
chrX	16789488	16790070
chrX	16802469	16802949
chrX	23799549	23799912
chrX	23997910	23998176
chrX	24413961	24414317
chrX	30639168	30639598
chrX	31241978	31242287
chrX	37543601	37544037
chrX	39714853	39715406
chrX	39719622	39720093
chrX	39872542	39873082
chrX	39942229	39942558
chrX	40013506	40013813
chrX	41308818	41309214
chrX	41493463	41493945
chrX	42003111	42003443
chrX	44755513	44755810
chrX	47535414	47535737
chrX	47655734	47656132
chrX	48489698	48490087
chrX	48794299	48794793
chrX	49031710	49031986
chrX	52952982	52953242
chrX	54566753	54567047
chrX	64821488	64821720
chrX	65138534	65138816
chrX	67791485	67791771
chrX	68114852	68115092
chrX	68322726	68323028
chrX	69655015	69655376
chrX	73163895	73164257
chrX	77388246	77388610
chrX	79767791	79768327
chrX	89729464	89729779
chrX	96564526	96564768
chrX	100738743	100739133
chrX	100874287	100874604
chrX	103588207	103588676
chrX	106449642	106450098
chrX	108297585	108297882
chrX	108915560	108915873
chrX	109083878	109084319
chrX	109574649	109575065
chrX	118082142	118082496
chrX	119271326	119271647
chrX	119619870	119620265
chrX	122918787	122919055
chrX	129273376	129273911
chrX	129816511	129816844
chrX	129890101	129890516
chrX	130979166	130979445
chrX	134996567	134996947
chrX	153163337	153163673
chrX	153629275	153630084
chrX	155106387	155106638
